OBJECTID,plot_id,Aspect_dem11,Aspect_dem21,Aspect_dem51,Aspect_dem101,Slope_dem_1m1,Slope_dem2m1,Slope_dem_5m1,Slope_dem_10m1,ZONAL_UNIT,SS1,DOMMSTRGM
1,111_ 1,336.621,340.613,340.901,336.918,22.5033,22.3208,21.495,19.5821,IDFdk3,8,MD-F
2,205_ 2,9.22509,7.09012,5.77691,3.99862,13.9345,11.1106,7.03095,6.76589,IDFdk3,1,MD-SD
3,111_ 3,350.738,352.975,9.70013,0.991685,5.49384,8.75177,11.4533,12.9777,IDFdk3,8,MD-F
4,91_ 4,191.431,200.193,190.578,186.434,12.781,13.4085,12.9162,13.0838,IDFdk3,1,MD-SD
5,43_ 5,144.449,148.508,159.73,168.035,21.3652,24.7847,26.2225,26.2907,IDFxm/IDFdk3,4,VD-MD
6,209_ 6,7.06684,0.633026,3.61572,2.26756,13.3268,12.0502,11.6574,11.0046,IDFdk3,1,MD-SD
7,70_ 7,78.0214,27.208,24.8195,30.0493,4.12813,5.79269,8.18119,8.14233,IDFxm,8,M-VM
8,5_ 8,215.773,211.088,211.986,218.87,18.6396,21.4482,19.0812,15.5146,IDFdk3,1,MD-SD
9,20_ 9,265.904,259.379,249.94,259.247,9.04792,11.9979,11.809,12.4245,IDFdk3,1,MD-SD
10,10_ 10,272.026,264.182,267.353,259.598,8.32888,8.39898,8.66602,8.54219,IDFdk3,1,MD-SD
11,57_ 11,289.349,279.774,280.176,275.692,29.9397,25.0652,22.8688,18.0477,IDFxm,1,MD
12,85_ 12,191.758,187.821,175.844,177.647,3.86373,3.24329,3.18372,2.91987,IDFdk3,1,MD-SD
13,172_ 13,242.433,245.489,273.739,291.118,4.87986,5.05365,4.30512,2.57662,IDFdk3,9,W
14,113_ 14,343.81,340.858,338.704,339.631,21.1045,23.4004,23.0571,21.9207,IDFdk3,1,MD-SD
15,131_ 15,125.182,131.418,142.913,173.403,22.3226,19.6004,11.3713,7.8797,IDFdk3,1,MD-SD
16,8_ 16,337.648,345.156,344.403,341.13,69.0761,72.3152,58.5867,43.2643,IDFdk3,8,MD-F
17,57_ 17,202.471,209.425,211.122,215.709,11.7289,11.6697,12.3285,12.3145,IDFxm,1,MD
18,5_ 18,174.165,182.485,188.075,197.609,28.1817,36.5047,35.6834,23.7935,IDFdk3,1,MD-SD
19,111_ 19,25.2122,22.1939,12.0497,7.65695,31.2019,21.4253,19.3316,19.6768,IDFdk3,8,MD-F
20,20_ 20,285.93,292.958,286.046,279.564,11.3275,12.8056,11.9094,11.7844,IDFdk3,1,MD-SD
21,175_ 21,158.606,130.4,43.0681,41.5068,2.8507,1.04943,1.7027,1.83635,IDFdk3,1,MD-SD
22,61_ 22,274.844,271.206,271.285,270.751,16.2729,14.7406,15.2263,12.6454,IDFxm,1,MD
23,61_ 23,238.184,242.811,244.391,251.561,2.90451,5.12525,5.832,7.28599,IDFxm,1,MD
24,57_ 24,293.585,272.071,299.127,285.17,13.0408,9.62772,8.43518,7.45481,IDFxm,1,MD
25,126_ 25,284.647,263.089,281.768,238.917,18.2064,14.824,9.65703,7.28604,IDFdk3,1,MD-SD
26,176_ 26,32.7441,35.1351,33.6399,32.3993,13.9318,11.4241,11.8493,11.2162,IDFdk3,1,MD-SD
27,174_ 27,6.54811,0.980231,2.44274,3.8206,20.3852,21.7187,22.3757,23.7094,IDFdk3,5,VD
28,193_ 28,16.4492,23.4954,13.5327,12.6763,12.3239,13.5776,14.5995,14.8699,IDFdk3,1,MD-SD
29,112_ 29,338.734,344.087,334.598,333.834,25.0084,25.2687,20.7967,20.9691,IDFdk3,1,MD-SD
30,94_ 30,161.742,142.294,106.742,100.407,4.05227,2.46868,2.71056,3.07038,IDFdk3,1,MD-SD
31,175_ 31,44.363,46.7075,34.415,34.2315,7.27911,5.21423,3.02026,2.43867,IDFdk3,1,MD-SD
32,89_ 32,160.175,167.477,169.358,175.538,18.8428,16.9862,14.5915,9.50322,IDFdk3,1,MD-SD
33,211_ 33,15.7961,24.1243,12.3395,9.82876,14.8404,11.1487,9.92268,11.4474,IDFdk3,8,MD-F
34,5_ 34,265.4,246.193,252.308,260.123,11.3785,12.634,12.1247,11.9489,IDFdk3,1,MD-SD
35,141_ 35,251.646,261.865,251.328,258.51,11.928,11.7072,11.5877,11.7196,IDFdk3,1,MD-SD
36,115_ 36,341.322,346.806,352.702,0.630282,33.7346,34.7968,33.6044,32.1744,IDFdk3,5,VD
37,17_ 37,261.545,264.743,259.615,258.533,11.3068,10.5045,12.1499,11.3438,IDFdk3,1,MD-SD
38,43_ 38,190.265,192.518,195.282,193.062,21.1763,21.5605,21.5914,20.6696,IDFxm/IDFdk3,4,VD-MD
39,67_ 39,263.323,281.573,258.305,282.311,5.99771,4.65667,2.25974,1.41085,IDFxm,1,MD
40,100_ 40,182.134,170.39,160.912,156.325,11.0627,10.7237,11.1705,11.8022,IDFxm/IDFdk3,1,MD
41,106_ 41,327.173,274.654,254.238,220.804,5.35222,9.30383,7.64351,7.92159,IDFdk3,8,MD-F
42,30_ 42,217.291,218.17,222.608,238.553,24.3706,19.7823,19.1125,14.0099,IDFxm,1,MD
43,214_ 43,358.619,353.926,15.3541,22.0685,7.97656,9.1897,8.08916,7.51171,IDFdk3,1,MD-SD
44,54_ 44,235.033,230.396,231.314,229.575,28.4831,28.1204,27.5898,26.3904,IDFxm,1,MD
45,175_ 45,283.127,287.906,359.864,21.1037,8.57991,3.39954,2.05597,2.07571,IDFdk3,1,MD-SD
46,122_ 46,250.155,256.056,254.501,246.871,37.4611,80.7714,79.0661,68.3305,IDFxm,2,ED-VD
47,76_ 47,214.451,190.443,165.952,163.078,4.00152,2.58222,2.5497,2.40676,IDFdk3,1,MD-SD
48,204_ 48,355.997,359.239,19.4854,19.788,10.3287,7.0353,7.28021,7.44233,IDFdk3,1,MD-SD
49,125_ 49,167.091,38.9995,244.933,296.734,2.2198,2.29132,1.26088,0.727401,IDFdk3,1,MD-SD
50,43_ 50,206.795,204.882,194.685,180.843,29.4039,29.4019,28.1203,28.2594,IDFxm/IDFdk3,4,VD-MD
51,173_ 51,330.034,357.288,9.40178,12.4663,12.2289,10.5866,9.80502,10.1792,IDFdk3,7,F-VM
52,94_ 52,100.894,88.5009,144.512,153.195,8.9053,8.10748,2.72778,2.64334,IDFdk3,1,MD-SD
53,216_ 53,13.6261,23.8514,4.24418,10.2883,2.73977,1.91695,2.6556,3.44901,IDFdk3,1,MD-SD
54,114_ 54,265.568,267.063,285.205,279.04,2.64616,2.77655,2.95263,3.59507,IDFdk3,,
55,57_ 55,262.433,268.306,269.076,272.079,17.1207,17.3668,16.9356,17.8236,IDFxm,1,MD
56,114_ 56,287.921,278.387,296.396,293.555,2.52902,3.12254,4.00096,3.49585,IDFdk3,,
57,119_ 57,270.429,332.182,355.828,14.2266,0.407421,2.10569,2.55866,2.91817,IDFdk3,,
58,41_ 58,139.485,137.003,164.858,168.44,29.2939,30.8949,21.2282,21.1496,IDFxm/IDFdk3,4,VD-MD
59,2_ 59,268.732,249.243,264.118,253.318,10.3106,12.3225,11.4336,12.2309,IDFdk3,1,MD-SD
60,46_ 60,247.594,245.972,255.437,247.387,2.96838,3.812,6.38178,4.37414,IDFxm,1,MD
61,76_ 61,177.955,128.22,150.656,163.177,0.128256,1.51249,2.62922,2.21301,IDFdk3,1,MD-SD
62,200_ 62,23.3209,20.7973,18.9828,19.5261,11.54,10.7287,11.495,11.1137,IDFdk3,1,MD-SD
63,155_ 63,349.001,352.099,359.111,15.9351,15.5669,15.6569,18.2252,10.9255,IDFdk3,8,MD-F
64,109_ 64,340.322,336.291,345.729,352.337,22.825,19.826,14.2532,13.8263,IDFdk3,8,MD-F
65,173_ 65,354.427,337.631,335.89,340.285,7.28311,5.52103,7.03641,6.6079,,,
66,185_ 66,8.35577,3.58526,11.273,13.0733,8.9304,7.78998,8.5425,9.34562,IDFdk3,1,MD-SD
67,170_ 67,24.3179,31.9614,27.3196,31.9636,47.1197,34.3501,32.6202,33.63,IDFdk3,5,VD
68,173_ 68,20.0115,12.7374,3.42859,2.26437,13.0133,14.2409,14.3442,14.102,IDFdk3,5,VD
69,211_ 69,37.4465,20.0714,4.6673,10.8733,8.33935,8.90453,8.43296,9.07171,IDFdk3,1,MD-SD
70,138_ 70,236.798,232.196,232.822,226.226,18.1374,18.533,17.7529,15.5571,IDFdk3,1,MD-SD
71,185_ 71,350.157,7.99586,19.4365,19.8798,20.2706,9.30217,9.83865,9.24687,IDFdk3,1,MD-SD
72,206_ 72,333.739,0.353885,358.968,353.941,9.14216,6.97912,6.99515,6.90895,IDFdk3,1,MD-SD
73,41_ 73,166.01,164.041,166.396,166.779,20.2856,21.2017,18.9549,19.644,IDFxm/IDFdk3,4,VD-MD
74,33_ 74,229.347,230.577,235.655,245.42,16.1553,15.0493,15.3961,14.9275,IDFxm,1,MD
75,31_ 75,211.794,212.169,210.94,209.83,8.34526,7.43131,7.44806,7.53709,IDFdk3,1,MD-SD
76,127_ 76,226.357,225.783,220.741,213.367,28.2486,25.8818,23.977,19.3955,IDFdk3,1,MD-SD
77,13_ 77,236.235,250.347,236.535,238.849,12.5822,10.6537,9.23093,9.13983,IDFdk3,1,MD-SD
78,5_ 78,272.03,265.938,249.637,247.867,14.7943,13.7044,14.9887,14.4282,IDFdk3,1,MD-SD
79,6_ 79,201.493,208.956,191.503,206.36,18.5786,16.9161,21.9916,16.985,IDFdk3,8,MD-F
80,81_ 80,204.147,204.652,196.578,196.49,8.04747,7.33675,8.51303,7.48524,IDFdk3,1,MD-SD
81,8_ 81,353.805,358.074,337.713,341.675,43.0677,55.8471,15.6447,25.3846,IDFdk3,8,MD-F
82,121_ 82,180.527,190.316,200.412,216.269,74.4698,88.3965,73.6868,64.4879,IDFxm,2,ED-VD
83,149_ 83,208.395,207.544,229.062,239.756,13.5357,11.6379,10.9548,11.2907,IDFdk3,1,MD-SD
84,237_ 84,7.30994,7.1892,33.1539,47.6997,10.1156,9.37623,4.71248,3.64229,IDFdk3,1,MD-SD
85,165_ 85,14.4466,7.60464,1.91641,359.774,23.719,15.8945,26.1952,19.3007,IDFdk3,10,M-VM
86,115_ 86,301.22,313.392,318.012,333.814,22.3453,20.0366,19.6588,18.9381,IDFdk3,1,MD-SD
87,134_ 87,122.947,121.668,122.08,140.703,35.3072,34.536,32.5425,15.2133,IDFdk3,1,MD-SD
88,100_ 88,262.68,256.019,212.309,191.394,26.7192,21.9072,15.3627,15.1454,IDFxm/IDFdk3,4,VD-MD
89,111_ 89,314.842,335.163,343.395,335.148,16.4542,12.0216,12.6585,14.7569,IDFdk3,8,MD-F
90,122_ 90,246.941,248.066,238.447,237.965,69.4636,70.784,70.747,70.9793,IDFxm,2,ED-VD
91,5_ 91,205.469,208.592,216.053,222.059,20.3998,17.9271,14.8227,12.5596,IDFdk3,1,MD-SD
92,138_ 92,231.53,229.412,247.444,291.4,15.9968,13.1499,12.4854,19.9304,IDFdk3,1,MD-SD
93,5_ 93,282.546,275.545,270.607,263.179,11.7201,12.5235,12.4648,11.9935,IDFdk3,1,MD-SD
94,126_ 94,221.704,227.373,222.265,224.601,19.1584,18.9677,16.3435,18.3246,IDFdk3,1,MD-SD
95,162_ 95,61.9265,50.6747,55.9201,58.4888,79.1435,94.4575,70.7383,64.7304,IDFdk3,1,MD-SD
96,220_ 96,349.877,4.20784,4.42624,356.321,4.26253,5.28731,5.35808,5.72347,IDFdk3,1,MD-SD
97,226_ 97,319.655,324.089,314.052,333.486,9.89216,8.72231,21.3342,7.95429,IDFdk3,1,MD-SD
98,114_ 98,278.589,285.061,299.043,297.433,4.87338,4.63303,4.07292,3.90541,IDFdk3,,
99,109_ 99,348.508,332.846,342.348,347.618,21.8585,17.7727,18.4558,16.1933,IDFdk3,1,MD-SD
100,41_ 100,175.267,172.234,176.117,174.118,19.3424,21.6451,22.5619,20.9706,IDFxm/IDFdk3,4,VD-MD
101,115_ 101,340.682,340.45,333.109,331.879,25.9644,24.2771,22.8765,23.4805,IDFdk3,1,MD-SD
102,149_ 102,251.384,256.108,250.501,236.599,12.5404,11.5767,11.9176,11.2181,IDFdk3,1,MD-SD
103,46_ 103,257.094,260.266,265.507,287.942,18.7154,14.8798,11.275,8.3466,IDFxm,1,MD
104,155_ 104,20.4922,18.7174,20.6124,5.81094,25.4044,25.1039,24.1674,28.2189,IDFdk3,5,VD
105,139_ 105,217.721,233.918,223.988,223.691,10.8326,12.1803,12.1566,12.1717,IDFdk3,1,MD-SD
106,205_ 106,349.826,1.16361,19.852,15.022,8.91939,8.54707,7.09848,6.49231,IDFdk3,1,MD-SD
107,105_ 107,178.272,162.114,131.202,125.069,6.12308,3.2765,3.83744,4.03984,IDFdk3,8,MD-F
108,155_ 108,348.456,349.178,355.266,354.821,19.0623,18.637,17.5853,16.9519,IDFdk3,8,MD-F
109,13_ 109,253.292,233.773,259.39,246.983,9.54048,11.0778,10.6616,10.0354,IDFdk3,1,MD-SD
110,105_ 110,242.83,223.183,247.212,243.042,7.85786,9.59731,6.21393,5.68591,IDFdk3,8,MD-F
111,206_ 111,333.508,330.346,359.305,357.976,11.5294,8.42326,10.2344,10.5153,IDFdk3,1,MD-SD
112,144_ 112,204.131,216.935,240.93,256.076,9.60141,7.90223,7.47485,10.3366,IDFdk3,1,MD-SD
113,180_ 113,31.643,5.16169,10.2965,6.06721,3.95121,5.44008,7.49869,7.78784,IDFdk3,1,MD-SD
114,90_ 114,50.8212,58.3282,116.882,127.332,4.1701,2.60463,1.55302,1.75378,IDFdk3,1,MD-SD
115,160_ 115,289.083,305.087,300.246,313.481,11.0544,6.95031,6.4238,6.86546,IDFdk3,1,MD-SD
116,115_ 116,351.587,353.539,350.858,355.984,43.5156,42.7797,43.9736,41.0496,IDFdk3,5,VD
117,185_ 117,48.5926,22.8434,25.7042,17.283,16.5817,15.1256,13.9984,13.3329,IDFdk3,1,MD-SD
118,103_ 118,241.825,238.257,244.538,255.334,44.1618,35.6144,31.0926,33.7023,IDFxm/IDFdk3,1,MD
119,55_ 119,220.088,219.313,218.263,215.934,28.7661,30.0876,31.1623,29.1129,IDFxm,1,MD
120,138_ 120,214.893,212.448,213.799,219.301,12.9982,14.3633,13.7997,13.3136,IDFdk3,1,MD-SD
121,188_ 121,40.1844,25.1511,67.603,66.9111,3.75292,5.46883,4.1761,3.77639,IDFdk3,1,MD-SD
122,167_ 122,36.0719,38.106,30.7756,27.7447,41.6235,42.0049,38.5161,37.8223,IDFdk3,5,VD
123,76_ 123,75.5482,117.672,166.32,173.641,3.90389,1.73889,2.20394,2.22415,IDFdk3,1,MD-SD
124,216_ 124,323.579,332.216,333.799,346.26,3.56594,4.03369,3.4407,2.94876,IDFdk3,1,MD-SD
125,176_ 125,34.857,36.5558,33.4958,31.1925,14.5879,12.7774,11.9593,12.5794,IDFdk3,1,MD-SD
126,95_ 126,156.934,190.718,181.351,177.504,3.47201,5.43541,4.4707,4.52433,IDFdk3,1,MD-SD
127,8_ 127,242.443,247.93,257.824,273.259,13.5445,12.782,13.3114,13.9289,IDFdk3,1,MD-SD
128,216_ 128,92.8018,14.6003,5.88677,1.94171,3.02791,3.57144,3.68367,3.94498,IDFdk3,1,MD-SD
129,202_ 129,351.996,346.412,347.573,346.891,12.0274,10.4016,6.10292,5.93312,IDFdk3,1,MD-SD
130,31_ 130,245.689,237.497,234.416,236.874,4.5626,5.94621,7.35509,7.27265,IDFdk3,1,MD-SD
131,202_ 131,35.9377,28.4011,0.402739,351.323,12.5769,11.0325,7.18539,6.86353,IDFdk3,1,MD-SD
132,115_ 132,350.578,353.121,348.214,344.863,24.4386,22.9573,24.4262,23.7086,IDFdk3,5,VD
133,11_ 133,150.283,152.217,145.204,139.929,6.70101,6.99322,5.5874,5.29678,IDFxm,1,MD
134,57_ 134,212.016,206.617,201.366,200.219,13.6859,12.4772,12.0957,11.816,IDFxm,1,MD
135,123_ 135,224.147,212.016,223.773,166.975,7.24709,8.52377,13.497,5.26203,IDFdk3,1,MD-SD
136,76_ 136,159.996,114.686,37.5954,80.346,3.8071,0.926165,0.855629,0.712451,IDFdk3,1,MD-SD
137,34_ 137,193.318,204.404,215.101,231.211,24.3337,19.0778,19.0361,16.7157,IDFxm,1,MD
138,206_ 138,12.7067,9.71309,4.58595,0.702935,12.9272,11.7212,10.0555,9.52724,IDFdk3,1,MD-SD
139,31_ 139,174.662,172.171,169.92,175.675,4.95312,6.02693,6.6302,6.86411,IDFdk3,1,MD-SD
140,129_ 140,291.158,295.945,262.503,264.069,32.2957,28.682,68.3073,53.8762,IDFxm,2,ED-VD
141,211_ 141,11.4077,7.69347,4.15602,10.9265,8.06957,8.16947,9.40507,9.15733,IDFdk3,1,MD-SD
142,185_ 142,357.998,6.18406,357.29,358.988,13.2107,12.7696,13.7596,15.0719,IDFdk3,1,MD-SD
143,155_ 143,312.876,316.833,329.588,330.525,12.7513,12.5466,11.9812,12.2821,IDFdk3,8,MD-F
144,112_ 144,1.09721,3.53745,4.37124,356.901,20.758,23.5988,22.2199,23.5797,IDFdk3,1,MD-SD
145,150_ 145,210.871,212.867,234.562,245.74,9.16687,10.5748,12.0152,12.7339,IDFdk3,1,MD-SD
146,188_ 146,96.2843,71.1438,67.6817,70.1421,6.04984,5.28307,4.57984,4.14274,IDFdk3,1,MD-SD
147,17_ 147,272.649,271.732,262.484,259.111,15.8991,12.3966,12.2565,11.2577,IDFdk3,1,MD-SD
148,70_ 148,221.502,331.671,4.51128,27.9414,2.45813,1.80715,2.12037,2.2061,IDFxm,8,M-VM
149,151_ 149,179.376,179.925,185.636,212.09,54.458,50.9888,42.1111,20.1741,IDFdk3,8,MD-F
150,231_ 150,357.988,2.68548,14.6779,15.5809,11.1038,11.2031,9.37264,8.2265,IDFdk3,1,MD-SD
151,68_ 151,173.984,203.41,238.749,260.093,3.12312,3.27978,4.53712,4.74932,IDFxm,1,MD
152,115_ 152,8.04516,9.9613,11.4951,11.9951,39.8823,39.2754,39.4002,38.4428,IDFdk3,5,VD
153,178_ 153,128.176,115.43,110.682,91.874,51.1849,55.8355,40.0932,25.9947,IDFdk3,1,MD-SD
154,2_ 154,254.674,255.776,259.072,257.833,11.2981,11.7242,11.535,11.5705,IDFdk3,1,MD-SD
155,20_ 155,293.562,285.241,289.664,277.295,16.1656,14.8839,13.5347,13.0417,IDFdk3,1,MD-SD
156,143_ 156,235.267,239.174,236.514,236.942,11.1932,11.401,11.3014,11.3089,IDFdk3,1,MD-SD
157,216_ 157,26.4311,30.9865,20.5757,22.0324,6.27497,4.94364,5.41501,5.21078,IDFdk3,1,MD-SD
158,132_ 158,193.496,207.037,194.308,178.652,8.72558,9.23105,7.80404,10.65,IDFdk3,1,MD-SD
159,217_ 159,13.7228,6.98508,16.5284,20.004,8.11746,10.3452,9.25639,7.56348,IDFdk3,1,MD-SD
160,57_ 160,236.381,232.351,245.771,253.377,7.68219,7.76653,6.17021,6.73908,IDFxm,1,MD
161,176_ 161,23.2729,28.2318,32.9191,37.6345,8.50199,8.67468,7.91025,7.51742,IDFdk3,1,MD-SD
162,175_ 162,239.348,284.662,221.15,224.078,5.42928,2.22903,0.568816,0.837813,IDFdk3,1,MD-SD
163,5_ 163,256.532,265.985,279.396,265.589,10.0371,9.44701,11.2952,11.1145,IDFdk3,1,MD-SD
164,20_ 164,263.702,267.238,280,285.086,12.2466,12.9915,11.5099,11.5859,IDFdk3,1,MD-SD
165,192_ 165,54.3818,43.79,26.8632,359.551,4.28905,3.24461,2.17673,2.3925,IDFdk3,1,MD-SD
166,232_ 166,19.9267,8.2575,25.177,25.9479,0.463381,5.58039,6.0312,6.97266,IDFdk3,1,MD-SD
167,33_ 167,249.678,242.595,244.284,241.155,17.9548,15.9639,13.9927,13.522,IDFxm,1,MD
168,202_ 168,342.681,349.399,9.27343,17.064,7.46029,7.87326,8.08077,7.87745,IDFdk3,1,MD-SD
169,217_ 169,48.8258,8.31028,13.6444,12.101,7.72963,6.75928,6.29898,6.02351,IDFdk3,1,MD-SD
170,30_ 170,229.43,229.874,232.504,247.776,30.072,28.053,27.3502,22.3109,IDFxm,1,MD
171,199_ 171,342.152,3.26681,359.254,359.895,8.0528,7.95933,9.40113,9.07549,IDFdk3,1,MD-SD
172,76_ 172,353.227,118.694,120.431,145.726,0.601581,1.02413,1.23186,1.08354,IDFdk3,1,MD-SD
173,42_ 173,202.884,206.27,197.8,193.006,35.6033,36.4089,28.6915,23.6189,IDFxm/IDFdk3,4,VD-MD
174,137_ 174,273.992,267.054,264.771,257.481,15.3976,13.8519,11.5138,11.6988,IDFdk3,1,MD-SD
175,122_ 175,218.854,218.969,220.52,223.44,65.5557,65.8535,64.0438,62.0858,IDFxm,2,ED-VD
176,85_ 176,204.605,189.744,152.591,142.23,2.91348,1.64304,2.12275,2.52738,IDFdk3,1,MD-SD
177,196_ 177,341.892,352.608,355.201,357.317,12.0252,11.3119,10.8523,11.0603,IDFdk3,1,MD-SD
178,185_ 178,9.50094,21.5903,11.4779,6.63036,21.5851,23.0903,20.7278,19.3147,IDFdk3,1,MD-SD
179,114_ 179,286.346,294.151,295.583,292.675,5.36201,4.60035,4.21802,4.36578,IDFdk3,,
180,111_ 180,296.524,299.904,308.742,315.887,18.222,19.7204,17.0994,17.5256,IDFdk3,1,MD-SD
181,155_ 181,338.872,341.902,337.609,341.164,51.6699,39.8503,37.3496,35.4899,IDFdk3,8,MD-F
182,49_ 182,179.586,174.52,180.503,178.034,9.93526,10.0852,8.0098,7.77183,IDFxm,1,MD
183,100_ 183,123.328,124.38,151.895,163.84,16.373,18.2953,16.6873,16.6251,IDFxm/IDFdk3,4,VD-MD
184,202_ 184,355.428,354.013,357.057,4.11272,6.71846,7.23474,9.48349,9.58477,IDFdk3,1,MD-SD
185,216_ 185,272.677,29.3419,13.5583,357.903,2.35242,1.58109,4.13893,3.53867,IDFdk3,1,MD-SD
186,5_ 186,293.437,285.449,264.676,242.852,12.2245,12.274,11.8711,11.6003,IDFdk3,1,MD-SD
187,148_ 187,247.467,244.954,261.779,309.674,15.955,11.3788,8.50338,5.75531,IDFdk3,8,MD-F
188,225_ 188,44.5163,22.0019,16.3227,14.3701,7.66844,7.44942,7.3865,7.82477,IDFdk3,1,MD-SD
189,20_ 189,317.392,304.807,289.426,285.439,13.3141,12.1724,11.6818,12.1284,IDFdk3,1,MD-SD
190,185_ 190,9.29023,11.6249,15.2229,12.2581,10.1892,10.5617,10.3219,9.57499,IDFdk3,1,MD-SD
191,4_ 191,286.29,288.917,275.133,259.249,13.5617,12.6959,10.9777,10.8101,IDFdk3,1,MD-SD
192,112_ 192,323.669,321.467,327.251,331.23,45.1196,22.4634,27.6671,21.934,IDFdk3,1,MD-SD
193,127_ 193,218.644,219.254,220.132,220.898,22.3391,24.1248,25.6462,25.9408,IDFdk3,1,MD-SD
194,202_ 194,29.0302,16.1045,8.32721,10.9642,10.4315,10.4901,12.169,11.6686,IDFdk3,1,MD-SD
195,177_ 195,31.7522,26.2577,71.5405,71.5656,5.80056,4.35698,4.95882,4.71852,IDFdk3,1,MD-SD
196,105_ 196,190.731,235.579,232.713,221.935,2.28219,2.22157,1.71074,1.55798,IDFdk3,8,MD-F
197,160_ 197,253.715,255.047,274.94,279.658,23.8719,22.3902,17.2197,14.9243,IDFdk3,1,MD-SD
198,67_ 198,275.034,295.368,281.473,283.817,8.84225,8.00281,6.8766,6.39695,IDFxm,1,MD
199,100_ 199,134.062,145.069,144.829,146.826,12.1906,12.1084,11.8634,12.6305,IDFxm/IDFdk3,1,MD
200,175_ 200,34.9551,336.055,312.785,331.604,1.74444,2.94471,4.36074,4.24591,IDFdk3,1,MD-SD
201,174_ 201,38.61,38.0893,17.5853,11.2533,23.9941,32.2644,25.0479,27.3629,IDFdk3,5,VD
202,118_ 202,85.283,78.4509,111.319,86.7649,10.0476,10.8606,8.02472,9.73529,IDFdk3,5,VD
203,17_ 203,297.094,284.181,259.023,252.246,21.7966,26.507,23.8757,23.0788,IDFdk3,1,MD-SD
204,7_ 204,265.467,264.232,261.402,259.336,13.2165,12.9934,12.4058,12.9634,IDFdk3,1,MD-SD
205,90_ 205,165.732,137.065,158.432,147.603,2.4703,3.08351,1.94053,1.93049,IDFdk3,1,MD-SD
206,85_ 206,112.627,112.561,134.418,153.593,6.22482,5.0359,4.01696,4.41371,IDFdk3,1,MD-SD
207,122_ 207,240.278,241.655,236.098,225.142,67.0545,70.6434,69.736,66.9126,IDFxm,2,ED-VD
208,238_ 208,221.677,199.975,87.6548,58.9953,1.17264,0.906751,1.57358,1.50082,IDFdk3,1,MD-SD
209,236_ 209,3.60069,4.36583,4.76147,7.63666,7.27679,5.50724,6.01104,6.22911,IDFdk3,1,MD-SD
210,175_ 210,131.662,267.092,347.707,23.388,2.57553,2.09009,0.554711,1.55142,IDFdk3,1,MD-SD
211,205_ 211,1.42497,4.55456,356.806,0.521961,8.28351,11.7455,9.79457,10.4603,IDFdk3,1,MD-SD
212,225_ 212,333.001,347.359,13.9438,13.8891,5.80631,6.49517,7.84186,8.39973,IDFdk3,1,MD-SD
213,65_ 213,258.349,279.043,251.957,262.204,6.5435,6.40282,5.06152,4.88971,IDFxm,1,MD
214,135_ 214,233.526,240.035,230.052,213.927,10.3559,10.5146,8.96863,9.36668,IDFdk3,1,MD-SD
215,193_ 215,351.032,0.673827,9.84794,10.1502,17.4728,14.7589,16.329,15.0056,IDFdk3,1,MD-SD
216,173_ 216,11.3906,9.52918,8.48084,11.8968,17.8628,14.6182,9.07383,8.58092,,,
217,119_ 217,101.224,115.195,130.513,121.084,1.40318,1.70528,1.58878,1.30867,IDFdk3,,
218,119_ 218,151.469,115.149,136.983,190.73,0.924847,0.718098,1.0226,1.96366,IDFdk3,1,MD-SD
219,5_ 219,232.768,236.954,250.609,262.724,14.4961,14.6192,12.4644,12.0204,IDFdk3,1,MD-SD
220,49_ 220,246.211,250.499,273.704,255.011,6.05072,5.72953,7.72457,6.04428,IDFxm,1,MD
221,5_ 221,226.517,217.735,217.661,223.634,22.6607,23.1787,19.8028,17.389,IDFdk3,1,MD-SD
222,220_ 222,49.4983,353.463,353.278,357.326,5.99807,6.57081,8.07353,8.70073,IDFdk3,1,MD-SD
223,9_ 223,291.685,283.389,275.469,262.536,12.5021,12.1556,11.2526,12.0216,IDFdk3,1,MD-SD
224,95_ 224,159.781,157.215,146.734,157.573,6.01325,4.72015,3.67667,3.62939,IDFdk3,1,MD-SD
225,65_ 225,190.285,179.552,194.729,190.061,3.76456,2.63375,3.41435,3.87435,IDFxm,1,MD
226,177_ 226,167.959,69.7033,53.7646,60.9443,2.65157,4.32957,4.70177,4.74313,IDFdk3,1,MD-SD
227,175_ 227,10.2207,12.0219,16.5717,17.6346,2.92809,4.5274,3.43411,2.95711,IDFdk3,1,MD-SD
228,176_ 228,35.912,37.8672,29.591,33.0107,14.9052,11.3397,11.7728,11.9479,IDFdk3,1,MD-SD
229,162_ 229,68.2294,62.3137,59.9437,53.8268,57.7185,55.3341,47.0263,42.5374,IDFdk3,1,MD-SD
230,48_ 230,197.649,200.753,202.556,204.587,23.865,23.8196,23.052,19.5914,IDFxm/IDFdk3,1,MD
231,115_ 231,336.307,340.135,342.956,344.694,36.7077,35.3111,35.6489,36.7412,IDFdk3,5,VD
232,52_ 232,188.443,186.439,189.364,184.388,9.87263,11.243,12.2173,12.5257,IDFxm,1,MD
233,75_ 233,100.126,128.601,139.977,117.599,3.4457,3.69798,2.09915,2.17989,IDFdk3,1,MD-SD
234,65_ 234,8.87055,22.7353,264.774,240.701,0.534345,0.582359,1.28816,2.39421,IDFxm,1,MD
235,20_ 235,283.807,281.464,287.263,285.439,13.3056,12.1017,12.9984,12.1284,IDFdk3,1,MD-SD
236,98_ 236,162.992,160.312,156.27,162.756,34.3491,38.5427,38.0222,38.7453,IDFxm/IDFdk3,4,VD-MD
237,205_ 237,43.2704,11.4404,7.39486,4.40002,5.82688,8.53911,9.21883,9.71881,IDFdk3,1,MD-SD
238,2_ 238,299.026,293.543,256.316,250.66,18.776,16.1486,11.8918,11.3134,IDFdk3,1,MD-SD
239,20_ 239,291.161,284.757,276.354,273.908,12.9072,11.524,11.2679,11.6365,IDFdk3,1,MD-SD
240,220_ 240,306.629,327.489,354.98,353.717,12.8579,8.08552,8.06039,7.68018,IDFdk3,1,MD-SD
241,49_ 241,189.432,176.326,176.964,172.872,12.0534,9.8167,7.44331,7.27462,IDFxm,1,MD
242,170_ 242,18.1554,25.5865,28.4319,29.7065,30.0651,32.0961,30.4692,30.7541,IDFdk3,5,VD
243,218_ 243,58.5277,28.9801,33.2078,23.2453,5.18918,4.84606,5.40529,5.37656,IDFdk3,1,MD-SD
244,124_ 244,23.9202,34.9833,24.0289,26.7273,33.2506,26.1249,29.8957,38.1297,IDFdk3,5,VD
245,203_ 245,349.549,2.20629,8.30851,13.8602,8.15996,6.36153,11.1434,10.2163,IDFdk3,1,MD-SD
246,216_ 246,0.51701,4.4748,11.8095,8.46669,4.65031,3.96526,3.50045,3.72105,IDFdk3,1,MD-SD
247,52_ 247,181.885,183.503,182.808,180.402,18.3044,16.8551,16.9426,15.3716,IDFxm,1,MD
248,196_ 248,15.668,9.0426,5.202,3.61937,13.0941,12.7303,17.7651,18.665,IDFdk3,8,MD-F
249,149_ 249,204.905,207.048,228.314,238.749,12.392,13.2092,11.3647,11.3045,IDFdk3,1,MD-SD
250,189_ 250,32.1422,31.7415,34.04,23.0679,14.3905,15.6826,16.8741,16.5867,IDFdk3,1,MD-SD
251,115_ 251,334.824,337.138,344.095,346.63,21.2239,19.7259,20.9586,22.4638,IDFdk3,5,VD
252,76_ 252,200.959,157.473,141.172,144.651,4.44934,3.14733,1.75811,1.35405,IDFdk3,1,MD-SD
253,58_ 253,236.5,232.433,229.048,233.794,12.6094,12.752,12.4404,11.5485,IDFxm,1,MD
254,108_ 254,343.313,339.6,347.793,343.323,16.4019,19.1736,19.4738,19.0654,IDFdk3,8,MD-F
255,147_ 255,285.104,275.137,235.319,209.235,29.6569,23.9751,15.758,15.8616,IDFdk3,8,MD-F
256,38_ 256,266.904,261.674,269.388,259.342,26.1047,25.2343,23.3342,20.037,IDFxm,1,MD
257,202_ 257,354.555,4.39449,15.0644,14.2012,11.6094,9.54879,10.4396,10.6759,IDFdk3,1,MD-SD
258,76_ 258,32.7804,105.794,112.487,120.569,1.2795,0.811505,1.81081,1.91661,IDFdk3,1,MD-SD
259,118_ 259,79.9816,51.9743,56.223,60.3383,23.8051,23.3787,17.6212,19.0312,IDFdk3,5,VD
260,134_ 260,177.902,175.46,174.059,172.795,11.2754,11.3312,10.8274,12.7843,IDFdk3,1,MD-SD
261,5_ 261,170.776,171.508,173.435,181.043,39.8649,36.0941,32.2063,23.5359,IDFdk3,8,MD-F
262,176_ 262,64.9421,62.0038,40.2012,40.0805,14.283,11.6185,12.1056,11.418,IDFdk3,1,MD-SD
263,173_ 263,4.93574,7.67189,15.0188,12.4663,11.7493,12.1156,10.7992,10.1792,IDFdk3,7,F-VM
264,180_ 264,17.0363,20.809,13.5307,12.2453,8.6586,8.47439,7.25615,8.47623,IDFdk3,1,MD-SD
265,226_ 265,305.729,311.821,313.338,326.174,20.9355,21.714,18.3207,9.48597,IDFdk3,1,MD-SD
266,88_ 266,116.726,103.198,134.821,123.076,7.06417,6.4658,5.32404,5.95609,IDFdk3,1,MD-SD
267,105_ 267,312.478,304.516,322.571,330.789,19.9142,19.1107,13.9974,8.28624,IDFdk3,8,MD-F
268,172_ 268,195.224,210.429,245.878,248.793,5.14263,6.20171,3.75235,3.68588,IDFdk3,,
269,76_ 269,332.875,273.374,168.808,170.026,2.26736,0.719554,1.33567,1.58229,IDFdk3,1,MD-SD
270,115_ 270,338.812,339.103,347.096,340.947,33.6588,33.0439,35.3115,30.5855,IDFdk3,5,VD
271,37_ 271,240.476,237.307,237.98,252.397,4.22966,5.60119,6.36759,6.56921,IDFxm,1,MD
272,111_ 272,25.7037,18.9549,18.2678,18.4208,29.4838,24.8301,20.6038,21.8695,IDFdk3,8,MD-F
273,39_ 273,265.019,265.918,266.826,267.011,20.0525,20.0636,20.1064,18.582,IDFxm,1,MD
274,220_ 274,0.849169,8.44522,358.852,351.107,6.38345,4.82604,4.37908,4.75419,IDFdk3,1,MD-SD
275,133_ 275,169.593,168.458,165.018,169.592,35.4984,31.9125,34.0202,21.8128,IDFdk3,1,MD-SD
276,230_ 276,355.579,23.6491,15.6879,12.4887,7.15554,8.07857,7.74233,8.19719,IDFdk3,1,MD-SD
277,185_ 277,340.854,354.901,15.7689,13.621,12.9177,10.1242,9.67043,9.86611,IDFdk3,1,MD-SD
278,112_ 278,6.61,349.867,345.721,339.967,12.9177,12.2784,13.6262,15.9123,IDFdk3,1,MD-SD
279,126_ 279,214.32,213.004,215.931,208.186,19.0038,18.1903,21.4127,18.0205,IDFdk3,1,MD-SD
280,17_ 280,272.05,272.069,286.008,300.413,12.624,14.9168,15.6423,15.8954,IDFdk3,1,MD-SD
281,2_ 281,249.58,250.931,263.631,258.145,10.085,10.5889,11.0506,11.7308,IDFdk3,1,MD-SD
282,73_ 282,296.975,301.891,290.049,292.821,8.28857,5.94184,9.83719,10.9828,IDFdk3,1,MD-SD
283,211_ 283,31.3217,26.8339,25.7592,17.9855,14.6191,7.99774,9.0203,8.55109,IDFdk3,1,MD-SD
284,189_ 284,21.3896,15.6973,25.4204,24.1897,16.6161,17.4623,14.1729,15.8794,IDFdk3,1,MD-SD
285,174_ 285,345.594,349.86,357.631,356.847,25.183,27.2812,24.0645,23.5185,IDFdk3,5,VD
286,196_ 286,356.464,7.37226,1.58161,2.85067,22.6483,18.9255,17.0164,17.6725,IDFdk3,8,MD-F
287,71_ 287,306.905,299.715,295.793,307.405,9.55445,8.27988,7.55369,6.27699,,,
288,202_ 288,335.421,343.875,349.699,349.315,5.85675,7.55863,6.63341,6.0335,IDFdk3,1,MD-SD
289,149_ 289,230.041,240.469,248.078,246.017,12.3273,12.243,11.3137,11.6203,IDFdk3,1,MD-SD
290,115_ 290,341.134,350.111,347.743,346.63,18.4576,20.9139,22.2652,22.4638,IDFdk3,5,VD
291,174_ 291,12.5872,8.26814,7.58707,6.69932,23.2916,24.3621,23.9712,25.5397,IDFdk3,5,VD
292,2_ 292,265.432,261.089,256.54,257.4,12.0898,12.016,12.5767,12.5418,IDFdk3,1,MD-SD
293,63_ 293,210.984,203.438,209.583,211.195,8.32607,8.54914,9.89199,10.0555,IDFxm,8,M-VM
294,118_ 294,24.1097,29.8934,36.9956,47.6149,19.2021,17.5186,26.2176,30.621,IDFdk3,5,VD
295,163_ 295,313.557,317.953,302.817,293.75,7.23888,6.89994,6.61255,7.3047,IDFdk3,1,MD-SD
296,173_ 296,346.631,352.83,8.93938,18.6525,8.72726,10.5869,11.3732,11.5762,IDFdk3,7,F-VM
297,185_ 297,359.124,8.51862,17.2748,12.185,7.88056,9.61073,9.15615,9.10785,IDFdk3,1,MD-SD
298,83_ 298,161.537,168.498,148.09,150.974,5.01585,3.92363,3.74639,4.09715,IDFdk3,1,MD-SD
299,155_ 299,54.9735,40.5514,35.7083,23.4431,12.5842,9.69561,12.9253,15.2888,IDFdk3,8,MD-F
300,114_ 300,218.465,219.557,211.843,276.191,10.4659,9.49828,9.66395,8.35509,IDFdk3,,
301,169_ 301,31.2041,25.8703,26.4617,25.4073,27.7586,25.3666,28.3014,29.5616,IDFdk3,8,MD-F
302,123_ 302,171.946,180.122,166.188,153.87,20.9094,18.1515,17.5964,19.09,IDFdk3,1,MD-SD
303,118_ 303,6.59181,1.69256,14.7304,16.8312,26.7439,29.5241,20.5762,21.5302,IDFdk3,5,VD
304,21_ 304,251.371,272.784,274.893,269.909,9.38855,9.96774,10.7256,10.4172,IDFdk3,1,MD-SD
305,70_ 305,39.8691,46.2143,24.3876,26.7381,10.3152,8.62984,7.31515,4.74334,IDFxm,8,M-VM
306,184_ 306,39.9612,45.9326,29.129,31.5075,9.85229,9.28082,9.26697,10.0655,IDFdk3,1,MD-SD
307,202_ 307,320.458,359.106,13.3984,8.38618,8.75662,7.97292,10.1824,10.3708,IDFdk3,1,MD-SD
308,28_ 308,236.103,231.218,237.112,234.946,16.0126,14.8334,13.1644,12.8883,IDFxm,1,MD
309,169_ 309,328.674,342.487,8.8771,16.9159,41.1237,30.6089,26.9865,26.661,IDFdk3,8,MD-F
310,194_ 310,328.297,35.9628,21.1466,30.9497,1.98898,2.73731,2.68034,2.13327,IDFdk3,1,MD-SD
311,180_ 311,22.2933,18.9308,20.4513,22.4862,7.93816,8.50241,8.49993,8.22604,IDFdk3,1,MD-SD
312,20_ 312,269.26,265.924,263.362,265.34,13,12.2579,11.9467,11.508,IDFdk3,1,MD-SD
313,196_ 313,346.159,353.208,351.511,358.761,12.7182,15.1127,16.8958,15.5301,IDFdk3,8,MD-F
314,111_ 314,18.1745,5.50172,6.76449,8.28518,10.7233,12.5571,17.4573,18.3608,IDFdk3,8,MD-F
315,115_ 315,0.152755,0.266546,356.193,353.758,28.6164,28.9459,27.7419,25.3692,IDFdk3,5,VD
316,239_ 316,312.226,327.09,1.84986,13.1823,7.84676,4.19083,5.26581,5.17113,IDFdk3,1,MD-SD
317,2_ 317,226.748,261.776,244.192,247.385,14.8221,13.065,12.8695,12.0628,IDFdk3,1,MD-SD
318,230_ 318,40.3591,30.9243,11.9398,14.2515,13.5487,10.073,8.13966,8.42684,IDFdk3,1,MD-SD
319,206_ 319,311.692,356.771,343.016,348.861,3.83346,3.48072,5.36045,6.04062,IDFdk3,1,MD-SD
320,178_ 320,71.3268,27.1086,354.355,48.342,35.6247,15.2863,11.6038,11.1254,IDFdk3,1,MD-SD
321,103_ 321,169.277,164.251,169.591,179.574,44.4825,52.1009,51.3798,40.5968,IDFxm/IDFdk3,4,VD-MD
322,216_ 322,101.15,50.6443,65.827,35.3338,3.32198,2.22698,4.19205,3.81761,IDFdk3,1,MD-SD
323,210_ 323,39.7756,36.5247,33.5259,29.6966,2.98602,8.53607,8.07842,6.61487,IDFdk3,,
324,20_ 324,258.662,264.729,264.971,256.132,12.6936,11.5237,10.3442,10.6701,IDFdk3,1,MD-SD
325,51_ 325,165.017,165.001,166.447,168.211,17.5412,17.8692,17.2983,17.4269,IDFxm,1,MD
326,172_ 326,299.132,286.135,271.112,251.376,9.88894,7.35213,7.35887,4.69172,IDFdk3,,
327,76_ 327,89.4537,119.974,120.431,145.726,1.36038,0.568074,1.23186,1.08354,IDFdk3,1,MD-SD
328,174_ 328,357.658,4.82501,6.23345,2.9566,33.5905,34.1638,35.165,35.7481,IDFdk3,5,VD
329,200_ 329,27.8396,34.6481,22.9447,20.3857,5.04653,6.28364,8.39259,8.7802,IDFdk3,1,MD-SD
330,2_ 330,241.103,244.741,251.354,253.089,10.7911,10.9836,10.9891,11.3912,IDFdk3,1,MD-SD
331,14_ 331,167.89,180.223,221.398,225.149,7.22638,5.58896,5.4139,4.01687,IDFxm,1,MD
332,170_ 332,20.003,22.5905,15.7849,21.1336,32.057,35.8806,35.1455,33.5604,IDFdk3,5,VD
333,5_ 333,245.458,255.209,252.331,255.066,16.5335,13.4709,12.9211,11.2439,IDFdk3,8,MD-F
334,134_ 334,192.001,190.106,189.907,178.231,32.7298,34.8067,32.8253,31.887,IDFdk3,1,MD-SD
335,65_ 335,215.153,226.897,208.006,218.774,7.7664,6.37151,6.59783,6.53072,IDFxm,1,MD
336,19_ 336,246.795,265.461,271.777,271.779,14.129,13.2607,12.8104,12.3067,IDFdk3,1,MD-SD
337,114_ 337,236.703,242.783,228.026,237.62,1.57456,1.33365,1.69655,1.78422,IDFdk3,,
338,151_ 338,167.022,174.002,168.036,170.733,9.76715,9.57851,13.172,18.1891,IDFdk3,8,MD-F
339,76_ 339,218.157,317.42,16.8555,342.194,2.11907,1.54591,0.353632,0.50147,IDFdk3,1,MD-SD
340,235_ 340,64.608,62.0455,356.452,24.8445,15.5165,5.95188,2.76883,2.23984,IDFdk3,1,MD-SD
341,175_ 341,323.312,338.149,311.007,304.178,5.53821,4.76593,5.44816,5.5562,IDFdk3,1,MD-SD
342,136_ 342,218.143,217.969,205.085,216.531,12.1008,12.9309,14.0513,14.1566,IDFdk3,1,MD-SD
343,133_ 343,214.511,217.732,216.567,228.986,13.1335,11.4921,11.8379,11.3876,IDFdk3,1,MD-SD
344,216_ 344,15.162,19.0665,25.2877,25.8624,3.87086,4.46556,4.8763,5.03313,IDFdk3,1,MD-SD
345,100_ 345,173.019,174.491,167.203,162.325,12.3974,15.2338,16.1247,15.8156,IDFxm/IDFdk3,4,VD-MD
346,148_ 346,214.091,223.825,269.043,289.097,10.3421,7.34224,4.62497,4.95138,IDFdk3,1,MD-SD
347,113_ 347,329.599,325.85,329.901,331.132,24.8022,23.9011,21.8232,20.9321,IDFdk3,1,MD-SD
348,105_ 348,109.737,104.111,115.871,124.848,17.1336,14.0552,13.7853,12.5088,IDFdk3,8,MD-F
349,64_ 349,218.854,180.088,188.634,195.317,5.38149,5.97382,5.90926,6.28788,IDFxm,1,MD
350,151_ 350,251.297,242.021,276.224,315.803,4.54447,5.37788,7.39328,15.7003,IDFdk3,8,MD-F
351,185_ 351,33.0933,22.318,29.9531,25.4125,23.0571,23.4459,19.6549,17.7627,IDFdk3,1,MD-SD
352,148_ 352,20.135,8.79633,9.7564,353.199,14.0361,10.931,18.3428,13.8632,IDFdk3,1,MD-SD
353,115_ 353,310.509,319.538,318.3,336.196,23.6295,25.3016,27.0562,29.0781,IDFdk3,5,VD
354,156_ 354,159.78,156.887,150.228,159.379,16.5268,12.4358,9.19984,10.0759,IDFdk3,8,MD-F
355,201_ 355,20.0623,20.7215,28.878,23.1243,12.1143,8.68972,9.42642,9.60594,IDFdk3,1,MD-SD
356,213_ 356,24.2476,11.1873,14.2471,14.0136,8.43788,10.0629,8.09678,8.04302,IDFdk3,1,MD-SD
357,57_ 357,253.894,260.637,263.541,261.421,10.7919,12.9692,13.7055,11.6961,IDFxm,1,MD
358,144_ 358,209.217,211.266,240.93,256.076,6.94602,7.01472,7.47485,10.3366,IDFdk3,1,MD-SD
359,76_ 359,210.439,198.815,174.859,162.819,4.39887,3.71287,2.38753,2.18067,IDFdk3,1,MD-SD
360,94_ 360,114.819,137.719,145.338,175.157,9.32958,6.2661,2.11763,1.78655,IDFdk3,1,MD-SD
361,98_ 361,162.247,164.567,166.082,167.287,40.7801,42.9325,40.7199,38.0291,IDFxm/IDFdk3,4,VD-MD
362,41_ 362,116.686,121.025,141.993,156.293,28.8837,26.4758,22.6842,21.4704,IDFxm/IDFdk3,4,VD-MD
363,183_ 363,346.076,331.24,346.186,356.375,3.11034,4.23224,4.75956,4.47742,IDFdk3,1,MD-SD
364,201_ 364,27.2941,17.7588,10.1862,14.3095,12.7113,10.9384,8.94485,8.30232,IDFdk3,1,MD-SD
365,194_ 365,53.4446,30.8221,37.4666,41.3667,1.66781,1.48233,1.82865,2.09761,IDFdk3,1,MD-SD
366,114_ 366,225.393,242.529,228.016,281.259,3.30601,3.03243,3.10458,1.94835,IDFdk3,,
367,76_ 367,150.121,164.873,169.945,174.681,5.72462,3.65011,2.45934,2.0041,IDFdk3,1,MD-SD
368,182_ 368,21.7002,14.9749,356.839,356.86,17.8916,15.1587,19.7429,19.5307,IDFdk3,7,F-VM
369,155_ 369,28.3583,12.5103,5.76446,4.81523,13.062,15.2067,15.5992,15.1583,IDFdk3,8,MD-F
370,225_ 370,22.073,8.95629,22.0008,15.5332,9.5056,9.87728,8.49374,8.5175,IDFdk3,1,MD-SD
371,223_ 371,12.3536,19.6516,16.2364,20.7219,10.4165,7.28343,5.88409,5.94921,IDFdk3,1,MD-SD
372,57_ 372,199.466,201.371,189.701,184.49,17.6242,16.0827,14.869,13.488,IDFxm,1,MD
373,160_ 373,227.512,268.625,238.725,252.735,15.0681,12.768,14.0431,13.9058,IDFdk3,1,MD-SD
374,57_ 374,258.001,264.43,263.541,261.421,14.925,14.7497,13.7055,11.6961,IDFxm,1,MD
375,88_ 375,105.688,121.695,80.2486,103.189,6.2327,7.73555,10.1927,7.90318,IDFdk3,1,MD-SD
376,134_ 376,173.993,182.606,180.924,180.619,12.5982,9.32819,11.4949,11.0269,IDFdk3,1,MD-SD
377,21_ 377,295.159,308.75,274.811,274.855,13.4882,13.7272,9.95833,10.2549,IDFdk3,1,MD-SD
378,220_ 378,347.538,345.85,356.913,356.009,6.87665,6.85195,5.35537,5.60709,IDFdk3,1,MD-SD
379,216_ 379,40.6193,12.3237,19.7918,26.8374,2.62739,5.95345,4.40138,4.61471,IDFdk3,1,MD-SD
380,134_ 380,256.421,286.448,276.466,304.335,10.8761,21.6828,16.9439,29.4786,IDFdk3,1,MD-SD
381,175_ 381,23.8815,245.246,316.484,328.262,2.74009,1.42487,2.69226,2.5271,IDFdk3,1,MD-SD
382,12_ 382,212.132,233.291,234.332,243.417,7.85797,6.49089,10.4744,14.6025,IDFdk3,1,MD-SD
383,239_ 383,33.2551,48.5711,24.0802,17.162,7.9721,7.74308,5.95894,5.22366,IDFdk3,1,MD-SD
384,107_ 384,138.825,179.818,246.099,199.307,4.22166,3.84447,0.186427,0.557719,IDFdk3,,
385,8_ 385,279.952,275.893,218.199,223.133,10.8374,10.4112,9.81227,9.19524,IDFdk3,8,MD-F
386,199_ 386,359.111,347.676,357.11,355.559,5.30917,5.27794,6.94273,6.58418,IDFdk3,1,MD-SD
387,125_ 387,190.331,186.316,214.767,209.534,14.7495,8.23173,11.7164,11.6954,IDFdk3,1,MD-SD
388,112_ 388,324.088,324.216,328.878,332.265,18.0958,21.164,21.5681,21.8062,IDFdk3,1,MD-SD
389,8_ 389,349.031,346.628,345.157,338.021,70.8764,66.3259,65.1425,40.8899,IDFdk3,1,MD-SD
390,35_ 390,242.823,236.216,251.857,250.928,11.4638,11.2631,10.8869,11.0838,IDFdk3,1,MD-SD
391,105_ 391,306.946,313.86,309.76,286.691,9.89564,9.79241,6.35379,4.09289,IDFdk3,8,MD-F
392,233_ 392,9.43173,24.8888,22.1277,20.1947,5.16782,2.39111,2.71656,3.43179,IDFdk3,1,MD-SD
393,111_ 393,332.729,334.601,342.552,339.633,13.8502,14.4764,15.5658,16.7466,IDFdk3,1,MD-SD
394,111_ 394,2.07149,2.39001,3.61965,6.50295,28.1777,26.6471,23.2533,22.1315,IDFdk3,8,MD-F
395,43_ 395,176.565,174.749,178.798,186.432,27.6704,28.3412,27.7293,26.2038,IDFxm/IDFdk3,4,VD-MD
396,167_ 396,9.0613,13.0936,25.2212,25.1524,42.8481,38.2797,41.7205,39.4911,IDFdk3,5,VD
397,36_ 397,263.378,277.523,265.109,269.718,7.99246,5.97335,6.5969,6.54946,IDFxm,1,MD
398,29_ 398,146.518,157.102,182.543,227.935,5.59816,6.86786,2.66895,7.70525,IDFxm,1,MD
399,228_ 399,341.528,10.6231,346.975,339.38,3.7637,2.34658,2.67362,2.54249,IDFdk3,1,MD-SD
400,98_ 400,193.193,192.18,196.133,198.202,34.7748,31.9138,35.1438,32.8031,IDFxm/IDFdk3,4,VD-MD
401,204_ 401,6.45042,24.0671,18.445,19.8449,7.70794,7.95762,7.18393,7.60072,IDFdk3,1,MD-SD
402,54_ 402,158.47,155.374,163.738,185.117,24.463,24.8655,22.8259,21.5975,IDFxm,1,MD
403,98_ 403,244.897,240.683,237.992,201.129,46.8152,42.3706,42.0012,22.6856,IDFxm/IDFdk3,7,MD-F
404,197_ 404,33.7975,32.3215,28.8421,25.7128,13.6511,12.7668,10.8786,9.44821,IDFdk3,1,MD-SD
405,140_ 405,319.279,296.793,316.392,303.536,27.2182,18.5287,30.5293,19.5186,IDFdk3,1,MD-SD
406,229_ 406,54.6213,49.3328,17.0341,13.0955,6.07475,3.52749,3.0357,3.30565,IDFdk3,1,MD-SD
407,34_ 407,215.533,218.894,223.359,223.294,13.671,15.2567,17.3905,17.0335,IDFxm,1,MD
408,87_ 408,124.909,105.035,103.186,117.555,5.80067,2.47344,1.66029,1.4947,IDFdk3,1,MD-SD
409,5_ 409,278.322,272.478,247.591,247.867,15.5546,13.5598,14.6924,14.4282,IDFdk3,1,MD-SD
410,172_ 410,355.991,293.377,339.499,312.919,3.84088,1.5094,4.64539,2.56465,IDFdk3,9,W
411,220_ 411,342.46,353.295,0.678687,356.065,5.55937,6.63258,7.6519,7.60544,IDFdk3,1,MD-SD
412,81_ 412,193.084,179.494,172.825,170.222,10.2758,10.9692,10.2578,7.02171,IDFdk3,1,MD-SD
413,111_ 413,17.8054,9.24652,8.29332,7.65695,17.9168,24.8255,21.589,19.6768,IDFdk3,8,MD-F
414,187_ 414,321.918,326.527,323.586,325.291,16.0531,15.7577,14.0444,14.015,IDFdk3,7,F-VM
415,5_ 415,246.006,262.721,255.611,264.099,10.2309,11.5459,12.7874,12.3088,IDFdk3,1,MD-SD
416,98_ 416,181.025,179.057,183.692,190.778,39.0329,39.8549,39.1185,37.9856,IDFxm/IDFdk3,7,MD-F
417,92_ 417,220.223,215.512,218.841,219.597,24.3428,22.6404,20.6659,18.7337,IDFdk3,1,MD-SD
418,105_ 418,75.4585,89.7904,92.4688,102.98,21.4466,18.2493,11.2185,10.4017,IDFdk3,8,MD-F
419,115_ 419,356.777,355.318,356.139,355.493,25.3903,26.6327,27.8669,27.3179,IDFdk3,5,VD
420,5_ 420,286.882,245.959,237.624,235.427,12.5686,13.3461,14.9838,13.1056,IDFdk3,1,MD-SD
421,112_ 421,351.225,337.106,332.101,336.931,17.0946,18.54,16.3541,17.3464,IDFdk3,8,MD-F
422,213_ 422,350.677,355.086,14.8588,13.9533,4.54923,5.65164,6.80296,7.15761,IDFdk3,1,MD-SD
423,202_ 423,14.664,18.3831,16.3875,15.4272,7.16074,8.52888,8.65991,8.43724,IDFdk3,1,MD-SD
424,196_ 424,5.53103,6.65553,8.46374,9.74416,16.8839,15.6603,18.0845,18.7592,IDFdk3,8,MD-F
425,111_ 425,356.232,358.743,3.58722,4.18004,19.1347,19.1525,18.6833,19.0152,IDFdk3,8,MD-F
426,55_ 426,184.284,181.064,170.218,173.34,11.1518,11.9791,12.4087,12.4185,IDFxm,1,MD
427,142_ 427,210.235,208.66,209.482,253.824,20.2752,20.666,19.27,8.23462,IDFdk3,1,MD-SD
428,20_ 428,249.304,260.079,254.787,258.906,10.7851,12.3149,11.3935,11.7059,IDFdk3,1,MD-SD
429,31_ 429,161.937,165.208,175.671,177.283,7.28822,6.52027,6.63193,6.56553,IDFdk3,1,MD-SD
430,134_ 430,211.267,200.327,201.588,200.244,23.4749,25.413,18.7465,21.2969,IDFdk3,1,MD-SD
431,175_ 431,297.976,334.42,344.871,345.611,2.31436,9.31998,5.58275,5.12223,IDFdk3,1,MD-SD
432,21_ 432,268.318,266.187,279.506,260.948,10.946,11.1162,10.4514,10.0953,IDFdk3,1,MD-SD
433,175_ 433,304.747,294.665,313.287,312.761,9.97129,5.59171,5.42031,4.99432,IDFdk3,1,MD-SD
434,2_ 434,234.28,228.391,236.009,242.143,15.9038,13.4172,13.2063,11.9707,IDFdk3,1,MD-SD
435,213_ 435,23.9968,20.3366,14.3834,17.6149,7.76662,6.29608,7.20222,6.93209,IDFdk3,1,MD-SD
436,220_ 436,352.136,2.40833,356.924,353.935,8.07459,6.3819,6.11905,5.7729,IDFdk3,1,MD-SD
437,202_ 437,329.917,331.157,338.03,347.734,7.25558,4.84661,5.95295,5.99501,IDFdk3,1,MD-SD
438,48_ 438,206.537,204.111,199.978,195.319,16.5405,15.4313,18.1541,21.2594,IDFxm,1,MD
439,111_ 439,355.249,352.268,0.0830135,359.084,10.8412,14.1884,15.376,16.2952,IDFdk3,8,MD-F
440,155_ 440,30.21,32.9832,45.3086,51.449,8.81252,13.1554,14.6639,14.4314,IDFdk3,1,MD-SD
441,76_ 441,200.515,186.082,94.1262,58.0916,3.11096,1.86866,0.998835,0.434903,IDFdk3,1,MD-SD
442,94_ 442,110.608,122.194,133.95,158.421,7.03835,5.48869,3.81562,3.51011,IDFdk3,1,MD-SD
443,175_ 443,332.319,24.2689,30.8193,12.9309,3.08432,1.69472,2.20037,2.13905,IDFdk3,1,MD-SD
444,155_ 444,302.646,332.684,341.747,341.9,7.5241,9.37178,12.4482,12.3248,IDFdk3,8,MD-F
445,196_ 445,24.3183,15.5197,357.1,358.238,12.3759,11.7647,14.9057,15.3811,IDFdk3,8,MD-F
446,155_ 446,6.16929,1.95458,5.56043,7.24419,23.9531,26.5741,23.0278,21.8158,IDFdk3,8,MD-F
447,142_ 447,323.328,322.535,323.707,302.806,56.7725,43.322,31.8494,16.4259,IDFdk3,8,MD-F
448,35_ 448,235.343,238.144,243.633,250.928,10.8768,11.0294,11.2172,11.0838,IDFdk3,1,MD-SD
449,175_ 449,208.039,119.07,66.3469,34.2032,1.22052,0.807873,1.18207,1.6208,IDFdk3,1,MD-SD
450,210_ 450,39.3304,30.5159,9.51787,8.96078,7.35022,4.53607,3.23437,3.53064,IDFdk3,1,MD-SD
451,155_ 451,1.91027,358.96,353.497,356.914,14.3505,13.5944,14.2743,17.487,IDFdk3,8,MD-F
452,61_ 452,286.181,271.149,280.264,282.962,10.5267,9.98622,8.86207,7.94404,IDFxm,1,MD
453,81_ 453,239.118,244.33,204.418,194.728,6.96688,7.5151,6.55394,6.72518,IDFdk3,1,MD-SD
454,95_ 454,170.164,180.513,154.462,152.877,4.3633,4.85249,4.47804,4.48115,IDFdk3,1,MD-SD
455,236_ 455,33.9004,20.2896,5.36039,10.0948,6.0529,7.73024,7.33539,6.4064,IDFdk3,1,MD-SD
456,89_ 456,128.129,107.182,167.468,163.684,6.16848,3.56406,8.17418,5.90518,IDFdk3,1,MD-SD
457,175_ 457,47.31,52.0105,75.1131,55.5464,1.52581,1.74151,1.06195,0.684401,IDFdk3,1,MD-SD
458,66_ 458,331.335,294.587,274.991,248.302,9.15329,4.97745,2.68351,2.65419,IDFxm,1,MD
459,49_ 459,157.171,157.233,169.366,164.617,11.3563,10.4468,9.2277,8.22719,IDFxm,1,MD
460,213_ 460,348.628,6.24596,28.0348,21.1944,6.02809,5.78883,6.80011,7.17541,IDFdk3,1,MD-SD
461,115_ 461,328.653,329.945,339.426,339.531,17.3567,20.4172,23.5727,22.4251,IDFdk3,5,VD
462,11_ 462,85.6262,87.7343,104.463,135.447,9.16365,7.8545,6.4432,3.73666,IDFxm,1,MD
463,187_ 463,322.448,332.889,331.53,345.382,22.0838,22.7747,18.0745,19.8328,IDFdk3,5,VD
464,167_ 464,12.7066,28.1748,24.712,20.9127,30.2874,40.4162,41.5186,40.183,IDFdk3,5,VD
465,170_ 465,8.67191,19.0748,7.26856,21.1336,33.7052,35.9043,34.7422,33.5604,IDFdk3,5,VD
466,187_ 466,18.3031,13.1859,359.948,359.745,16.3548,17.2999,9.7461,9.91015,IDFdk3,7,F-VM
467,208_ 467,24.7179,17.7778,9.29323,11.1884,11.8341,11.633,11.3387,10.2262,IDFdk3,1,MD-SD
468,202_ 468,342.73,340.685,0.241384,357.768,16.1086,9.31528,6.01232,5.73891,IDFdk3,1,MD-SD
469,64_ 469,172.282,171.865,186.828,187.214,11.6172,12.1604,11.1868,6.86379,IDFxm,1,MD
470,31_ 470,175.699,169.555,176.187,177.283,8.61725,6.35648,6.98614,6.56553,IDFdk3,1,MD-SD
471,155_ 471,347.353,345.798,344.036,343.201,44.9098,46.4833,44.75,48.4805,IDFdk3,8,MD-F
472,205_ 472,19.7921,13.9978,5.8323,4.15557,10.716,11.0175,10.843,10.262,IDFdk3,1,MD-SD
473,75_ 473,297.245,161.127,107.39,105.162,2.84476,0.819593,2.15908,1.96404,IDFdk3,1,MD-SD
474,111_ 474,21.2368,15.5682,7.39553,9.24629,13.8887,21.1241,18.091,18.9649,IDFdk3,1,MD-SD
475,49_ 475,172.656,177.948,182.559,175.244,10.0087,8.48017,7.66756,7.99529,IDFxm,1,MD
476,76_ 476,192.344,191.049,180.166,180.436,3.46527,2.56175,2.05094,1.87635,IDFdk3,1,MD-SD
477,5_ 477,191.574,189.832,191.141,192.928,36.9646,36.4104,33.0177,32.9947,IDFdk3,8,MD-F
478,100_ 478,166.054,163.129,150.836,149.58,14.6311,13.5927,13.0029,13.1551,IDFxm/IDFdk3,4,VD-MD
479,220_ 479,16.4565,13.2343,355.172,356.374,8.03642,8.983,6.79535,7.4253,IDFdk3,1,MD-SD
480,119_ 480,348.315,4.14345,30.6912,42.5234,0.320204,0.538517,0.330042,1.18105,IDFdk3,,
481,58_ 481,197.747,204.948,208.21,211.77,17.5961,15.7907,15.2891,12.2498,,,
482,81_ 482,161.216,169.646,171.525,186.169,4.59903,4.9621,6.61397,6.84498,IDFdk3,1,MD-SD
483,20_ 483,264.383,263.089,269.997,260.677,13.0088,12.0282,11.1768,11.536,IDFdk3,1,MD-SD
484,20_ 484,268.022,274.031,261.731,256.511,14.0839,14.1632,12.3664,12.4253,IDFdk3,1,MD-SD
485,157_ 485,33.3737,20.3081,15.8145,16.4841,22.3418,21.7219,22.2121,21.4417,IDFdk3,1,MD-SD
486,2_ 486,257.297,253.195,261.288,260.433,11.7688,12.6927,12.9499,13.2211,IDFdk3,1,MD-SD
487,111_ 487,20.557,20.553,22.0346,20.0288,27.5484,26.3984,23.9604,22.5344,IDFdk3,8,MD-F
488,114_ 488,293.699,283.321,286.548,292.388,4.4968,3.95193,3.92795,3.9778,IDFdk3,,
489,68_ 489,348.577,268.925,234.663,231.729,2.57714,2.74592,4.71418,3.17861,IDFxm,1,MD
490,154_ 490,346.472,343.125,348.076,349.517,39.1697,30.9189,29.6695,28.5245,IDFdk3,8,MD-F
491,20_ 491,269.803,261.461,266.28,267.53,13.5674,13.9046,13.578,12.5718,IDFdk3,1,MD-SD
492,106_ 492,124.006,122.767,112.054,110.736,8.53147,9.00057,8.62536,7.50251,IDFdk3,8,MD-F
493,41_ 493,168.108,167.053,169.557,166.947,18.7932,18.7878,18.2899,18.5131,IDFxm/IDFdk3,4,VD-MD
494,26_ 494,225.097,222.766,250.54,257.015,13.4018,18.9307,12.2097,14.5057,IDFdk3,1,MD-SD
495,139_ 495,241.757,238.022,224.662,216.83,12.7273,12.2245,11.3439,11.5351,IDFdk3,1,MD-SD
496,111_ 496,320.979,316.106,323.21,326.568,19.3073,16.8791,18.3639,18.866,IDFdk3,8,MD-F
497,175_ 497,327.599,319.714,316.913,315.146,7.31119,6.08541,5.96652,5.50789,IDFdk3,1,MD-SD
498,17_ 498,9.02579,10.432,334.616,311.424,12.8244,12.3331,7.84578,7.23924,IDFdk3,1,MD-SD
499,151_ 499,314.393,342.67,336.494,339.4,15.5767,38.476,30.7936,24.5681,IDFdk3,8,MD-F
500,175_ 500,22.3615,30.9583,11.3853,21.1037,2.55083,1.36966,1.36584,2.07571,IDFdk3,1,MD-SD
501,237_ 501,92.0573,92.9325,77.8908,61.7532,3.54919,2.31894,2.50149,3.03083,IDFdk3,1,MD-SD
502,85_ 502,106.826,114.879,160.325,144.214,1.25458,1.28124,2.31811,2.1212,IDFdk3,1,MD-SD
503,2_ 503,254.821,255.535,256.739,261.164,13.9859,13.2622,13.0218,12.9506,IDFdk3,1,MD-SD
504,31_ 504,238.238,223.217,222.211,219.647,4.96126,6.55407,6.03508,5.54684,IDFdk3,1,MD-SD
505,177_ 505,309.825,357.087,337.932,6.11699,3.74415,1.77155,1.21841,0.834831,IDFdk3,1,MD-SD
506,199_ 506,352.568,353.22,6.36566,5.2527,15.3888,14.6467,12.2829,12.3889,IDFdk3,1,MD-SD
507,219_ 507,15.9089,5.85839,8.07355,12.6352,14.6599,11.2718,9.31427,9.01572,IDFdk3,1,MD-SD
508,39_ 508,272.151,290.067,268.853,259.579,12.1767,14.7947,13.6867,13.9748,IDFxm,1,MD
509,236_ 509,345.519,351.122,14.145,6.79623,4.59783,4.22157,3.21626,4.25959,IDFdk3,1,MD-SD
510,57_ 510,196.509,208.105,210.832,212.894,13.3677,12.3182,12.6985,13.9458,IDFxm,1,MD
511,104_ 511,255.013,253.744,244.14,215.034,37.173,36.3457,31.9819,26.5331,IDFxm/IDFdk3,4,VD-MD
512,76_ 512,212.987,199.518,174.021,175.35,4.32863,2.43888,1.39016,1.05871,IDFdk3,1,MD-SD
513,170_ 513,8.20555,13.6283,4.09598,26.1545,37.3653,36.3479,35.165,33.0861,IDFdk3,5,VD
514,205_ 514,30.0742,25.0153,10.4439,11.706,6.42177,8.20657,8.05396,8.36006,IDFdk3,1,MD-SD
515,185_ 515,25.7203,16.261,9.66033,12.185,8.19235,10.1698,9.2913,9.10785,IDFdk3,1,MD-SD
516,67_ 516,167.966,142.035,189.535,189.369,7.19393,5.26341,5.23561,5.68134,IDFxm,1,MD
517,118_ 517,349.54,8.3208,39.6214,45.3569,26.2115,17.1814,20.3323,23.177,IDFdk3,5,VD
518,157_ 518,358.093,359.061,10.0893,14.3805,16.8039,14.7874,16.6993,19.1054,IDFdk3,1,MD-SD
519,77_ 519,162.152,131.663,148.54,62.2184,2.5913,1.77034,0.906044,0.573715,IDFdk3,1,MD-SD
520,136_ 520,198.239,195.676,197.163,194.902,21.0006,19.6954,16.1277,15.0515,IDFdk3,1,MD-SD
521,117_ 521,344.3,340.544,338.367,353.552,16.0197,17.4002,15.66,13.3744,IDFdk3,1,MD-SD
522,2_ 522,244.326,247.96,247.059,256.117,16.1286,13.7732,12.7077,12.383,IDFdk3,1,MD-SD
523,87_ 523,25.9012,7.62142,108.712,121.287,1.26627,0.862878,1.2595,1.39771,IDFdk3,1,MD-SD
524,206_ 524,326.89,331.669,356.213,359.232,9.66221,10.5325,8.63748,9.18639,IDFdk3,1,MD-SD
525,115_ 525,335.711,335.708,338.923,341.143,32.2382,32.5656,30.4017,30.5412,IDFdk3,5,VD
526,185_ 526,4.65064,12.5936,15.2999,12.758,17.5397,18.3742,17.5152,17.5377,IDFdk3,1,MD-SD
527,84_ 527,260.277,213.909,161.254,152.489,5.57476,4.64426,2.9504,2.66149,IDFdk3,1,MD-SD
528,155_ 528,348.267,348.501,346.707,344.884,69.6304,70.519,67.1198,60.2639,IDFdk3,5,VD
529,201_ 529,13.2969,22.119,21.1227,22.2294,7.28452,7.92255,9.19296,9.40878,IDFdk3,1,MD-SD
530,202_ 530,340.831,336.586,349.853,353.773,6.02965,6.79378,5.6471,5.40941,IDFdk3,1,MD-SD
531,13_ 531,231.084,228.376,256.486,244.294,12.4609,11.5233,8.36375,8.46591,IDFdk3,1,MD-SD
532,22_ 532,225.011,229.34,225.861,228.71,11.1726,10.2022,11.1173,11.4499,IDFxm,1,MD
533,66_ 533,222.818,182.178,311.459,246.391,1.98349,3.49373,3.0714,2.5754,IDFxm,1,MD
534,134_ 534,264.358,267.193,263.243,266.763,28.9205,30.3217,31.8599,35.607,IDFdk3,1,MD-SD
535,26_ 535,251.792,252.973,253.167,257.557,19.279,20.8084,22.8286,21.3894,IDFdk3,1,MD-SD
536,194_ 536,24.3451,32.5081,32.8923,31.7077,3.0741,2.45171,2.27367,2.2957,IDFdk3,1,MD-SD
537,39_ 537,258.857,248.427,250.284,271.01,9.53802,9.7387,8.03123,8.28711,IDFxm,1,MD
538,57_ 538,272.333,282.962,281.189,278.152,8.17175,7.91694,5.90726,6.03341,IDFxm,1,MD
539,88_ 539,50.6559,54.9492,71.3153,98.3432,14.287,13.005,8.28002,6.26118,IDFdk3,1,MD-SD
540,81_ 540,184.927,194.923,192.662,184.165,3.42911,5.71805,5.77976,5.25894,IDFdk3,1,MD-SD
541,17_ 541,249.084,240.311,243.755,247.954,26.0016,28.9303,26.6805,23.5102,IDFdk3,1,MD-SD
542,237_ 542,21.2427,1.43354,51.8858,53.6676,3.79238,3.01913,3.07064,3.34925,IDFdk3,1,MD-SD
543,161_ 543,31.4598,38.6657,31.4726,33.6743,10.8206,13.8331,9.29922,8.66742,IDFdk3,8,MD-F
544,150_ 544,263.048,259.838,265.705,251.707,8.93869,12.3326,11.4981,11.2979,IDFdk3,1,MD-SD
545,155_ 545,337.642,343.468,348.844,352.201,32.6542,26.6988,28.3634,29.4346,IDFdk3,8,MD-F
546,145_ 546,248.438,247.245,242.463,240.535,13.9508,13.0718,12.0291,11.4562,IDFdk3,1,MD-SD
547,76_ 547,119.587,148.891,163.016,172.634,5.00959,3.10099,3.03857,3.29671,IDFdk3,1,MD-SD
548,206_ 548,331.408,328.088,352.167,354.716,6.50114,8.04546,8.4201,8.5027,IDFdk3,1,MD-SD
549,103_ 549,170.862,164.842,168.562,178.244,51.2516,39.822,34.7589,32.4094,IDFxm/IDFdk3,4,VD-MD
550,88_ 550,186.956,184.785,174.969,155.207,9.92873,10.6733,9.53702,8.15615,IDFdk3,1,MD-SD
551,43_ 551,180.607,181.02,181.855,179.604,30.3926,26.9482,26.0571,25.8467,IDFxm/IDFdk3,4,VD-MD
552,196_ 552,40.0789,359.407,358.505,359.268,3.91162,6.04814,11.5709,11.6253,IDFdk3,1,MD-SD
553,216_ 553,38.475,40.8826,71.3108,73.9859,5.39305,3.88457,5.50239,5.73685,IDFdk3,1,MD-SD
554,156_ 554,25.0292,7.28202,357.512,344.314,21.1058,16.9558,18.9951,3.2779,IDFdk3,8,MD-F
555,179_ 555,16.0608,13.2489,357.179,340.011,20.5008,19.0283,16.4185,16.452,IDFdk3,7,F-VM
556,124_ 556,16.9414,23.0117,11.4252,17.9703,27.8058,26.7523,20.5625,32.6305,IDFdk3,5,VD
557,189_ 557,51.2946,43.2556,27.9155,24.2696,17.3594,17.8818,16.2992,16.5981,IDFdk3,1,MD-SD
558,41_ 558,146.906,157.066,167.102,163.486,14.9733,17.6417,18.9202,20.0514,IDFxm/IDFdk3,4,VD-MD
559,232_ 559,16.7231,13.8227,30.2366,22.3866,5.79868,7.6448,7.30801,7.37711,IDFdk3,1,MD-SD
560,95_ 560,124.982,137.714,145.002,146.816,6.7482,6.19694,6.87977,6.41207,IDFdk3,1,MD-SD
561,75_ 561,10.9206,92.2394,101.32,96.1438,2.77471,3.78784,2.6243,2.1386,IDFdk3,1,MD-SD
562,5_ 562,181.167,184.613,185.745,196.357,31.7349,32.0711,34.5674,19.6369,IDFdk3,1,MD-SD
563,44_ 563,299.922,301.731,283.356,277.293,6.37494,5.83599,4.77859,4.21547,IDFxm,1,MD
564,115_ 564,0.610015,357.792,359.497,355.297,21.9281,22.9033,22.5959,21.7229,IDFdk3,1,MD-SD
565,229_ 565,93.5865,54.1828,17.0341,13.0955,5.34188,4.03633,3.0357,3.30565,IDFdk3,1,MD-SD
566,151_ 566,257.693,252.408,332.416,342.267,2.73466,3.77255,11.6877,11.9134,IDFdk3,8,MD-F
567,231_ 567,33.3976,25.8214,21.3033,19.8042,10.8208,8.71507,8.3311,8.83848,IDFdk3,1,MD-SD
568,43_ 568,183.683,182.34,186.425,193.29,20.1221,19.3868,17.4779,17.2483,IDFxm/IDFdk3,4,VD-MD
569,52_ 569,178.73,184.714,180.153,180.921,17.2787,14.2319,15.6154,14.0045,IDFxm,1,MD
570,105_ 570,104.121,103.11,143.712,161.838,5.99789,5.12433,2.69963,2.97828,IDFdk3,8,MD-F
571,123_ 571,201.717,194.913,195.587,180.028,18.7117,16.6134,19.9833,16.0319,IDFdk3,1,MD-SD
572,105_ 572,339.011,331.736,322.126,319.682,10.601,10.3041,14.5204,22.1332,IDFdk3,8,MD-F
573,213_ 573,298.235,329.391,54.1236,61.8134,6.19433,0.549159,2.29856,2.75992,IDFdk3,1,MD-SD
574,42_ 574,180.903,178.486,178.69,173.453,18.499,17.0794,18.1587,20.4454,IDFxm/IDFdk3,4,VD-MD
575,196_ 575,354.946,355.571,2.26977,0.437407,15.64,15.5344,14.1204,13.7815,IDFdk3,8,MD-F
576,133_ 576,288.38,272.458,267.471,258.783,13.6222,10.0144,12.1432,12.2641,IDFdk3,1,MD-SD
577,185_ 577,25.7194,17.2822,14.27,14.2053,14.2632,13.407,15.6462,15.8003,IDFdk3,1,MD-SD
578,6_ 578,269.428,269.38,260.97,246.247,9.85233,11.2166,12.8112,12.4458,IDFdk3,1,MD-SD
579,52_ 579,201.335,197.042,191.894,184.388,10.3277,10.8166,12.0825,12.5257,IDFxm,1,MD
580,4_ 580,279.983,279.699,250.633,239.624,14.7869,13.3349,11.6673,11.4525,IDFdk3,1,MD-SD
581,17_ 581,224.255,218.868,216.834,213.614,26.0515,26.3142,26.3153,20.038,IDFdk3,1,MD-SD
582,172_ 582,255.349,217.547,246.114,260.019,3.46581,3.68503,3.62898,3.55888,IDFdk3,9,W
583,199_ 583,349.46,0.551145,353.878,352.376,7.10692,7.81248,6.82097,6.62988,IDFdk3,1,MD-SD
584,205_ 584,354.668,359.542,7.84988,9.57896,9.28624,10.7406,9.64498,9.85822,IDFdk3,1,MD-SD
585,227_ 585,16.8641,4.42039,3.38255,5.69615,4.18941,2.00946,4.91365,4.09554,IDFdk3,1,MD-SD
586,216_ 586,12.136,16.5672,19.5278,19.508,4.96088,5.83297,6.07677,6.21225,IDFdk3,1,MD-SD
587,171_ 587,60.9425,32.8505,6.40811,318.373,2.92648,2.64276,1.53532,2.55271,,,
588,205_ 588,342.414,342.802,355.988,358.711,11.9211,8.36942,10.5153,11.2528,IDFdk3,1,MD-SD
589,217_ 589,311.713,337.039,8.04696,10.3742,12.0794,7.37112,6.18594,6.01578,IDFdk3,1,MD-SD
590,57_ 590,244.478,256.442,246.316,230.162,13.4611,11.5944,9.76102,9.1253,IDFxm,1,MD
591,6_ 591,298.687,280.137,269.304,254.865,14.1786,11.8585,12.5801,13.1831,IDFdk3,1,MD-SD
592,70_ 592,25.9357,43.7634,19.6286,23.1149,12.4568,7.57444,10.09,9.91551,IDFxm,8,M-VM
593,43_ 593,179.975,181.483,180.896,184.893,23.0034,23.7835,27.1019,27.5685,IDFxm/IDFdk3,4,VD-MD
594,23_ 594,212.589,211.947,203.261,201.553,21.542,18.2711,18.8551,18.6733,IDFxm,1,MD
595,5_ 595,217.06,218.906,229.242,237.403,40.4386,43.28,41.7319,31.3186,IDFdk3,8,MD-F
596,49_ 596,186.231,192.049,192.801,196.662,4.16124,5.43123,6.58189,8.41691,IDFxm,1,MD
597,31_ 597,236.789,244.009,256.895,245.76,3.18979,5.34307,4.8119,5.87786,IDFdk3,1,MD-SD
598,64_ 598,98.2514,141.076,197.266,197.624,3.46606,3.36367,6.53485,5.72086,IDFxm,1,MD
599,237_ 599,67.7367,92.1131,73.0283,57.0291,4.11209,4.42806,3.55621,3.01776,IDFdk3,1,MD-SD
600,41_ 600,177.674,177.027,165.591,162.897,15.1904,14.4531,16.1843,15.9526,IDFxm/IDFdk3,4,VD-MD
