,objectid,gap,plot,aspect_dem11,aspect_dem21,aspect_dem51,aspect_dem101,slope_dem_1m1,slope_dem2m1,slope_dem_5m1,slope_dem_10m1,zonal_unit,ss1,dommstrgm,aspect_dem11T,aspect_dem21T,aspect_dem51T,aspect_dem101T,near_distance,azimuth_T,Gap_area
1,1,111,1,336.621,340.613,340.901,336.918,22.5033,22.3208,21.495,19.5821,IDFdk3,8,MD-F,1.92E+00,1.94E+00,1.94E+00,1.92E+00,1.01,1.687214312,1.504300554
2,2,205,2,9.22509,7.09012,5.77691,3.99862,13.9345,11.1106,7.03095,6.76589,IDFdk3,1,MD-SD,1.99E+00,1.99E+00,1.99E+00,2.00E+00,1.43,1.571286699,1.111797978
3,3,111,3,350.738,352.975,9.70013,0.991685,5.49384,8.75177,11.4533,12.9777,IDFdk3,8,MD-F,1.99E+00,1.99E+00,1.99E+00,2.00E+00,0.27,1,1.504300554
4,4,91,4,191.431,200.193,190.578,186.434,12.781,13.4085,12.9162,13.0838,IDFdk3,1,MD-SD,1.98E-02,6.15E-02,1.70E-02,6.30E-03,1.32,1.84367266,0.422403882
5,5,43,5,144.449,148.508,159.73,168.035,21.3652,24.7847,26.2225,26.2907,IDFxm/IDFdk3,4,VD-MD,1.86E-01,1.47E-01,6.19E-02,2.17E-02,0.13,1.89438856,0.742947262
6,6,209,6,7.06684,0.633026,3.61572,2.26756,13.3268,12.0502,11.6574,11.0046,IDFdk3,1,MD-SD,1.99E+00,2.00E+00,2.00E+00,2.00E+00,2.71,0.835640992,0.467242213
7,7,70,7,78.0214,27.208,24.8195,30.0493,4.12813,5.79269,8.18119,8.14233,IDFxm,8,M-VM,1.21E+00,1.89E+00,1.91E+00,1.87E+00,0.68,0.000261366,0.171402947
8,8,5,8,215.773,211.088,211.986,218.87,18.6396,21.4482,19.0812,15.5146,IDFdk3,1,MD-SD,1.89E-01,1.44E-01,1.52E-01,2.21E-01,2.05,0.328796754,1.976333276
9,9,20,9,265.904,259.379,249.94,259.247,9.04792,11.9979,11.809,12.4245,IDFdk3,1,MD-SD,9.29E-01,8.16E-01,6.57E-01,8.13E-01,0.58,1.196117291,1.537685424
10,10,10,10,272.026,264.182,267.353,259.598,8.32888,8.39898,8.66602,8.54219,IDFdk3,1,MD-SD,1.04E+00,8.99E-01,9.54E-01,8.19E-01,1.04,0.552709152,0.345030889
11,11,57,11,289.349,279.774,280.176,275.692,29.9397,25.0652,22.8688,18.0477,IDFxm,1,MD,1.33E+00,1.17E+00,1.18E+00,1.10E+00,2.25,0.008853845,1.632008544
12,12,85,12,191.758,187.821,175.844,177.647,3.86373,3.24329,3.18372,2.91987,IDFdk3,1,MD-SD,2.10E-02,9.30E-03,2.63E-03,8.43E-04,0.54,1.760065811,0.898532891
13,13,172,13,242.433,245.489,273.739,291.118,4.87986,5.05365,4.30512,2.57662,IDFdk3,9,W,5.37E-01,5.85E-01,1.07E+00,1.36E+00,7.18,0.011825081,0.693654707
14,14,113,14,343.81,340.858,338.704,339.631,21.1045,23.4004,23.0571,21.9207,IDFdk3,1,MD-SD,1.96E+00,1.94E+00,1.93E+00,1.94E+00,3.53,0.10568952,0.242192883
15,15,131,15,125.182,131.418,142.913,173.403,22.3226,19.6004,11.3713,7.8797,IDFdk3,1,MD-SD,4.24E-01,3.38E-01,2.02E-01,6.62E-03,1.88,1.990243763,0.139680374
16,16,8,16,337.648,345.156,344.403,341.13,69.0761,72.3152,58.5867,43.2643,IDFdk3,8,MD-F,1.92E+00,1.97E+00,1.96E+00,1.95E+00,0.17,0.292893219,0.778927778
17,17,57,17,202.471,209.425,211.122,215.709,11.7289,11.6697,12.3285,12.3145,IDFxm,1,MD,7.59E-02,1.29E-01,1.44E-01,1.88E-01,0.58,1.216950772,1.632008544
18,18,5,18,174.165,182.485,188.075,197.609,28.1817,36.5047,35.6834,23.7935,IDFdk3,1,MD-SD,5.18E-03,9.40E-04,9.91E-03,4.69E-02,0.08,0.019419555,1.976333276
19,19,111,19,25.2122,22.1939,12.0497,7.65695,31.2019,21.4253,19.3316,19.6768,IDFdk3,8,MD-F,1.90E+00,1.93E+00,1.98E+00,1.99E+00,0.93,0.723020739,1.504300554
20,20,20,20,285.93,292.958,286.046,279.564,11.3275,12.8056,11.9094,11.7844,IDFdk3,1,MD-SD,1.27E+00,1.39E+00,1.28E+00,1.17E+00,2.25,1.875801708,1.537685424
21,21,175,21,158.606,130.4,43.0681,41.5068,2.8507,1.04943,1.7027,1.83635,IDFdk3,1,MD-SD,6.89E-02,3.52E-01,1.73E+00,1.75E+00,1.18,1.707106781,2.037658975
22,22,61,22,274.844,271.206,271.285,270.751,16.2729,14.7406,15.2263,12.6454,IDFxm,1,MD,1.08E+00,1.02E+00,1.02E+00,1.01E+00,2.95,0.540265137,0.415458982
23,23,61,23,238.184,242.811,244.391,251.561,2.90451,5.12525,5.832,7.28599,IDFxm,1,MD,4.73E-01,5.43E-01,5.68E-01,6.84E-01,3.32,0.934771031,0.415458982
24,24,57,24,293.585,272.071,299.127,285.17,13.0408,9.62772,8.43518,7.45481,IDFxm,1,MD,1.40E+00,1.04E+00,1.49E+00,1.26E+00,3.44,0.139346831,1.632008544
25,25,126,25,284.647,263.089,281.768,238.917,18.2064,14.824,9.65703,7.28604,IDFdk3,1,MD-SD,1.25E+00,8.80E-01,1.20E+00,4.84E-01,0.87,1.739983382,0.349065317
26,26,176,26,32.7441,35.1351,33.6399,32.3993,13.9318,11.4241,11.8493,11.2162,IDFdk3,1,MD-SD,1.84E+00,1.82E+00,1.83E+00,1.84E+00,1.44,0.292893219,0.573145585
27,27,174,27,6.54811,0.980231,2.44274,3.8206,20.3852,21.7187,22.3757,23.7094,IDFdk3,5,VD,1.99E+00,2.00E+00,2.00E+00,2.00E+00,0.55,0.60605809,0.641080788
28,28,193,28,16.4492,23.4954,13.5327,12.6763,12.3239,13.5776,14.5995,14.8699,IDFdk3,1,MD-SD,1.96E+00,1.92E+00,1.97E+00,1.98E+00,2.96,0.16056979,0.35238102
29,29,112,29,338.734,344.087,334.598,333.834,25.0084,25.2687,20.7967,20.9691,IDFdk3,1,MD-SD,1.93E+00,1.96E+00,1.90E+00,1.90E+00,1.19,0.538406206,0.787859616
30,30,94,30,161.742,142.294,106.742,100.407,4.05227,2.46868,2.71056,3.07038,IDFdk3,1,MD-SD,5.03E-02,2.09E-01,7.12E-01,8.19E-01,0.55,0.019867055,0.292124821
31,31,175,31,44.363,46.7075,34.415,34.2315,7.27911,5.21423,3.02026,2.43867,IDFdk3,1,MD-SD,1.71E+00,1.69E+00,1.82E+00,1.83E+00,1.13,0.127503993,2.037658975
32,32,89,32,160.175,167.477,169.358,175.538,18.8428,16.9862,14.5915,9.50322,IDFdk3,1,MD-SD,5.93E-02,2.38E-02,1.72E-02,3.03E-03,2.63,0.150291301,0.432593725
33,33,211,33,15.7961,24.1243,12.3395,9.82876,14.8404,11.1487,9.92268,11.4474,IDFdk3,8,MD-F,1.96E+00,1.91E+00,1.98E+00,1.99E+00,0.43,1.062442139,0.303784275
34,34,5,34,265.4,246.193,252.308,260.123,11.3785,12.634,12.1247,11.9489,IDFdk3,1,MD-SD,9.20E-01,5.96E-01,6.96E-01,8.28E-01,0.42,1.35118807,1.976333276
35,35,141,35,251.646,261.865,251.328,258.51,11.928,11.7072,11.5877,11.7196,IDFdk3,1,MD-SD,6.85E-01,8.58E-01,6.80E-01,8.01E-01,0.39,1.403704981,0.207340876
36,36,115,36,341.322,346.806,352.702,0.630282,33.7346,34.7968,33.6044,32.1744,IDFdk3,5,VD,1.95E+00,1.97E+00,1.99E+00,2.00E+00,1.81,0.060188049,2.724607033
37,37,17,37,261.545,264.743,259.615,258.533,11.3068,10.5045,12.1499,11.3438,IDFdk3,1,MD-SD,8.53E-01,9.08E-01,8.20E-01,8.01E-01,3.29,1.986400586,0.994456709
38,38,43,38,190.265,192.518,195.282,193.062,21.1763,21.5605,21.5914,20.6696,IDFxm/IDFdk3,4,VD-MD,1.60E-02,2.38E-02,3.54E-02,2.59E-02,0.87,0.014179143,0.742947262
39,39,67,39,263.323,281.573,258.305,282.311,5.99771,4.65667,2.25974,1.41085,IDFxm,1,MD,8.84E-01,1.20E+00,7.97E-01,1.21E+00,2.05,0.731248287,0.227738085
40,40,100,40,182.134,170.39,160.912,156.325,11.0627,10.7237,11.1705,11.8022,IDFxm/IDFdk3,1,MD,6.94E-04,1.40E-02,5.50E-02,8.42E-02,0.66,1.707106781,0.221297692
41,41,106,41,327.173,274.654,254.238,220.804,5.35222,9.30383,7.64351,7.92159,IDFdk3,8,MD-F,1.84E+00,1.08E+00,7.28E-01,2.43E-01,0.81,1.986400586,0.16120763
42,42,30,42,217.291,218.17,222.608,238.553,24.3706,19.7823,19.1125,14.0099,IDFxm,1,MD,2.04E-01,2.14E-01,2.64E-01,4.78E-01,0.74,0.143372516,0.139643602
43,43,214,43,358.619,353.926,15.3541,22.0685,7.97656,9.1897,8.08916,7.51171,IDFdk3,1,MD-SD,2.00E+00,1.99E+00,1.96E+00,1.93E+00,1.46,1.49924406,0.203699711
44,44,54,44,235.033,230.396,231.314,229.575,28.4831,28.1204,27.5898,26.3904,IDFxm,1,MD,4.27E-01,3.63E-01,3.75E-01,3.52E-01,0.51,0.323638088,0.121725626
45,45,175,45,283.127,287.906,359.864,21.1037,8.57991,3.39954,2.05597,2.07571,IDFdk3,1,MD-SD,1.23E+00,1.31E+00,2.00E+00,1.93E+00,0.57,1.059829043,2.037658975
46,46,122,46,250.155,256.056,254.501,246.871,37.4611,80.7714,79.0661,68.3305,IDFxm,2,ED-VD,6.61E-01,7.59E-01,7.33E-01,6.07E-01,0.12,1.600001429,0.197340528
47,47,76,47,214.451,190.443,165.952,163.078,4.00152,2.58222,2.5497,2.40676,IDFdk3,1,MD-SD,1.75E-01,1.66E-02,2.99E-02,4.33E-02,0,0,1.232023521
48,48,204,48,355.997,359.239,19.4854,19.788,10.3287,7.0353,7.28021,7.44233,IDFdk3,1,MD-SD,2.00E+00,2.00E+00,1.94E+00,1.94E+00,3.56,1.975840556,0.140092964
49,49,125,49,167.091,38.9995,244.933,296.734,2.2198,2.29132,1.26088,0.727401,IDFdk3,1,MD-SD,2.53E-02,1.78E+00,5.76E-01,1.45E+00,0.6,0.044206985,0.315008442
50,50,43,50,206.795,204.882,194.685,180.843,29.4039,29.4019,28.1203,28.2594,IDFxm/IDFdk3,4,VD-MD,1.07E-01,9.28E-02,3.27E-02,1.08E-04,3.89,0.35975622,0.742947262
51,51,173,51,330.034,357.288,9.40178,12.4663,12.2289,10.5866,9.80502,10.1792,IDFdk3,7,F-VM,1.87E+00,2.00E+00,1.99E+00,1.98E+00,2.18,0.447771967,0.517045142
52,52,94,52,100.894,88.5009,144.512,153.195,8.9053,8.10748,2.72778,2.64334,IDFdk3,1,MD-SD,8.11E-01,1.03E+00,1.86E-01,1.07E-01,0.65,1.999847695,0.292124821
53,53,216,53,13.6261,23.8514,4.24418,10.2883,2.73977,1.91695,2.6556,3.44901,IDFdk3,1,MD-SD,1.97E+00,1.91E+00,2.00E+00,1.98E+00,2.12,0.718328339,1.466581905
54,54,114,54,265.568,267.063,285.205,279.04,2.64616,2.77655,2.95263,3.59507,IDFdk3,NA,,9.23E-01,9.49E-01,1.26E+00,1.16E+00,10.59,1.984040698,0.89793859
55,55,57,55,262.433,268.306,269.076,272.079,17.1207,17.3668,16.9356,17.8236,IDFxm,1,MD,8.68E-01,9.70E-01,9.84E-01,1.04E+00,0.48,1.928485827,1.632008544
56,56,114,56,287.921,278.387,296.396,293.555,2.52902,3.12254,4.00096,3.49585,IDFdk3,NA,,1.31E+00,1.15E+00,1.44E+00,1.40E+00,17.41,0.450831315,0.89793859
57,57,119,57,270.429,332.182,355.828,14.2266,0.407421,2.10569,2.55866,2.91817,IDFdk3,NA,,1.01E+00,1.88E+00,2.00E+00,1.97E+00,0.67,1.89438856,0.493372401
58,58,41,58,139.485,137.003,164.858,168.44,29.2939,30.8949,21.2282,21.1496,IDFxm/IDFdk3,4,VD-MD,2.40E-01,2.69E-01,3.47E-02,2.03E-02,0.01,0.292893219,0.400437975
59,59,2,59,268.732,249.243,264.118,253.318,10.3106,12.3225,11.4336,12.2309,IDFdk3,1,MD-SD,9.78E-01,6.46E-01,8.98E-01,7.13E-01,0.05,1.957822495,1.427806913
60,60,46,60,247.594,245.972,255.437,247.387,2.96838,3.812,6.38178,4.37414,IDFxm,1,MD,6.19E-01,5.93E-01,7.49E-01,6.15E-01,0.44,0.00496178,0.175138379
61,61,76,61,177.955,128.22,150.656,163.177,0.128256,1.51249,2.62922,2.21301,IDFdk3,1,MD-SD,6.37E-04,3.81E-01,1.28E-01,4.28E-02,1.27,1.70463421,1.232023521
62,62,200,62,23.3209,20.7973,18.9828,19.5261,11.54,10.7287,11.495,11.1137,IDFdk3,1,MD-SD,1.92E+00,1.93E+00,1.95E+00,1.94E+00,0.91,0.51519038,0.390039034
63,63,155,63,349.001,352.099,359.111,15.9351,15.5669,15.6569,18.2252,10.9255,IDFdk3,8,MD-F,1.98E+00,1.99E+00,2.00E+00,1.96E+00,1.2,0.10561144,2.175014789
64,64,109,64,340.322,336.291,345.729,352.337,22.825,19.826,14.2532,13.8263,IDFdk3,8,MD-F,1.94E+00,1.92E+00,1.97E+00,1.99E+00,1.21,1.882947593,0.138336071
65,65,173,65,354.427,337.631,335.89,340.285,7.28311,5.52103,7.03641,6.6079,,NA,,2.00E+00,1.92E+00,1.91E+00,1.94E+00,1.5,1.032631863,0.517045142
66,66,185,66,8.35577,3.58526,11.273,13.0733,8.9304,7.78998,8.5425,9.34562,IDFdk3,1,MD-SD,1.99E+00,2.00E+00,1.98E+00,1.97E+00,0.34,0.858580412,1.709694031
67,67,170,67,24.3179,31.9614,27.3196,31.9636,47.1197,34.3501,32.6202,33.63,IDFdk3,5,VD,1.91E+00,1.85E+00,1.89E+00,1.85E+00,1.1,0.067109311,0.577378108
68,68,173,68,20.0115,12.7374,3.42859,2.26437,13.0133,14.2409,14.3442,14.102,IDFdk3,5,VD,1.94E+00,1.98E+00,2.00E+00,2.00E+00,0.94,0.240728693,0.517045142
69,69,211,69,37.4465,20.0714,4.6673,10.8733,8.33935,8.90453,8.43296,9.07171,IDFdk3,1,MD-SD,1.79E+00,1.94E+00,2.00E+00,1.98E+00,1.48,1.606404826,0.303784275
70,70,138,70,236.798,232.196,232.822,226.226,18.1374,18.533,17.7529,15.5571,IDFdk3,1,MD-SD,4.52E-01,3.87E-01,3.96E-01,3.08E-01,0.78,1.799998928,0.155868108
71,71,185,71,350.157,7.99586,19.4365,19.8798,20.2706,9.30217,9.83865,9.24687,IDFdk3,1,MD-SD,1.99E+00,1.99E+00,1.94E+00,1.94E+00,5.44,0.27498615,1.709694031
72,72,206,72,333.739,0.353885,358.968,353.941,9.14216,6.97912,6.99515,6.90895,IDFdk3,1,MD-SD,1.90E+00,2.00E+00,2.00E+00,1.99E+00,1.02,1.56078351,0.620467293
73,73,41,73,166.01,164.041,166.396,166.779,20.2856,21.2017,18.9549,19.644,IDFxm/IDFdk3,4,VD-MD,2.97E-02,3.85E-02,2.81E-02,2.65E-02,0.78,1.209447904,0.400437975
74,74,33,74,229.347,230.577,235.655,245.42,16.1553,15.0493,15.3961,14.9275,IDFxm,1,MD,3.49E-01,3.65E-01,4.36E-01,5.84E-01,0.12,1.813709913,0.10049836
75,75,31,75,211.794,212.169,210.94,209.83,8.34526,7.43131,7.44806,7.53709,IDFdk3,1,MD-SD,1.50E-01,1.54E-01,1.42E-01,1.32E-01,3.1,0.369459648,0.628464811
76,76,127,76,226.357,225.783,220.741,213.367,28.2486,25.8818,23.977,19.3955,IDFdk3,1,MD-SD,3.10E-01,3.03E-01,2.42E-01,1.65E-01,2.93,0.94714117,0.199086009
77,77,13,77,236.235,250.347,236.535,238.849,12.5822,10.6537,9.23093,9.13983,IDFdk3,1,MD-SD,4.44E-01,6.64E-01,4.49E-01,4.83E-01,2.66,1.707106781,0.145857288
78,78,5,78,272.03,265.938,249.637,247.867,14.7943,13.7044,14.9887,14.4282,IDFdk3,1,MD-SD,1.04E+00,9.29E-01,6.52E-01,6.23E-01,3.52,1.89438856,1.976333276
79,79,6,79,201.493,208.956,191.503,206.36,18.5786,16.9161,21.9916,16.985,IDFdk3,8,MD-F,6.95E-02,1.25E-01,2.01E-02,1.04E-01,0.77,0.683854176,0.211632356
80,80,81,80,204.147,204.652,196.578,196.49,8.04747,7.33675,8.51303,7.48524,IDFdk3,1,MD-SD,8.75E-02,9.11E-02,4.16E-02,4.11E-02,1.75,1,0.59272562
81,81,8,81,353.805,358.074,337.713,341.675,43.0677,55.8471,15.6447,25.3846,IDFdk3,8,MD-F,1.99E+00,2.00E+00,1.93E+00,1.95E+00,3.01,0.439505538,0.778927778
82,82,121,82,180.527,190.316,200.412,216.269,74.4698,88.3965,73.6868,64.4879,IDFxm,2,ED-VD,4.23E-05,1.62E-02,6.28E-02,1.94E-01,2.62,2,0.120866318
83,83,149,83,208.395,207.544,229.062,239.756,13.5357,11.6379,10.9548,11.2907,IDFdk3,1,MD-SD,1.20E-01,1.13E-01,3.45E-01,4.96E-01,2.94,1.578284874,0.27612029
84,84,237,84,7.30994,7.1892,33.1539,47.6997,10.1156,9.37623,4.71248,3.64229,IDFdk3,1,MD-SD,1.99E+00,1.99E+00,1.84E+00,1.67E+00,1.65,1.974409311,0.193708431
85,85,165,85,14.4466,7.60464,1.91641,359.774,23.719,15.8945,26.1952,19.3007,IDFdk3,10,M-VM,1.97E+00,1.99E+00,2.00E+00,2.00E+00,1.63,0.965449359,0.257805435
86,86,115,86,301.22,313.392,318.012,333.814,22.3453,20.0366,19.6588,18.9381,IDFdk3,1,MD-SD,1.52E+00,1.69E+00,1.74E+00,1.90E+00,4.49,1.054078813,2.724607033
87,87,134,87,122.947,121.668,122.08,140.703,35.3072,34.536,32.5425,15.2133,IDFdk3,1,MD-SD,4.56E-01,4.75E-01,4.69E-01,2.26E-01,0.49,0.658307892,0.779716566
88,88,100,88,262.68,256.019,212.309,191.394,26.7192,21.9072,15.3627,15.1454,IDFxm/IDFdk3,4,VD-MD,8.73E-01,7.58E-01,1.55E-01,1.97E-02,3.68,1.99897057,0.221297692
89,89,111,89,314.842,335.163,343.395,335.148,16.4542,12.0216,12.6585,14.7569,IDFdk3,8,MD-F,1.71E+00,1.91E+00,1.96E+00,1.91E+00,1.79,1.178802215,1.504300554
90,90,122,90,246.941,248.066,238.447,237.965,69.4636,70.784,70.747,70.9793,IDFxm,2,ED-VD,6.08E-01,6.26E-01,4.77E-01,4.70E-01,0.47,1.327547728,0.197340528
91,91,5,91,205.469,208.592,216.053,222.059,20.3998,17.9271,14.8227,12.5596,IDFdk3,1,MD-SD,9.72E-02,1.22E-01,1.92E-01,2.58E-01,0.75,0.00569921,1.976333276
92,92,138,92,231.53,229.412,247.444,291.4,15.9968,13.1499,12.4854,19.9304,IDFdk3,1,MD-SD,3.78E-01,3.49E-01,6.16E-01,1.36E+00,1.25,1.768171792,0.155868108
93,93,5,93,282.546,275.545,270.607,263.179,11.7201,12.5235,12.4648,11.9935,IDFdk3,1,MD-SD,1.22E+00,1.10E+00,1.01E+00,8.81E-01,2.01,1.254433163,1.976333276
94,94,126,94,221.704,227.373,222.265,224.601,19.1584,18.9677,16.3435,18.3246,IDFdk3,1,MD-SD,2.53E-01,3.23E-01,2.60E-01,2.88E-01,0.67,1.995900202,0.349065317
95,95,162,95,61.9265,50.6747,55.9201,58.4888,79.1435,94.4575,70.7383,64.7304,IDFdk3,1,MD-SD,1.47E+00,1.63E+00,1.56E+00,1.52E+00,1.34,1.915381758,0.176710213
96,96,220,96,349.877,4.20784,4.42624,356.321,4.26253,5.28731,5.35808,5.72347,IDFdk3,1,MD-SD,1.98E+00,2.00E+00,2.00E+00,2.00E+00,2.1,0.051289392,1.268680044
97,97,226,97,319.655,324.089,314.052,333.486,9.89216,8.72231,21.3342,7.95429,IDFdk3,1,MD-SD,1.76E+00,1.81E+00,1.70E+00,1.89E+00,0.76,0.177855959,0.1485125
98,98,114,98,278.589,285.061,299.043,297.433,4.87338,4.63303,4.07292,3.90541,IDFdk3,NA,,1.15E+00,1.26E+00,1.49E+00,1.46E+00,22.52,0.289691761,0.89793859
99,99,109,99,348.508,332.846,342.348,347.618,21.8585,17.7727,18.4558,16.1933,IDFdk3,1,MD-SD,1.98E+00,1.89E+00,1.95E+00,1.98E+00,0.62,0.292893219,0.138336071
100,100,41,100,175.267,172.234,176.117,174.118,19.3424,21.6451,22.5619,20.9706,IDFxm/IDFdk3,4,VD-MD,3.41E-03,9.17E-03,2.30E-03,5.26E-03,1.08,1.316145824,0.400437975
101,101,115,101,340.682,340.45,333.109,331.879,25.9644,24.2771,22.8765,23.4805,IDFdk3,1,MD-SD,1.94E+00,1.94E+00,1.89E+00,1.88E+00,0.76,2,2.724607033
102,102,149,102,251.384,256.108,250.501,236.599,12.5404,11.5767,11.9176,11.2181,IDFdk3,1,MD-SD,6.81E-01,7.60E-01,6.66E-01,4.50E-01,0.71,0.093987477,0.27612029
103,103,46,103,257.094,260.266,265.507,287.942,18.7154,14.8798,11.275,8.3466,IDFxm,1,MD,7.77E-01,8.31E-01,9.22E-01,1.31E+00,1.78,1.799998928,0.175138379
104,104,155,104,20.4922,18.7174,20.6124,5.81094,25.4044,25.1039,24.1674,28.2189,IDFdk3,5,VD,1.94E+00,1.95E+00,1.94E+00,1.99E+00,6.1,0.123273244,2.175014789
105,105,139,105,217.721,233.918,223.988,223.691,10.8326,12.1803,12.1566,12.1717,IDFdk3,1,MD-SD,2.09E-01,4.11E-01,2.81E-01,2.77E-01,5.72,0.803882709,0.363782357
106,106,205,106,349.826,1.16361,19.852,15.022,8.91939,8.54707,7.09848,6.49231,IDFdk3,1,MD-SD,1.98E+00,2.00E+00,1.94E+00,1.97E+00,0.3,0.086170809,1.111797978
107,107,105,107,178.272,162.114,131.202,125.069,6.12308,3.2765,3.83744,4.03984,IDFdk3,8,MD-F,4.55E-04,4.83E-02,3.41E-01,4.25E-01,0.62,1.058783688,1.131988392
108,108,155,108,348.456,349.178,355.266,354.821,19.0623,18.637,17.5853,16.9519,IDFdk3,8,MD-F,1.98E+00,1.98E+00,2.00E+00,2.00E+00,0.92,0.007951059,2.175014789
109,109,13,109,253.292,233.773,259.39,246.983,9.54048,11.0778,10.6616,10.0354,IDFdk3,1,MD-SD,7.13E-01,4.09E-01,8.16E-01,6.09E-01,0.81,0.002867455,0.145857288
110,110,105,110,242.83,223.183,247.212,243.042,7.85786,9.59731,6.21393,5.68591,IDFdk3,8,MD-F,5.43E-01,2.71E-01,6.13E-01,5.47E-01,0.56,0.683854176,1.131988392
111,111,206,111,333.508,330.346,359.305,357.976,11.5294,8.42326,10.2344,10.5153,IDFdk3,1,MD-SD,1.89E+00,1.87E+00,2.00E+00,2.00E+00,2.67,1.447290848,0.620467293
112,112,144,112,204.131,216.935,240.93,256.076,9.60141,7.90223,7.47485,10.3366,IDFdk3,1,MD-SD,8.74E-02,2.01E-01,5.14E-01,7.59E-01,1.21,1.87731374,0.1137125
113,113,180,113,31.643,5.16169,10.2965,6.06721,3.95121,5.44008,7.49869,7.78784,IDFdk3,1,MD-SD,1.85E+00,2.00E+00,1.98E+00,1.99E+00,0.28,1.868198815,0.149758664
114,114,90,114,50.8212,58.3282,116.882,127.332,4.1701,2.60463,1.55302,1.75378,IDFdk3,1,MD-SD,1.63E+00,1.53E+00,5.48E-01,3.94E-01,0.09,0.552709152,0.502419057
115,115,160,115,289.083,305.087,300.246,313.481,11.0544,6.95031,6.4238,6.86546,IDFdk3,1,MD-SD,1.33E+00,1.57E+00,1.50E+00,1.69E+00,0.14,0.663726458,0.440661815
116,116,115,116,351.587,353.539,350.858,355.984,43.5156,42.7797,43.9736,41.0496,IDFdk3,5,VD,1.99E+00,1.99E+00,1.99E+00,2.00E+00,1.35,1.284015345,2.724607033
117,117,185,117,48.5926,22.8434,25.7042,17.283,16.5817,15.1256,13.9984,13.3329,IDFdk3,1,MD-SD,1.66E+00,1.92E+00,1.90E+00,1.95E+00,5.32,0.260368905,1.709694031
118,118,103,118,241.825,238.257,244.538,255.334,44.1618,35.6144,31.0926,33.7023,IDFxm/IDFdk3,1,MD,5.28E-01,4.74E-01,5.70E-01,7.47E-01,0.31,1.995900202,0.133148307
119,119,55,119,220.088,219.313,218.263,215.934,28.7661,30.0876,31.1623,29.1129,IDFxm,1,MD,2.35E-01,2.26E-01,2.15E-01,1.90E-01,1.13,1.913829191,0.19292079
120,120,138,120,214.893,212.448,213.799,219.301,12.9982,14.3633,13.7997,13.3136,IDFdk3,1,MD-SD,1.80E-01,1.56E-01,1.69E-01,2.26E-01,2.08,1.832050948,0.155868108
121,121,188,121,40.1844,25.1511,67.603,66.9111,3.75292,5.46883,4.1761,3.77639,IDFdk3,1,MD-SD,1.76E+00,1.91E+00,1.38E+00,1.39E+00,1.45,0.324409792,0.150490264
122,122,167,122,36.0719,38.106,30.7756,27.7447,41.6235,42.0049,38.5161,37.8223,IDFdk3,5,VD,1.81E+00,1.79E+00,1.86E+00,1.89E+00,0.95,1,0.205048426
123,123,76,123,75.5482,117.672,166.32,173.641,3.90389,1.73889,2.20394,2.22415,IDFdk3,1,MD-SD,1.25E+00,5.36E-01,2.84E-02,6.15E-03,0.87,0.660769482,1.232023521
124,124,216,124,323.579,332.216,333.799,346.26,3.56594,4.03369,3.4407,2.94876,IDFdk3,1,MD-SD,1.80E+00,1.88E+00,1.90E+00,1.97E+00,1.76,1.780866719,1.466581905
125,125,176,125,34.857,36.5558,33.4958,31.1925,14.5879,12.7774,11.9593,12.5794,IDFdk3,1,MD-SD,1.82E+00,1.80E+00,1.83E+00,1.86E+00,2.04,0.154738167,0.573145585
126,126,95,126,156.934,190.718,181.351,177.504,3.47201,5.43541,4.4707,4.52433,IDFdk3,1,MD-SD,7.99E-02,1.74E-02,2.78E-04,9.49E-04,0.01,1.707106781,0.478779171
127,127,8,127,242.443,247.93,257.824,273.259,13.5445,12.782,13.3114,13.9289,IDFdk3,1,MD-SD,5.37E-01,6.24E-01,7.89E-01,1.06E+00,2.6,0.895992282,0.778927778
128,128,216,128,92.8018,14.6003,5.88677,1.94171,3.02791,3.57144,3.68367,3.94498,IDFdk3,1,MD-SD,9.51E-01,1.97E+00,1.99E+00,2.00E+00,2.66,1.139518761,1.466581905
129,129,202,129,351.996,346.412,347.573,346.891,12.0274,10.4016,6.10292,5.93312,IDFdk3,1,MD-SD,1.99E+00,1.97E+00,1.98E+00,1.97E+00,1.04,0.044206985,1.484699847
130,130,31,130,245.689,237.497,234.416,236.874,4.5626,5.94621,7.35509,7.27265,IDFdk3,1,MD-SD,5.88E-01,4.63E-01,4.18E-01,4.54E-01,1.02,0.858580412,0.628464811
131,131,202,131,35.9377,28.4011,0.402739,351.323,12.5769,11.0325,7.18539,6.86353,IDFdk3,1,MD-SD,1.81E+00,1.88E+00,2.00E+00,1.99E+00,0.08,1.536857936,1.484699847
132,132,115,132,350.578,353.121,348.214,344.863,24.4386,22.9573,24.4262,23.7086,IDFdk3,5,VD,1.99E+00,1.99E+00,1.98E+00,1.97E+00,2.42,1,2.724607033
133,133,11,133,150.283,152.217,145.204,139.929,6.70101,6.99322,5.5874,5.29678,IDFxm,1,MD,1.32E-01,1.15E-01,1.79E-01,2.35E-01,0.79,0.757400769,0.14115995
134,134,57,134,212.016,206.617,201.366,200.219,13.6859,12.4772,12.0957,11.816,IDFxm,1,MD,1.52E-01,1.06E-01,6.87E-02,6.16E-02,3.17,0.757400769,1.632008544
135,135,123,135,224.147,212.016,223.773,166.975,7.24709,8.52377,13.497,5.26203,IDFdk3,1,MD-SD,2.82E-01,1.52E-01,2.78E-01,2.57E-02,1.15,1,0.491137784
136,136,76,136,159.996,114.686,37.5954,80.346,3.8071,0.926165,0.855629,0.712451,IDFdk3,1,MD-SD,6.03E-02,5.82E-01,1.79E+00,1.17E+00,0.06,0.803882709,1.232023521
137,137,34,137,193.318,204.404,215.101,231.211,24.3337,19.0778,19.0361,16.7157,IDFxm,1,MD,2.69E-02,8.93E-02,1.82E-01,3.74E-01,1.92,0.43921649,0.110996364
138,138,206,138,12.7067,9.71309,4.58595,0.702935,12.9272,11.7212,10.0555,9.52724,IDFdk3,1,MD-SD,1.98E+00,1.99E+00,2.00E+00,2.00E+00,1.33,1.989041646,0.620467293
139,139,31,139,174.662,172.171,169.92,175.675,4.95312,6.02693,6.6302,6.86411,IDFdk3,1,MD-SD,4.34E-03,9.32E-03,1.54E-02,2.85E-03,1.38,0.167949052,0.628464811
140,140,129,140,291.158,295.945,262.503,264.069,32.2957,28.682,68.3073,53.8762,IDFxm,2,ED-VD,1.36E+00,1.44E+00,8.70E-01,8.97E-01,2.28,1.763345228,0.121685189
141,141,211,141,11.4077,7.69347,4.15602,10.9265,8.06957,8.16947,9.40507,9.15733,IDFdk3,1,MD-SD,1.98E+00,1.99E+00,2.00E+00,1.98E+00,3.53,1.156951596,0.303784275
142,142,185,142,357.998,6.18406,357.29,358.988,13.2107,12.7696,13.7596,15.0719,IDFdk3,1,MD-SD,2.00E+00,1.99E+00,2.00E+00,2.00E+00,0.29,1.970126597,1.709694031
143,143,155,143,312.876,316.833,329.588,330.525,12.7513,12.5466,11.9812,12.2821,IDFdk3,8,MD-F,1.68E+00,1.73E+00,1.86E+00,1.87E+00,1.51,1.83069308,2.175014789
144,144,112,144,1.09721,3.53745,4.37124,356.901,20.758,23.5988,22.2199,23.5797,IDFdk3,1,MD-SD,2.00E+00,2.00E+00,2.00E+00,2.00E+00,2.11,2,0.787859616
145,145,150,145,210.871,212.867,234.562,245.74,9.16687,10.5748,12.0152,12.7339,IDFdk3,1,MD-SD,1.42E-01,1.60E-01,4.20E-01,5.89E-01,2.92,0.544299728,0.129083256
146,146,188,146,96.2843,71.1438,67.6817,70.1421,6.04984,5.28307,4.57984,4.14274,IDFdk3,1,MD-SD,8.91E-01,1.32E+00,1.38E+00,1.34E+00,1.39,1.780866719,0.150490264
147,147,17,147,272.649,271.732,262.484,259.111,15.8991,12.3966,12.2565,11.2577,IDFdk3,1,MD-SD,1.05E+00,1.03E+00,8.69E-01,8.11E-01,2.2,0.116071085,0.994456709
148,148,70,148,221.502,331.671,4.51128,27.9414,2.45813,1.80715,2.12037,2.2061,IDFxm,8,M-VM,2.51E-01,1.88E+00,2.00E+00,1.88E+00,0.58,1.707106781,0.171402947
149,149,151,149,179.376,179.925,185.636,212.09,54.458,50.9888,42.1111,20.1741,IDFdk3,8,MD-F,5.93E-05,8.57E-07,4.83E-03,1.53E-01,0.63,1.148327238,0.622879505
150,150,231,150,357.988,2.68548,14.6779,15.5809,11.1038,11.2031,9.37264,8.2265,IDFdk3,1,MD-SD,2.00E+00,2.00E+00,1.97E+00,1.96E+00,0.81,0.875878956,0.114344297
151,151,68,151,173.984,203.41,238.749,260.093,3.12312,3.27978,4.53712,4.74932,IDFxm,1,MD,5.51E-03,8.23E-02,4.81E-01,8.28E-01,1.28,0.640980376,0.102090904
152,152,115,152,8.04516,9.9613,11.4951,11.9951,39.8823,39.2754,39.4002,38.4428,IDFdk3,5,VD,1.99E+00,1.98E+00,1.98E+00,1.98E+00,3,1.987986853,2.724607033
153,153,178,153,128.176,115.43,110.682,91.874,51.1849,55.8355,40.0932,25.9947,IDFdk3,1,MD-SD,3.82E-01,5.71E-01,6.47E-01,9.67E-01,1.49,1.832050948,0.182087049
154,154,2,154,254.674,255.776,259.072,257.833,11.2981,11.7242,11.535,11.5705,IDFdk3,1,MD-SD,7.36E-01,7.54E-01,8.10E-01,7.89E-01,1.42,0.071514173,1.427806913
155,155,20,155,293.562,285.241,289.664,277.295,16.1656,14.8839,13.5347,13.0417,IDFdk3,1,MD-SD,1.40E+00,1.26E+00,1.34E+00,1.13E+00,0.72,0.835640992,1.537685424
156,156,143,156,235.267,239.174,236.514,236.942,11.1932,11.401,11.3014,11.3089,IDFdk3,1,MD-SD,4.30E-01,4.88E-01,4.48E-01,4.55E-01,0.14,0.679883012,0.114351683
157,157,216,157,26.4311,30.9865,20.5757,22.0324,6.27497,4.94364,5.41501,5.21078,IDFdk3,1,MD-SD,1.90E+00,1.86E+00,1.94E+00,1.93E+00,1.71,0.010050254,1.466581905
158,158,132,158,193.496,207.037,194.308,178.652,8.72558,9.23105,7.80404,10.65,IDFdk3,1,MD-SD,2.76E-02,1.09E-01,3.10E-02,2.77E-04,1.64,0.639514748,0.102716261
159,159,217,159,13.7228,6.98508,16.5284,20.004,8.11746,10.3452,9.25639,7.56348,IDFdk3,1,MD-SD,1.97E+00,1.99E+00,1.96E+00,1.94E+00,1.25,0.010050254,0.245336039
160,160,57,160,236.381,232.351,245.771,253.377,7.68219,7.76653,6.17021,6.73908,IDFxm,1,MD,4.46E-01,3.89E-01,5.90E-01,7.14E-01,1.3,1.978974329,1.632008544
161,161,176,161,23.2729,28.2318,32.9191,37.6345,8.50199,8.67468,7.91025,7.51742,IDFdk3,1,MD-SD,1.92E+00,1.88E+00,1.84E+00,1.79E+00,0.6,0.001280643,0.573145585
162,162,175,162,239.348,284.662,221.15,224.078,5.42928,2.22903,0.568816,0.837813,IDFdk3,1,MD-SD,4.90E-01,1.25E+00,2.47E-01,2.82E-01,2.25,1.425621363,2.037658975
163,163,5,163,256.532,265.985,279.396,265.589,10.0371,9.44701,11.2952,11.1145,IDFdk3,1,MD-SD,7.67E-01,9.30E-01,1.16E+00,9.23E-01,0.13,1.992288732,1.976333276
164,164,20,164,263.702,267.238,280,285.086,12.2466,12.9915,11.5099,11.5859,IDFdk3,1,MD-SD,8.90E-01,9.52E-01,1.17E+00,1.26E+00,1.97,1.429250431,1.537685424
165,165,192,165,54.3818,43.79,26.8632,359.551,4.28905,3.24461,2.17673,2.3925,IDFdk3,1,MD-SD,1.58E+00,1.72E+00,1.89E+00,2.00E+00,1.29,0.038498131,0.148120795
166,166,232,166,19.9267,8.2575,25.177,25.9479,0.463381,5.58039,6.0312,6.97266,IDFdk3,1,MD-SD,1.94E+00,1.99E+00,1.90E+00,1.90E+00,0.99,1.957822495,0.305597208
167,167,33,167,249.678,242.595,244.284,241.155,17.9548,15.9639,13.9927,13.522,IDFxm,1,MD,6.53E-01,5.40E-01,5.66E-01,5.18E-01,1.48,1.103834131,0.10049836
168,168,202,168,342.681,349.399,9.27343,17.064,7.46029,7.87326,8.08077,7.87745,IDFdk3,1,MD-SD,1.95E+00,1.98E+00,1.99E+00,1.96E+00,1.94,1.83952505,1.484699847
169,169,217,169,48.8258,8.31028,13.6444,12.101,7.72963,6.75928,6.29898,6.02351,IDFdk3,1,MD-SD,1.66E+00,1.99E+00,1.97E+00,1.98E+00,2.67,1.216950772,0.245336039
170,170,30,170,229.43,229.874,232.504,247.776,30.072,28.053,27.3502,22.3109,IDFxm,1,MD,3.50E-01,3.56E-01,3.91E-01,6.22E-01,0.12,0.117626634,0.139643602
171,171,199,171,342.152,3.26681,359.254,359.895,8.0528,7.95933,9.40113,9.07549,IDFdk3,1,MD-SD,1.95E+00,2.00E+00,2.00E+00,2.00E+00,3,1.30187076,0.790718983
172,172,76,172,353.227,118.694,120.431,145.726,0.601581,1.02413,1.23186,1.08354,IDFdk3,1,MD-SD,1.99E+00,5.20E-01,4.93E-01,1.74E-01,0.11,0.292893219,1.232023521
173,173,42,173,202.884,206.27,197.8,193.006,35.6033,36.4089,28.6915,23.6189,IDFxm/IDFdk3,4,VD-MD,7.87E-02,1.03E-01,4.79E-02,2.57E-02,3.13,1.274798392,0.391908359
174,174,137,174,273.992,267.054,264.771,257.481,15.3976,13.8519,11.5138,11.6988,IDFdk3,1,MD-SD,1.07E+00,9.49E-01,9.09E-01,7.83E-01,3.69,1.664839325,0.123633517
175,175,122,175,218.854,218.969,220.52,223.44,65.5557,65.8535,64.0438,62.0858,IDFxm,2,ED-VD,2.21E-01,2.23E-01,2.40E-01,2.74E-01,4.57,1.474395525,0.197340528
176,176,85,176,204.605,189.744,152.591,142.23,2.91348,1.64304,2.12275,2.52738,IDFdk3,1,MD-SD,9.08E-02,1.44E-02,1.12E-01,2.10E-01,1.14,1.707106781,0.898532891
177,177,196,177,341.892,352.608,355.201,357.317,12.0252,11.3119,10.8523,11.0603,IDFdk3,1,MD-SD,1.95E+00,1.99E+00,2.00E+00,2.00E+00,2.93,0.03111373,0.828743982
178,178,185,178,9.50094,21.5903,11.4779,6.63036,21.5851,23.0903,20.7278,19.3147,IDFdk3,1,MD-SD,1.99E+00,1.93E+00,1.98E+00,1.99E+00,0.02,1.707106781,1.709694031
179,179,114,179,286.346,294.151,295.583,292.675,5.36201,4.60035,4.21802,4.36578,IDFdk3,NA,,1.28E+00,1.41E+00,1.43E+00,1.39E+00,2.48,0.117626634,0.89793859
180,180,111,180,296.524,299.904,308.742,315.887,18.222,19.7204,17.0994,17.5256,IDFdk3,1,MD-SD,1.45E+00,1.50E+00,1.63E+00,1.72E+00,1.14,0.923280972,1.504300554
181,181,155,181,338.872,341.902,337.609,341.164,51.6699,39.8503,37.3496,35.4899,IDFdk3,8,MD-F,1.93E+00,1.95E+00,1.92E+00,1.95E+00,0.12,0.219133281,2.175014789
182,182,49,182,179.586,174.52,180.503,178.034,9.93526,10.0852,8.0098,7.77183,IDFxm,1,MD,2.61E-05,4.57E-03,3.85E-05,5.89E-04,0.07,0.088094644,0.425047375
183,183,100,183,123.328,124.38,151.895,163.84,16.373,18.2953,16.6873,16.6251,IDFxm/IDFdk3,4,VD-MD,4.51E-01,4.35E-01,1.18E-01,3.95E-02,0.43,0.10561144,0.221297692
184,184,202,184,355.428,354.013,357.057,4.11272,6.71846,7.23474,9.48349,9.58477,IDFdk3,1,MD-SD,2.00E+00,1.99E+00,2.00E+00,2.00E+00,0.31,1,1.484699847
185,185,216,185,272.677,29.3419,13.5583,357.903,2.35242,1.58109,4.13893,3.53867,IDFdk3,1,MD-SD,1.05E+00,1.87E+00,1.97E+00,2.00E+00,0.1,0.552709152,1.466581905
186,186,5,186,293.437,285.449,264.676,242.852,12.2245,12.274,11.8711,11.6003,IDFdk3,1,MD-SD,1.40E+00,1.27E+00,9.07E-01,5.44E-01,0.8,1,1.976333276
187,187,148,187,247.467,244.954,261.779,309.674,15.955,11.3788,8.50338,5.75531,IDFdk3,8,MD-F,6.17E-01,5.77E-01,8.57E-01,1.64E+00,3.43,1.900318771,0.180301615
188,188,225,188,44.5163,22.0019,16.3227,14.3701,7.66844,7.44942,7.3865,7.82477,IDFdk3,1,MD-SD,1.71E+00,1.93E+00,1.96E+00,1.97E+00,0.13,0.700959208,0.125146689
189,189,20,189,317.392,304.807,289.426,285.439,13.3141,12.1724,11.6818,12.1284,IDFdk3,1,MD-SD,1.74E+00,1.57E+00,1.33E+00,1.27E+00,2.49,1.514589193,1.537685424
190,190,185,190,9.29023,11.6249,15.2229,12.2581,10.1892,10.5617,10.3219,9.57499,IDFdk3,1,MD-SD,1.99E+00,1.98E+00,1.96E+00,1.98E+00,1.79,1.798530461,1.709694031
191,191,4,191,286.29,288.917,275.133,259.249,13.5617,12.6959,10.9777,10.8101,IDFdk3,1,MD-SD,1.28E+00,1.32E+00,1.09E+00,8.13E-01,0.72,1.316145824,0.277482436
192,192,112,192,323.669,321.467,327.251,331.23,45.1196,22.4634,27.6671,21.934,IDFdk3,1,MD-SD,1.81E+00,1.78E+00,1.84E+00,1.88E+00,0.6,0.126227777,0.787859616
193,193,127,193,218.644,219.254,220.132,220.898,22.3391,24.1248,25.6462,25.9408,IDFdk3,1,MD-SD,2.19E-01,2.26E-01,2.35E-01,2.44E-01,0.51,0.033489419,0.199086009
194,194,202,194,29.0302,16.1045,8.32721,10.9642,10.4315,10.4901,12.169,11.6686,IDFdk3,1,MD-SD,1.87E+00,1.96E+00,1.99E+00,1.98E+00,1.88,0.007732916,1.484699847
195,195,177,195,31.7522,26.2577,71.5405,71.5656,5.80056,4.35698,4.95882,4.71852,IDFdk3,1,MD-SD,1.85E+00,1.90E+00,1.32E+00,1.32E+00,2.04,1.998048586,0.402855521
196,196,105,196,190.731,235.579,232.713,221.935,2.28219,2.22157,1.71074,1.55798,IDFdk3,8,MD-F,1.75E-02,4.35E-01,3.94E-01,2.56E-01,0.08,0.8895718,1.131988392
197,197,160,197,253.715,255.047,274.94,279.658,23.8719,22.3902,17.2197,14.9243,IDFdk3,1,MD-SD,7.20E-01,7.42E-01,1.09E+00,1.17E+00,1.63,1.554699216,0.440661815
198,198,67,198,275.034,295.368,281.473,283.817,8.84225,8.00281,6.8766,6.39695,IDFxm,1,MD,1.09E+00,1.43E+00,1.20E+00,1.24E+00,0.79,1,0.227738085
199,199,100,199,134.062,145.069,144.829,146.826,12.1906,12.1084,11.8634,12.6305,IDFxm/IDFdk3,1,MD,3.05E-01,1.80E-01,1.83E-01,1.63E-01,2.42,1.961501869,0.221297692
200,200,175,200,34.9551,336.055,312.785,331.604,1.74444,2.94471,4.36074,4.24591,IDFdk3,1,MD-SD,1.82E+00,1.91E+00,1.68E+00,1.88E+00,0.06,0.292893219,2.037658975
201,201,174,201,38.61,38.0893,17.5853,11.2533,23.9941,32.2644,25.0479,27.3629,IDFdk3,5,VD,1.78E+00,1.79E+00,1.95E+00,1.98E+00,2.79,0.900506582,0.641080788
202,202,118,202,85.283,78.4509,111.319,86.7649,10.0476,10.8606,8.02472,9.73529,IDFdk3,5,VD,1.08E+00,1.20E+00,6.36E-01,1.06E+00,1.05,1.998048586,0.268791924
203,203,17,203,297.094,284.181,259.023,252.246,21.7966,26.507,23.8757,23.0788,IDFdk3,1,MD-SD,1.46E+00,1.24E+00,8.10E-01,6.95E-01,0.57,0.010050254,0.994456709
204,204,7,204,265.467,264.232,261.402,259.336,13.2165,12.9934,12.4058,12.9634,IDFdk3,1,MD-SD,9.21E-01,8.99E-01,8.50E-01,8.15E-01,0.02,1.316145824,0.118083899
205,205,90,205,165.732,137.065,158.432,147.603,2.4703,3.08351,1.94053,1.93049,IDFdk3,1,MD-SD,3.08E-02,2.68E-01,7.00E-02,1.56E-01,1.48,0.33164798,0.502419057
206,206,85,206,112.627,112.561,134.418,153.593,6.22482,5.0359,4.01696,4.41371,IDFdk3,1,MD-SD,6.15E-01,6.16E-01,3.00E-01,1.04E-01,0.58,0.580864817,0.898532891
207,207,122,207,240.278,241.655,236.098,225.142,67.0545,70.6434,69.736,66.9126,IDFxm,2,ED-VD,5.04E-01,5.25E-01,4.42E-01,2.95E-01,0.31,1.707106781,0.197340528
208,208,238,208,221.677,199.975,87.6548,58.9953,1.17264,0.906751,1.57358,1.50082,IDFdk3,1,MD-SD,2.53E-01,6.02E-02,1.04E+00,1.52E+00,0.04,1.707106781,0.204402143
209,209,236,209,3.60069,4.36583,4.76147,7.63666,7.27679,5.50724,6.01104,6.22911,IDFdk3,1,MD-SD,2.00E+00,2.00E+00,2.00E+00,1.99E+00,1.09,1.541121252,0.336801798
210,210,175,210,131.662,267.092,347.707,23.388,2.57553,2.09009,0.554711,1.55142,IDFdk3,1,MD-SD,3.35E-01,9.49E-01,1.98E+00,1.92E+00,4.08,0.073865858,2.037658975
211,211,205,211,1.42497,4.55456,356.806,0.521961,8.28351,11.7455,9.79457,10.4603,IDFdk3,1,MD-SD,2.00E+00,2.00E+00,2.00E+00,2.00E+00,0.08,0.470080736,1.111797978
212,212,225,212,333.001,347.359,13.9438,13.8891,5.80631,6.49517,7.84186,8.39973,IDFdk3,1,MD-SD,1.89E+00,1.98E+00,1.97E+00,1.97E+00,1.67,0.019419555,0.125146689
213,213,65,213,258.349,279.043,251.957,262.204,6.5435,6.40282,5.06152,4.88971,IDFxm,1,MD,7.98E-01,1.16E+00,6.90E-01,8.64E-01,0.69,1.78130265,0.595399181
214,214,135,214,233.526,240.035,230.052,213.927,10.3559,10.5146,8.96863,9.36668,IDFdk3,1,MD-SD,4.06E-01,5.01E-01,3.58E-01,1.70E-01,3.52,0.142473344,0.22949349
215,215,193,215,351.032,0.673827,9.84794,10.1502,17.4728,14.7589,16.329,15.0056,IDFdk3,1,MD-SD,1.99E+00,2.00E+00,1.99E+00,1.98E+00,0.68,1.99503822,0.35238102
216,216,173,216,11.3906,9.52918,8.48084,11.8968,17.8628,14.6182,9.07383,8.58092,,NA,,1.98E+00,1.99E+00,1.99E+00,1.98E+00,0.4,1.999853726,0.517045142
217,217,119,217,101.224,115.195,130.513,121.084,1.40318,1.70528,1.58878,1.30867,IDFdk3,NA,,8.05E-01,5.74E-01,3.50E-01,4.84E-01,4.57,0.122435096,0.493372401
218,218,119,218,151.469,115.149,136.983,190.73,0.924847,0.718098,1.0226,1.96366,IDFdk3,1,MD-SD,1.21E-01,5.75E-01,2.69E-01,1.75E-02,1.64,0.382140387,0.493372401
219,219,5,219,232.768,236.954,250.609,262.724,14.4961,14.6192,12.4644,12.0204,IDFdk3,1,MD-SD,3.95E-01,4.55E-01,6.68E-01,8.73E-01,0.32,1,1.976333276
220,220,49,220,246.211,250.499,273.704,255.011,6.05072,5.72953,7.72457,6.04428,IDFxm,1,MD,5.97E-01,6.66E-01,1.06E+00,7.41E-01,2.37,1.1104282,0.425047375
221,221,5,221,226.517,217.735,217.661,223.634,22.6607,23.1787,19.8028,17.389,IDFdk3,1,MD-SD,3.12E-01,2.09E-01,2.08E-01,2.76E-01,0.12,0.601891257,1.976333276
222,222,220,222,49.4983,353.463,353.278,357.326,5.99807,6.57081,8.07353,8.70073,IDFdk3,1,MD-SD,1.65E+00,1.99E+00,1.99E+00,2.00E+00,0.84,1.999986292,1.268680044
223,223,9,223,291.685,283.389,275.469,262.536,12.5021,12.1556,11.2526,12.0216,IDFdk3,1,MD-SD,1.37E+00,1.23E+00,1.10E+00,8.70E-01,0.91,1.707106781,0.127359931
224,224,95,224,159.781,157.215,146.734,157.573,6.01325,4.72015,3.67667,3.62939,IDFdk3,1,MD-SD,6.16E-02,7.80E-02,1.64E-01,7.56E-02,1.11,0.952370538,0.478779171
225,225,65,225,190.285,179.552,194.729,190.061,3.76456,2.63375,3.41435,3.87435,IDFxm,1,MD,1.61E-02,3.06E-05,3.29E-02,1.54E-02,0.14,1.39394191,0.595399181
226,226,177,226,167.959,69.7033,53.7646,60.9443,2.65157,4.32957,4.70177,4.74313,IDFdk3,1,MD-SD,2.20E-02,1.35E+00,1.59E+00,1.49E+00,2.28,1.045362988,0.402855521
227,227,175,227,10.2207,12.0219,16.5717,17.6346,2.92809,4.5274,3.43411,2.95711,IDFdk3,1,MD-SD,1.98E+00,1.98E+00,1.96E+00,1.95E+00,0.85,0.051289392,2.037658975
228,228,176,228,35.912,37.8672,29.591,33.0107,14.9052,11.3397,11.7728,11.9479,IDFdk3,1,MD-SD,1.81E+00,1.79E+00,1.87E+00,1.84E+00,0.67,1.092544373,0.573145585
229,229,162,229,68.2294,62.3137,59.9437,53.8268,57.7185,55.3341,47.0263,42.5374,IDFdk3,1,MD-SD,1.37E+00,1.46E+00,1.50E+00,1.59E+00,1.56,1.916222926,0.176710213
230,230,48,230,197.649,200.753,202.556,204.587,23.865,23.8196,23.052,19.5914,IDFxm/IDFdk3,1,MD,4.71E-02,6.49E-02,7.65E-02,9.07E-02,1.54,1,0.670297518
231,231,115,231,336.307,340.135,342.956,344.694,36.7077,35.3111,35.6489,36.7412,IDFdk3,5,VD,1.92E+00,1.94E+00,1.96E+00,1.96E+00,1.51,0.382964125,2.724607033
232,232,52,232,188.443,186.439,189.364,184.388,9.87263,11.243,12.2173,12.5257,IDFxm,1,MD,1.08E-02,6.31E-03,1.33E-02,2.93E-03,2,0.096664707,0.307941441
233,233,75,233,100.126,128.601,139.977,117.599,3.4457,3.69798,2.09915,2.17989,IDFdk3,1,MD-SD,8.24E-01,3.76E-01,2.34E-01,5.37E-01,0.78,0.023817454,0.253689311
234,234,65,234,8.87055,22.7353,264.774,240.701,0.534345,0.582359,1.28816,2.39421,IDFxm,1,MD,1.99E+00,1.92E+00,9.09E-01,5.11E-01,0.1,1.980580445,0.595399181
235,235,20,235,283.807,281.464,287.263,285.439,13.3056,12.1017,12.9984,12.1284,IDFdk3,1,MD-SD,1.24E+00,1.20E+00,1.30E+00,1.27E+00,2.55,1.697915468,1.537685424
236,236,98,236,162.992,160.312,156.27,162.756,34.3491,38.5427,38.0222,38.7453,IDFxm/IDFdk3,4,VD-MD,4.37E-02,5.85E-02,8.45E-02,4.49E-02,0.15,0.552709152,1.088746057
237,237,205,237,43.2704,11.4404,7.39486,4.40002,5.82688,8.53911,9.21883,9.71881,IDFdk3,1,MD-SD,1.73E+00,1.98E+00,1.99E+00,2.00E+00,2.19,1.707106781,1.111797978
238,238,2,238,299.026,293.543,256.316,250.66,18.776,16.1486,11.8918,11.3134,IDFdk3,1,MD-SD,1.49E+00,1.40E+00,7.63E-01,6.69E-01,2.47,0.340129462,1.427806913
239,239,20,239,291.161,284.757,276.354,273.908,12.9072,11.524,11.2679,11.6365,IDFdk3,1,MD-SD,1.36E+00,1.25E+00,1.11E+00,1.07E+00,1.66,0.22770974,1.537685424
240,240,220,240,306.629,327.489,354.98,353.717,12.8579,8.08552,8.06039,7.68018,IDFdk3,1,MD-SD,1.60E+00,1.84E+00,2.00E+00,1.99E+00,5.06,0,1.268680044
241,241,49,241,189.432,176.326,176.964,172.872,12.0534,9.8167,7.44331,7.27462,IDFxm,1,MD,1.35E-02,2.06E-03,1.40E-03,7.73E-03,1.51,0.509704588,0.425047375
242,242,170,242,18.1554,25.5865,28.4319,29.7065,30.0651,32.0961,30.4692,30.7541,IDFdk3,5,VD,1.95E+00,1.90E+00,1.88E+00,1.87E+00,0.88,1,0.577378108
243,243,218,243,58.5277,28.9801,33.2078,23.2453,5.18918,4.84606,5.40529,5.37656,IDFdk3,1,MD-SD,1.52E+00,1.87E+00,1.84E+00,1.92E+00,2.18,1.82402732,0.187206002
244,244,124,244,23.9202,34.9833,24.0289,26.7273,33.2506,26.1249,29.8957,38.1297,IDFdk3,5,VD,1.91E+00,1.82E+00,1.91E+00,1.89E+00,0.5,0.047657424,0.147440583
245,245,203,245,349.549,2.20629,8.30851,13.8602,8.15996,6.36153,11.1434,10.2163,IDFdk3,1,MD-SD,1.98E+00,2.00E+00,1.99E+00,1.97E+00,2.16,1.979994238,0.196088592
246,246,216,246,0.51701,4.4748,11.8095,8.46669,4.65031,3.96526,3.50045,3.72105,IDFdk3,1,MD-SD,2.00E+00,2.00E+00,1.98E+00,1.99E+00,1.21,1.941764357,1.466581905
247,247,52,247,181.885,183.503,182.808,180.402,18.3044,16.8551,16.9426,15.3716,IDFxm,1,MD,5.41E-04,1.87E-03,1.20E-03,2.46E-05,0.54,0.10561144,0.307941441
248,248,196,248,15.668,9.0426,5.202,3.61937,13.0941,12.7303,17.7651,18.665,IDFdk3,8,MD-F,1.96E+00,1.99E+00,2.00E+00,2.00E+00,0.67,0.237557489,0.828743982
249,249,149,249,204.905,207.048,228.314,238.749,12.392,13.2092,11.3647,11.3045,IDFdk3,1,MD-SD,9.30E-02,1.09E-01,3.35E-01,4.81E-01,0.12,0.35975622,0.27612029
250,250,189,250,32.1422,31.7415,34.04,23.0679,14.3905,15.6826,16.8741,16.5867,IDFdk3,1,MD-SD,1.85E+00,1.85E+00,1.83E+00,1.92E+00,3.66,1.898487787,0.192237385
251,251,115,251,334.824,337.138,344.095,346.63,21.2239,19.7259,20.9586,22.4638,IDFdk3,5,VD,1.91E+00,1.92E+00,1.96E+00,1.97E+00,1.73,1.274798392,2.724607033
252,252,76,252,200.959,157.473,141.172,144.651,4.44934,3.14733,1.75811,1.35405,IDFdk3,1,MD-SD,6.62E-02,7.63E-02,2.21E-01,1.84E-01,2.97,0.504692944,1.232023521
253,253,58,253,236.5,232.433,229.048,233.794,12.6094,12.752,12.4404,11.5485,IDFxm,1,MD,4.48E-01,3.90E-01,3.45E-01,4.09E-01,0.48,0.797212705,0.114179563
254,254,108,254,343.313,339.6,347.793,343.323,16.4019,19.1736,19.4738,19.0654,IDFdk3,8,MD-F,1.96E+00,1.94E+00,1.98E+00,1.96E+00,0.88,1.927966395,0.10144519
255,255,147,255,285.104,275.137,235.319,209.235,29.6569,23.9751,15.758,15.8616,IDFdk3,8,MD-F,1.26E+00,1.09E+00,4.31E-01,1.27E-01,0.28,0.246436608,0.211577529
256,256,38,256,266.904,261.674,269.388,259.342,26.1047,25.2343,23.3342,20.037,IDFxm,1,MD,9.46E-01,8.55E-01,9.89E-01,8.15E-01,0.89,1.980580445,0.117822489
257,257,202,257,354.555,4.39449,15.0644,14.2012,11.6094,9.54879,10.4396,10.6759,IDFdk3,1,MD-SD,2.00E+00,2.00E+00,1.97E+00,1.97E+00,0.18,2,1.484699847
258,258,76,258,32.7804,105.794,112.487,120.569,1.2795,0.811505,1.81081,1.91661,IDFdk3,1,MD-SD,1.84E+00,7.28E-01,6.18E-01,4.91E-01,1.06,1.89438856,1.232023521
259,259,118,259,79.9816,51.9743,56.223,60.3383,23.8051,23.3787,17.6212,19.0312,IDFdk3,5,VD,1.17E+00,1.62E+00,1.56E+00,1.49E+00,0.01,0.271509454,0.268791924
260,260,134,260,177.902,175.46,174.059,172.795,11.2754,11.3312,10.8274,12.7843,IDFdk3,1,MD-SD,6.70E-04,3.14E-03,5.37E-03,7.90E-03,1.03,1.447290848,0.779716566
261,261,5,261,170.776,171.508,173.435,181.043,39.8649,36.0941,32.2063,23.5359,IDFdk3,8,MD-F,1.29E-02,1.10E-02,6.56E-03,1.66E-04,0.43,0.167949052,1.976333276
262,262,176,262,64.9421,62.0038,40.2012,40.0805,14.283,11.6185,12.1056,11.418,IDFdk3,1,MD-SD,1.42E+00,1.47E+00,1.76E+00,1.77E+00,2.37,1.274798392,0.573145585
263,263,173,263,4.93574,7.67189,15.0188,12.4663,11.7493,12.1156,10.7992,10.1792,IDFdk3,7,F-VM,2.00E+00,1.99E+00,1.97E+00,1.98E+00,0.43,1.439155326,0.517045142
264,264,180,264,17.0363,20.809,13.5307,12.2453,8.6586,8.47439,7.25615,8.47623,IDFdk3,1,MD-SD,1.96E+00,1.93E+00,1.97E+00,1.98E+00,1.09,1.508740929,0.149758664
265,265,226,265,305.729,311.821,313.338,326.174,20.9355,21.714,18.3207,9.48597,IDFdk3,1,MD-SD,1.58E+00,1.67E+00,1.69E+00,1.83E+00,1.17,0,0.1485125
266,266,88,266,116.726,103.198,134.821,123.076,7.06417,6.4658,5.32404,5.95609,IDFdk3,1,MD-SD,5.50E-01,7.72E-01,2.95E-01,4.54E-01,0.62,0.073602753,0.273943248
267,267,105,267,312.478,304.516,322.571,330.789,19.9142,19.1107,13.9974,8.28624,IDFdk3,8,MD-F,1.68E+00,1.57E+00,1.79E+00,1.87E+00,1.88,1.928291252,1.131988392
268,268,172,268,195.224,210.429,245.878,248.793,5.14263,6.20171,3.75235,3.68588,IDFdk3,NA,,3.51E-02,1.38E-01,5.91E-01,6.38E-01,2.15,0.496075263,0.693654707
269,269,76,269,332.875,273.374,168.808,170.026,2.26736,0.719554,1.33567,1.58229,IDFdk3,1,MD-SD,1.89E+00,1.06E+00,1.90E-02,1.51E-02,4.52,1.47301215,1.232023521
270,270,115,270,338.812,339.103,347.096,340.947,33.6588,33.0439,35.3115,30.5855,IDFdk3,5,VD,1.93E+00,1.93E+00,1.97E+00,1.95E+00,0.13,1.558179626,2.724607033
271,271,37,271,240.476,237.307,237.98,252.397,4.22966,5.60119,6.36759,6.56921,IDFxm,1,MD,5.07E-01,4.60E-01,4.70E-01,6.98E-01,0.85,0.847876614,0.176127516
272,272,111,272,25.7037,18.9549,18.2678,18.4208,29.4838,24.8301,20.6038,21.8695,IDFdk3,8,MD-F,1.90E+00,1.95E+00,1.95E+00,1.95E+00,1,1.910033635,1.504300554
273,273,39,273,265.019,265.918,266.826,267.011,20.0525,20.0636,20.1064,18.582,IDFxm,1,MD,9.13E-01,9.29E-01,9.45E-01,9.48E-01,2.3,1.437115767,0.27708576
274,274,220,274,0.849169,8.44522,358.852,351.107,6.38345,4.82604,4.37908,4.75419,IDFdk3,1,MD-SD,2.00E+00,1.99E+00,2.00E+00,1.99E+00,1.57,0.805936861,1.268680044
275,275,133,275,169.593,168.458,165.018,169.592,35.4984,31.9125,34.0202,21.8128,IDFdk3,1,MD-SD,1.65E-02,2.02E-02,3.40E-02,1.65E-02,0.9,1.874196298,0.515212038
276,276,230,276,355.579,23.6491,15.6879,12.4887,7.15554,8.07857,7.74233,8.19719,IDFdk3,1,MD-SD,2.00E+00,1.92E+00,1.96E+00,1.98E+00,1.98,1.98182646,0.192008555
277,277,185,277,340.854,354.901,15.7689,13.621,12.9177,10.1242,9.67043,9.86611,IDFdk3,1,MD-SD,1.94E+00,2.00E+00,1.96E+00,1.97E+00,0.49,1.28736052,1.709694031
278,278,112,278,6.61,349.867,345.721,339.967,12.9177,12.2784,13.6262,15.9123,IDFdk3,1,MD-SD,1.99E+00,1.98E+00,1.97E+00,1.94E+00,1.61,1.999100767,0.787859616
279,279,126,279,214.32,213.004,215.931,208.186,19.0038,18.1903,21.4127,18.0205,IDFdk3,1,MD-SD,1.74E-01,1.61E-01,1.90E-01,1.19E-01,2.5,0.757400769,0.349065317
280,280,17,280,272.05,272.069,286.008,300.413,12.624,14.9168,15.6423,15.8954,IDFdk3,1,MD-SD,1.04E+00,1.04E+00,1.28E+00,1.51E+00,3.65,1.178802215,0.994456709
281,281,2,281,249.58,250.931,263.631,258.145,10.085,10.5889,11.0506,11.7308,IDFdk3,1,MD-SD,6.51E-01,6.73E-01,8.89E-01,7.95E-01,1.14,1.934204474,1.427806913
282,282,73,282,296.975,301.891,290.049,292.821,8.28857,5.94184,9.83719,10.9828,IDFdk3,1,MD-SD,1.45E+00,1.53E+00,1.34E+00,1.39E+00,0.78,0.292893219,0.150670744
283,283,211,283,31.3217,26.8339,25.7592,17.9855,14.6191,7.99774,9.0203,8.55109,IDFdk3,1,MD-SD,1.85E+00,1.89E+00,1.90E+00,1.95E+00,2.44,1.050070005,0.303784275
284,284,189,284,21.3896,15.6973,25.4204,24.1897,16.6161,17.4623,14.1729,15.8794,IDFdk3,1,MD-SD,1.93E+00,1.96E+00,1.90E+00,1.91E+00,1.21,0.00496178,0.192237385
285,285,174,285,345.594,349.86,357.631,356.847,25.183,27.2812,24.0645,23.5185,IDFdk3,5,VD,1.97E+00,1.98E+00,2.00E+00,2.00E+00,0.61,0,0.641080788
286,286,196,286,356.464,7.37226,1.58161,2.85067,22.6483,18.9255,17.0164,17.6725,IDFdk3,8,MD-F,2.00E+00,1.99E+00,2.00E+00,2.00E+00,0.44,0.051289392,0.828743982
287,287,71,287,306.905,299.715,295.793,307.405,9.55445,8.27988,7.55369,6.27699,,NA,,1.60E+00,1.50E+00,1.44E+00,1.61E+00,0.67,2,0.106597352
288,288,202,288,335.421,343.875,349.699,349.315,5.85675,7.55863,6.63341,6.0335,IDFdk3,1,MD-SD,1.91E+00,1.96E+00,1.98E+00,1.98E+00,0.57,0.167949052,1.484699847
289,289,149,289,230.041,240.469,248.078,246.017,12.3273,12.243,11.3137,11.6203,IDFdk3,1,MD-SD,3.58E-01,5.07E-01,6.27E-01,5.94E-01,2.01,1.371367836,0.27612029
290,290,115,290,341.134,350.111,347.743,346.63,18.4576,20.9139,22.2652,22.4638,IDFdk3,5,VD,1.95E+00,1.99E+00,1.98E+00,1.97E+00,1.73,1.491359853,2.724607033
291,291,174,291,12.5872,8.26814,7.58707,6.69932,23.2916,24.3621,23.9712,25.5397,IDFdk3,5,VD,1.98E+00,1.99E+00,1.99E+00,1.99E+00,1.09,0.7051257,0.641080788
292,292,2,292,265.432,261.089,256.54,257.4,12.0898,12.016,12.5767,12.5418,IDFdk3,1,MD-SD,9.20E-01,8.45E-01,7.67E-01,7.82E-01,0.59,1,1.427806913
293,293,63,293,210.984,203.438,209.583,211.195,8.32607,8.54914,9.89199,10.0555,IDFxm,8,M-VM,1.43E-01,8.25E-02,1.30E-01,1.45E-01,0.71,1.640243781,0.1516
294,294,118,294,24.1097,29.8934,36.9956,47.6149,19.2021,17.5186,26.2176,30.621,IDFdk3,5,VD,1.91E+00,1.87E+00,1.80E+00,1.67E+00,0.08,0.136252433,0.268791924
295,295,163,295,313.557,317.953,302.817,293.75,7.23888,6.89994,6.61255,7.3047,IDFdk3,1,MD-SD,1.69E+00,1.74E+00,1.54E+00,1.40E+00,0.59,0.284795027,0.119593989
296,296,173,296,346.631,352.83,8.93938,18.6525,8.72726,10.5869,11.3732,11.5762,IDFdk3,7,F-VM,1.97E+00,1.99E+00,1.99E+00,1.95E+00,3.21,0.138725378,0.517045142
297,297,185,297,359.124,8.51862,17.2748,12.185,7.88056,9.61073,9.15615,9.10785,IDFdk3,1,MD-SD,2.00E+00,1.99E+00,1.95E+00,1.98E+00,0.65,0.445300784,1.709694031
298,298,83,298,161.537,168.498,148.09,150.974,5.01585,3.92363,3.74639,4.09715,IDFdk3,1,MD-SD,5.15E-02,2.01E-02,1.51E-01,1.26E-01,0.01,0.292893219,0.202758994
299,299,155,299,54.9735,40.5514,35.7083,23.4431,12.5842,9.69561,12.9253,15.2888,IDFdk3,8,MD-F,1.57E+00,1.76E+00,1.81E+00,1.92E+00,1.6,1.820052005,2.175014789
300,300,114,300,218.465,219.557,211.843,276.191,10.4659,9.49828,9.66395,8.35509,IDFdk3,NA,,2.17E-01,2.29E-01,1.51E-01,1.11E+00,4.39,1.581271174,0.89793859
301,301,169,301,31.2041,25.8703,26.4617,25.4073,27.7586,25.3666,28.3014,29.5616,IDFdk3,8,MD-F,1.86E+00,1.90E+00,1.90E+00,1.90E+00,0.98,1.447290848,0.119122004
302,302,123,302,171.946,180.122,166.188,153.87,20.9094,18.1515,17.5964,19.09,IDFdk3,1,MD-SD,9.86E-03,2.27E-06,2.89E-02,1.02E-01,1.35,1.726214813,0.491137784
303,303,118,303,6.59181,1.69256,14.7304,16.8312,26.7439,29.5241,20.5762,21.5302,IDFdk3,5,VD,1.99E+00,2.00E+00,1.97E+00,1.96E+00,3.76,1.683146326,0.268791924
304,304,21,304,251.371,272.784,274.893,269.909,9.38855,9.96774,10.7256,10.4172,IDFdk3,1,MD-SD,6.81E-01,1.05E+00,1.09E+00,9.98E-01,2.73,1.581271174,0.374814731
305,305,70,305,39.8691,46.2143,24.3876,26.7381,10.3152,8.62984,7.31515,4.74334,IDFxm,8,M-VM,1.77E+00,1.69E+00,1.91E+00,1.89E+00,3.1,1.241244443,0.171402947
306,306,184,306,39.9612,45.9326,29.129,31.5075,9.85229,9.28082,9.26697,10.0655,IDFdk3,1,MD-SD,1.77E+00,1.70E+00,1.87E+00,1.85E+00,1.31,0.013599414,0.115594428
307,307,202,307,320.458,359.106,13.3984,8.38618,8.75662,7.97292,10.1824,10.3708,IDFdk3,1,MD-SD,1.77E+00,2.00E+00,1.97E+00,1.99E+00,1.28,0.188528001,1.484699847
308,308,28,308,236.103,231.218,237.112,234.946,16.0126,14.8334,13.1644,12.8883,IDFxm,1,MD,4.42E-01,3.74E-01,4.57E-01,4.26E-01,0.63,1.75252986,0.147635433
309,309,169,309,328.674,342.487,8.8771,16.9159,41.1237,30.6089,26.9865,26.661,IDFdk3,8,MD-F,1.85E+00,1.95E+00,1.99E+00,1.96E+00,0.5,1.447290848,0.119122004
310,310,194,310,328.297,35.9628,21.1466,30.9497,1.98898,2.73731,2.68034,2.13327,IDFdk3,1,MD-SD,1.85E+00,1.81E+00,1.93E+00,1.86E+00,0.06,1.514589193,0.247111718
311,311,180,311,22.2933,18.9308,20.4513,22.4862,7.93816,8.50241,8.49993,8.22604,IDFdk3,1,MD-SD,1.93E+00,1.95E+00,1.94E+00,1.92E+00,0.44,1.868285407,0.149758664
312,312,20,312,269.26,265.924,263.362,265.34,13,12.2579,11.9467,11.508,IDFdk3,1,MD-SD,9.87E-01,9.29E-01,8.84E-01,9.19E-01,1.52,0.773348693,1.537685424
313,313,196,313,346.159,353.208,351.511,358.761,12.7182,15.1127,16.8958,15.5301,IDFdk3,8,MD-F,1.97E+00,1.99E+00,1.99E+00,2.00E+00,0.92,2,0.828743982
314,314,111,314,18.1745,5.50172,6.76449,8.28518,10.7233,12.5571,17.4573,18.3608,IDFdk3,8,MD-F,1.95E+00,2.00E+00,1.99E+00,1.99E+00,1.74,0.008761392,1.504300554
315,315,115,315,0.152755,0.266546,356.193,353.758,28.6164,28.9459,27.7419,25.3692,IDFdk3,5,VD,2.00E+00,2.00E+00,2.00E+00,1.99E+00,0.28,1,2.724607033
316,316,239,316,312.226,327.09,1.84986,13.1823,7.84676,4.19083,5.26581,5.17113,IDFdk3,1,MD-SD,1.67E+00,1.84E+00,2.00E+00,1.97E+00,0.3,1.514439534,0.118880594
317,317,2,317,226.748,261.776,244.192,247.385,14.8221,13.065,12.8695,12.0628,IDFdk3,1,MD-SD,3.15E-01,8.57E-01,5.65E-01,6.15E-01,2.17,1.220186717,1.427806913
318,318,230,318,40.3591,30.9243,11.9398,14.2515,13.5487,10.073,8.13966,8.42684,IDFdk3,1,MD-SD,1.76E+00,1.86E+00,1.98E+00,1.97E+00,1.13,1.980580445,0.192008555
319,319,206,319,311.692,356.771,343.016,348.861,3.83346,3.48072,5.36045,6.04062,IDFdk3,1,MD-SD,1.67E+00,2.00E+00,1.96E+00,1.98E+00,1.04,0.038498131,0.620467293
320,320,178,320,71.3268,27.1086,354.355,48.342,35.6247,15.2863,11.6038,11.1254,IDFdk3,1,MD-SD,1.32E+00,1.89E+00,2.00E+00,1.66E+00,0.53,0.736800402,0.182087049
321,321,103,321,169.277,164.251,169.591,179.574,44.4825,52.1009,51.3798,40.5968,IDFxm/IDFdk3,4,VD-MD,1.75E-02,3.75E-02,1.65E-02,2.76E-05,0.93,0.051289392,0.133148307
322,322,216,322,101.15,50.6443,65.827,35.3338,3.32198,2.22698,4.19205,3.81761,IDFdk3,1,MD-SD,8.07E-01,1.63E+00,1.41E+00,1.82E+00,0.41,0.029873404,1.466581905
323,323,210,323,39.7756,36.5247,33.5259,29.6966,2.98602,8.53607,8.07842,6.61487,IDFdk3,NA,,1.77E+00,1.80E+00,1.83E+00,1.87E+00,2.01,1.399229186,0.114465364
324,324,20,324,258.662,264.729,264.971,256.132,12.6936,11.5237,10.3442,10.6701,IDFdk3,1,MD-SD,8.03E-01,9.08E-01,9.12E-01,7.60E-01,1.05,1.96770917,1.537685424
325,325,51,325,165.017,165.001,166.447,168.211,17.5412,17.8692,17.2983,17.4269,IDFxm,1,MD,3.40E-02,3.41E-02,2.78E-02,2.11E-02,2.84,1.240905672,0.139781021
326,326,172,326,299.132,286.135,271.112,251.376,9.88894,7.35213,7.35887,4.69172,IDFdk3,NA,,1.49E+00,1.28E+00,1.02E+00,6.81E-01,6.46,1.479764159,0.693654707
327,327,76,327,89.4537,119.974,120.431,145.726,1.36038,0.568074,1.23186,1.08354,IDFdk3,1,MD-SD,1.01E+00,5.00E-01,4.93E-01,1.74E-01,1.15,1.988964208,1.232023521
328,328,174,328,357.658,4.82501,6.23345,2.9566,33.5905,34.1638,35.165,35.7481,IDFdk3,5,VD,2.00E+00,2.00E+00,1.99E+00,2.00E+00,0.2,0.142473344,0.641080788
329,329,200,329,27.8396,34.6481,22.9447,20.3857,5.04653,6.28364,8.39259,8.7802,IDFdk3,1,MD-SD,1.88E+00,1.82E+00,1.92E+00,1.94E+00,5.89,1.274630574,0.390039034
330,330,2,330,241.103,244.741,251.354,253.089,10.7911,10.9836,10.9891,11.3912,IDFdk3,1,MD-SD,5.17E-01,5.73E-01,6.80E-01,7.09E-01,2.08,1.863747567,1.427806913
331,331,14,331,167.89,180.223,221.398,225.149,7.22638,5.58896,5.4139,4.01687,IDFxm,1,MD,2.23E-02,7.57E-06,2.50E-01,2.95E-01,1.49,0.503935033,0.138417291
332,332,170,332,20.003,22.5905,15.7849,21.1336,32.057,35.8806,35.1455,33.5604,IDFdk3,5,VD,1.94E+00,1.92E+00,1.96E+00,1.93E+00,0.52,0.10820247,0.577378108
333,333,5,333,245.458,255.209,252.331,255.066,16.5335,13.4709,12.9211,11.2439,IDFdk3,8,MD-F,5.85E-01,7.45E-01,6.96E-01,7.42E-01,0.46,0.013257345,1.976333276
334,334,134,334,192.001,190.106,189.907,178.231,32.7298,34.8067,32.8253,31.887,IDFdk3,1,MD-SD,0.021856028,1.55E-02,1.49E-02,4.77E-04,0.09,0.559120659,0.779716566
335,335,65,335,215.153,226.897,208.006,218.774,7.7664,6.37151,6.59783,6.53072,IDFxm,1,MD,0.182382527,3.17E-01,1.17E-01,2.20E-01,0.95,1.759271307,0.595399181
336,336,19,336,246.795,265.461,271.777,271.779,14.129,13.2607,12.8104,12.3067,IDFdk3,1,MD-SD,0.605977882,9.21E-01,1.03E+00,1.03E+00,1.61,1.581271174,0.173592561
337,337,114,337,236.703,242.783,228.026,237.62,1.57456,1.33365,1.69655,1.78422,IDFdk3,NA,,0.451020946,5.43E-01,3.31E-01,4.64E-01,1.44,0.09457933,0.89793859
338,338,151,338,167.022,174.002,168.036,170.733,9.76715,9.57851,13.172,18.1891,IDFdk3,8,MD-F,0.025543632,5.47E-03,2.17E-02,1.31E-02,2.47,1.23904191,0.622879505
339,339,76,339,218.157,317.42,16.8555,342.194,2.11907,1.54591,0.353632,0.50147,IDFdk3,1,MD-SD,0.213679218,1.74E+00,1.96E+00,1.95E+00,1.77,1,1.232023521
340,340,235,340,64.608,62.0455,356.452,24.8445,15.5165,5.95188,2.76883,2.23984,IDFdk3,1,MD-SD,1.428809,1.47E+00,2.00E+00,1.91E+00,0.22,0.459172326,0.106767029
341,341,175,341,323.312,338.149,311.007,304.178,5.53821,4.76593,5.44816,5.5562,IDFdk3,1,MD-SD,1.801900793,1.93E+00,1.66E+00,1.56E+00,1.04,0.086170809,2.037658975
342,342,136,342,218.143,217.969,205.085,216.531,12.1008,12.9309,14.0513,14.1566,IDFdk3,1,MD-SD,0.21352828,2.12E-01,9.43E-02,1.96E-01,0.29,0.292893219,0.158113085
343,343,133,343,214.511,217.732,216.567,228.986,13.1335,11.4921,11.8379,11.3876,IDFdk3,1,MD-SD,0.175982569,2.09E-01,1.97E-01,3.44E-01,0.18,0.007732916,0.515212038
344,344,216,344,15.162,19.0665,25.2877,25.8624,3.87086,4.46556,4.8763,5.03313,IDFdk3,1,MD-SD,1.965190173,1.95E+00,1.90E+00,1.90E+00,1.41,0.142473344,1.466581905
345,345,100,345,173.019,174.491,167.203,162.325,12.3974,15.2338,16.1247,15.8156,IDFxm/IDFdk3,4,VD-MD,0.00741349,4.62E-03,2.48E-02,4.72E-02,2.09,0.359756219,0.221297692
346,346,148,346,214.091,223.825,269.043,289.097,10.3421,7.34224,4.62497,4.95138,IDFdk3,1,MD-SD,0.171851611,2.79E-01,9.83E-01,1.33E+00,0.14,0.019419555,0.180301615
347,347,113,347,329.599,325.85,329.901,331.132,24.8022,23.9011,21.8232,20.9321,IDFdk3,1,MD-SD,1.862504837,1.83E+00,1.87E+00,1.88E+00,3.92,0.858580412,0.242192883
348,348,105,348,109.737,104.111,115.871,124.848,17.1336,14.0552,13.7853,12.5088,IDFdk3,8,MD-F,0.662296837,7.56E-01,5.64E-01,4.29E-01,2.26,0.270792465,1.131988392
349,349,64,349,218.854,180.088,188.634,195.317,5.38149,5.97382,5.90926,6.28788,IDFxm,1,MD,0.221252941,1.18E-06,1.13E-02,3.55E-02,1.74,1.707106781,0.177664435
350,350,151,350,251.297,242.021,276.224,315.803,4.54447,5.37788,7.39328,15.7003,IDFdk3,8,MD-F,0.679337414,5.31E-01,1.11E+00,1.72E+00,2.4,0.314181647,0.622879505
351,351,185,351,33.0933,22.318,29.9531,25.4125,23.0571,23.4459,19.6549,17.7627,IDFdk3,1,MD-SD,1.837782571,1.93E+00,1.87E+00,1.90E+00,1.45,1.733729865,1.709694031
352,352,148,352,20.135,8.79633,9.7564,353.199,14.0361,10.931,18.3428,13.8632,IDFdk3,1,MD-SD,1.938884147,1.99E+00,1.99E+00,1.99E+00,1.65,0.174492281,0.180301615
353,353,115,353,310.509,319.538,318.3,336.196,23.6295,25.3016,27.0562,29.0781,IDFdk3,5,VD,1.649567485,1.76E+00,1.75E+00,1.91E+00,1.49,0.013599414,2.724607033
354,354,156,354,159.78,156.887,150.228,159.379,16.5268,12.4358,9.19984,10.0759,IDFdk3,8,MD-F,0.061627566,8.03E-02,1.32E-01,6.41E-02,1.35,1.35118807,0.194868467
355,355,201,355,20.0623,20.7215,28.878,23.1243,12.1143,8.68972,9.42642,9.60594,IDFdk3,1,MD-SD,1.939320173,1.94E+00,1.88E+00,1.92E+00,0.43,0.019419555,0.311658684
356,356,213,356,24.2476,11.1873,14.2471,14.0136,8.43788,10.0629,8.09678,8.04302,IDFdk3,1,MD-SD,1.911779247,1.98E+00,1.97E+00,1.97E+00,0.41,0.858580412,1.001596392
357,357,57,357,253.894,260.637,263.541,261.421,10.7919,12.9692,13.7055,11.6961,IDFxm,1,MD,0.722584736,8.37E-01,8.88E-01,8.51E-01,1.74,1.554699216,1.632008544
358,358,144,358,209.217,211.266,240.93,256.076,6.94602,7.01472,7.47485,10.3366,IDFdk3,1,MD-SD,0.127222712,1.45E-01,5.14E-01,7.59E-01,1.37,2,0.1137125
359,359,76,359,210.439,198.815,174.859,162.819,4.39887,3.71287,2.38753,2.18067,IDFdk3,1,MD-SD,0.137830977,5.34E-02,4.02E-03,4.46E-02,1.65,0.009134103,1.232023521
360,360,94,360,114.819,137.719,145.338,175.157,9.32958,6.2661,2.11763,1.78655,IDFdk3,1,MD-SD,0.58024691,2.60E-01,1.77E-01,3.57E-03,1.22,1.999187376,0.292124821
361,361,98,361,162.247,164.567,166.082,167.287,40.7801,42.9325,40.7199,38.0291,IDFxm/IDFdk3,4,VD-MD,0.047620164,3.61E-02,2.94E-02,2.45E-02,3.82,0.867916612,1.088746057
362,362,41,362,116.686,121.025,141.993,156.293,28.8837,26.4758,22.6842,21.4704,IDFxm/IDFdk3,4,VD-MD,0.550899307,4.85E-01,2.12E-01,8.44E-02,0.48,1.38461756,0.400437975
363,363,183,363,346.076,331.24,346.186,356.375,3.11034,4.23224,4.75956,4.47742,IDFdk3,1,MD-SD,1.97061577,1.88E+00,1.97E+00,2.00E+00,0.15,1.997453246,0.349061869
364,364,201,364,27.2941,17.7588,10.1862,14.3095,12.7113,10.9384,8.94485,8.30232,IDFdk3,1,MD-SD,1.888664457,1.95E+00,1.98E+00,1.97E+00,0.86,0.503935033,0.311658684
365,365,194,365,53.4446,30.8221,37.4666,41.3667,1.66781,1.48233,1.82865,2.09761,IDFdk3,1,MD-SD,1.595599768,1.86E+00,1.79E+00,1.75E+00,1.4,0.029873404,0.247111718
366,366,114,366,225.393,242.529,228.016,281.259,3.30601,3.03243,3.10458,1.94835,IDFdk3,NA,,0.297759962,5.39E-01,3.31E-01,1.20E+00,4.73,0.968589241,0.89793859
367,367,76,367,150.121,164.873,169.945,174.681,5.72462,3.65011,2.45934,2.0041,IDFdk3,1,MD-SD,0.132920604,3.47E-02,1.54E-02,4.31E-03,0.28,1.986400586,1.232023521
368,368,182,368,21.7002,14.9749,356.839,356.86,17.8916,15.1587,19.7429,19.5307,IDFdk3,7,F-VM,1.929131281,1.97E+00,2.00E+00,2.00E+00,1.65,0.173606757,0.180668305
369,369,155,369,28.3583,12.5103,5.76446,4.81523,13.062,15.2067,15.5992,15.1583,IDFdk3,8,MD-F,1.8799945,1.98E+00,1.99E+00,2.00E+00,1.88,2,2.175014789
370,370,225,370,22.073,8.95629,22.0008,15.5332,9.5056,9.87728,8.49374,8.5175,IDFdk3,1,MD-SD,1.92670582,1.99E+00,1.93E+00,1.96E+00,1.73,0.723859367,0.125146689
371,371,223,371,12.3536,19.6516,16.2364,20.7219,10.4165,7.28343,5.88409,5.94921,IDFdk3,1,MD-SD,1.976845858,1.94E+00,1.96E+00,1.94E+00,1.05,0.051289392,0.149951707
372,372,57,372,199.466,201.371,189.701,184.49,17.6242,16.0827,14.869,13.488,IDFxm,1,MD,0.05716059,6.88E-02,1.43E-02,3.07E-03,4.9,0.365134629,1.632008544
373,373,160,373,227.512,268.625,238.725,252.735,15.0681,12.768,14.0431,13.9058,IDFdk3,1,MD-SD,0.324564222,9.76E-01,4.81E-01,7.03E-01,0.01,1.901379553,0.440661815
374,374,57,374,258.001,264.43,263.541,261.421,14.925,14.7497,13.7055,11.6961,IDFxm,1,MD,0.792105381,9.03E-01,8.88E-01,8.51E-01,0.03,1.554699216,1.632008544
375,375,88,375,105.688,121.695,80.2486,103.189,6.2327,7.73555,10.1927,7.90318,IDFdk3,1,MD-SD,0.729601186,4.75E-01,1.17E+00,7.72E-01,0.49,1.980580445,0.273943248
376,376,134,376,173.993,182.606,180.924,180.619,12.5982,9.32819,11.4949,11.0269,IDFdk3,1,MD-SD,0.005490883,1.03E-03,1.30E-04,5.84E-05,2.08,1.997588339,0.779716566
377,377,21,377,295.159,308.75,274.811,274.855,13.4882,13.7272,9.95833,10.2549,IDFdk3,1,MD-SD,1.425131702,1.63E+00,1.08E+00,1.08E+00,0.42,0.503935033,0.374814731
378,378,220,378,347.538,345.85,356.913,356.009,6.87665,6.85195,5.35537,5.60709,IDFdk3,1,MD-SD,1.976439341,1.97E+00,2.00E+00,2.00E+00,0.49,0.292893219,1.268680044
379,379,216,379,40.6193,12.3237,19.7918,26.8374,2.62739,5.95345,4.40138,4.61471,IDFdk3,1,MD-SD,1.759052052,1.98E+00,1.94E+00,1.89E+00,0.04,0.142473344,1.466581905
380,380,134,380,256.421,286.448,276.466,304.335,10.8761,21.6828,16.9439,29.4786,IDFdk3,1,MD-SD,0.765214145,1.28E+00,1.11E+00,1.56E+00,2.35,1.619231004,0.779716566
381,381,175,381,23.8815,245.246,316.484,328.262,2.74009,1.42487,2.69226,2.5271,IDFdk3,1,MD-SD,1.914384722,5.81E-01,1.73E+00,1.85E+00,3.47,1.613044952,2.037658975
382,382,12,382,212.132,233.291,234.332,243.417,7.85797,6.49089,10.4744,14.6025,IDFdk3,1,MD-SD,0.153175,4.02E-01,4.17E-01,5.53E-01,2.09,1.417232714,0.112958167
383,383,239,383,33.2551,48.5711,24.0802,17.162,7.9721,7.74308,5.95894,5.22366,IDFdk3,1,MD-SD,1.836237348,1.66E+00,1.91E+00,1.96E+00,0.84,1.090458764,0.118880594
384,384,107,384,138.825,179.818,246.099,199.307,4.22166,3.84447,0.186427,0.557719,IDFdk3,NA,,0.247297755,5.05E-06,5.95E-01,5.62E-02,1.53,1.828549269,0.376666545
385,385,8,385,279.952,275.893,218.199,223.133,10.8374,10.4112,9.81227,9.19524,IDFdk3,8,MD-F,1.172823086,1.10E+00,2.14E-01,2.70E-01,0.77,1.707106781,0.778927778
386,386,199,386,359.111,347.676,357.11,355.559,5.30917,5.27794,6.94273,6.58418,IDFdk3,1,MD-SD,1.99987963,1.98E+00,2.00E+00,2.00E+00,0.1,0.2806602,0.790718983
387,387,125,387,190.331,186.316,214.767,209.534,14.7495,8.23173,11.7164,11.6954,IDFdk3,1,MD-SD,0.016211847,6.07E-03,1.79E-01,1.30E-01,1.35,1.316145824,0.315008442
388,388,112,388,324.088,324.216,328.878,332.265,18.0958,21.164,21.5681,21.8062,IDFdk3,1,MD-SD,1.809918813,1.81E+00,1.86E+00,1.89E+00,0.62,0.051289392,0.787859616
389,389,8,389,349.031,346.628,345.157,338.021,70.8764,66.3259,65.1425,40.8899,IDFdk3,1,MD-SD,1.981730277,1.97E+00,1.97E+00,1.93E+00,3.3,1.804893797,0.778927778
390,390,35,390,242.823,236.216,251.857,250.928,11.4638,11.2631,10.8869,11.0838,IDFdk3,1,MD-SD,0.543259144,4.44E-01,6.89E-01,6.73E-01,0.72,0.530990812,0.122906358
391,391,105,391,306.946,313.86,309.76,286.691,9.89564,9.79241,6.35379,4.09289,IDFdk3,8,MD-F,1.60106206,1.69E+00,1.64E+00,1.29E+00,0.86,2,1.131988392
392,392,233,392,9.43173,24.8888,22.1277,20.1947,5.16782,2.39111,2.71656,3.43179,IDFdk3,1,MD-SD,1.986481562,1.91E+00,1.93E+00,1.94E+00,0.37,1.995900202,0.106184468
393,393,111,393,332.729,334.601,342.552,339.633,13.8502,14.4764,15.5658,16.7466,IDFdk3,1,MD-SD,1.888849262,1.90E+00,1.95E+00,1.94E+00,1.04,1.411037093,1.504300554
394,394,111,394,2.07149,2.39001,3.61965,6.50295,28.1777,26.6471,23.2533,22.1315,IDFdk3,8,MD-F,1.999346504,2.00E+00,2.00E+00,1.99E+00,3.69,1.164359008,1.504300554
395,395,43,395,176.565,174.749,178.798,186.432,27.6704,28.3412,27.7293,26.2038,IDFxm/IDFdk3,4,VD-MD,0.001796587,4.20E-03,2.20E-04,6.29E-03,0.69,0.038498131,0.742947262
396,396,167,396,9.0613,13.0936,25.2212,25.1524,42.8481,38.2797,41.7205,39.4911,IDFdk3,5,VD,1.987520408,1.97E+00,1.90E+00,1.91E+00,1.01,0.006115896,0.205048426
397,397,36,397,263.378,277.523,265.109,269.718,7.99246,5.97335,6.5969,6.54946,IDFxm,1,MD,0.88468143,1.13E+00,9.15E-01,9.95E-01,1.08,0.148364532,0.101596779
398,398,29,398,146.518,157.102,182.543,227.935,5.59816,6.86786,2.66895,7.70525,IDFxm,1,MD,0.165940823,7.88E-02,9.85E-04,3.30E-01,3.05,1.33100852,0.226082338
399,399,228,399,341.528,10.6231,346.975,339.38,3.7637,2.34658,2.67362,2.54249,IDFdk3,1,MD-SD,1.948478606,1.98E+00,1.97E+00,1.94E+00,1.8,1.33840947,0.382949552
400,400,98,400,193.193,192.18,196.133,198.202,34.7748,31.9138,35.1438,32.8031,IDFxm/IDFdk3,4,VD-MD,0.026393206,2.25E-02,3.94E-02,5.00E-02,1.88,1.929969108,1.088746057
401,401,204,401,6.45042,24.0671,18.445,19.8449,7.70794,7.95762,7.18393,7.60072,IDFdk3,1,MD-SD,1.993669442,1.91E+00,1.95E+00,1.94E+00,1.91,0.757400769,0.140092964
402,402,54,402,158.47,155.374,163.738,185.117,24.463,24.8655,22.8259,21.5975,IDFxm,1,MD,0.069774459,9.10E-02,4.00E-02,3.99E-03,1.11,1.355106962,0.121725626
403,403,98,403,244.897,240.683,237.992,201.129,46.8152,42.3706,42.0012,22.6856,IDFxm/IDFdk3,7,MD-F,0.575753162,5.10E-01,4.70E-01,6.72E-02,1.89,1.419135183,1.088746057
404,404,197,404,33.7975,32.3215,28.8421,25.7128,13.6511,12.7668,10.8786,9.44821,IDFdk3,1,MD-SD,1.831008742,1.85E+00,1.88E+00,1.90E+00,0.03,0.051289392,0.110505096
405,405,140,405,319.279,296.793,316.392,303.536,27.2182,18.5287,30.5293,19.5186,IDFdk3,1,MD-SD,1.757895279,1.45E+00,1.72E+00,1.55E+00,1.33,0.094950134,0.215781368
406,406,229,406,54.6213,49.3328,17.0341,13.0955,6.07475,3.52749,3.0357,3.30565,IDFdk3,1,MD-SD,1.578978104,1.65E+00,1.96E+00,1.97E+00,0.24,1.216950772,0.59194085
407,407,34,407,215.533,218.894,223.359,223.294,13.671,15.2567,17.3905,17.0335,IDFxm,1,MD,0.186219078,2.22E-01,2.73E-01,2.72E-01,0.93,1.600001429,0.110996364
408,408,87,408,124.909,105.035,103.186,117.555,5.80067,2.47344,1.66029,1.4947,IDFdk3,1,MD-SD,0.427725305,7.41E-01,7.72E-01,5.37E-01,0.21,1.004363309,0.132892598
409,409,5,409,278.322,272.478,247.591,247.867,15.5546,13.5598,14.6924,14.4282,IDFdk3,1,MD-SD,1.144736141,1.04E+00,6.19E-01,6.23E-01,2.77,1.937160258,1.976333276
410,410,172,410,355.991,293.377,339.499,312.919,3.84088,1.5094,4.64539,2.56465,IDFdk3,9,W,1.997553081,1.40E+00,1.94E+00,1.68E+00,2.25,1.707600262,0.693654707
411,411,220,411,342.46,353.295,0.678687,356.065,5.55937,6.63258,7.6519,7.60544,IDFdk3,1,MD-SD,1.953506786,1.99E+00,2.00E+00,2.00E+00,2.04,1.178802215,1.268680044
412,412,81,412,193.084,179.494,172.825,170.222,10.2758,10.9692,10.2578,7.02171,IDFdk3,1,MD-SD,0.025960778,3.90E-05,7.83E-03,1.45E-02,4.23,0.209631091,0.59272562
413,413,111,413,17.8054,9.24652,8.29332,7.65695,17.9168,24.8255,21.589,19.6768,IDFdk3,8,MD-F,1.952100577,1.99E+00,1.99E+00,1.99E+00,1,1.488468955,1.504300554
414,414,187,414,321.918,326.527,323.586,325.291,16.0531,15.7577,14.0444,14.015,IDFdk3,7,F-VM,1.787128831,1.83E+00,1.80E+00,1.82E+00,0.99,1.707106781,0.322953688
415,415,5,415,246.006,262.721,255.611,264.099,10.2309,11.5459,12.7874,12.3088,IDFdk3,1,MD-SD,0.593359025,8.73E-01,7.51E-01,8.97E-01,2.34,1.573433459,1.976333276
416,416,98,416,181.025,179.057,183.692,190.778,39.0329,39.8549,39.1185,37.9856,IDFxm/IDFdk3,7,MD-F,0.000160015,1.35E-04,2.08E-03,1.76E-02,2.8,1.694407231,1.088746057
417,417,92,417,220.223,215.512,218.841,219.597,24.3428,22.6404,20.6659,18.7337,IDFdk3,1,MD-SD,0.236463136,1.86E-01,2.21E-01,2.29E-01,0.21,0.584989146,0.128162065
418,418,105,418,75.4585,89.7904,92.4688,102.98,21.4466,18.2493,11.2185,10.4017,IDFdk3,8,MD-F,1.251081179,1.00E+00,9.57E-01,7.75E-01,3.32,1.788010754,1.131988392
419,419,115,419,356.777,355.318,356.139,355.493,25.3903,26.6327,27.8669,27.3179,IDFdk3,5,VD,1.998418276,2.00E+00,2.00E+00,2.00E+00,0.49,0.00496178,2.724607033
420,420,5,420,286.882,245.959,237.624,235.427,12.5686,13.3461,14.9838,13.1056,IDFdk3,1,MD-SD,1.290401587,5.93E-01,4.65E-01,4.33E-01,2.09,1.573576436,1.976333276
421,421,112,421,351.225,337.106,332.101,336.931,17.0946,18.54,16.3541,17.3464,IDFdk3,8,MD-F,1.98829504,1.92E+00,1.88E+00,1.92E+00,0.09,1,0.787859616
422,422,213,422,350.677,355.086,14.8588,13.9533,4.54923,5.65164,6.80296,7.15761,IDFdk3,1,MD-SD,1.986790765,2.00E+00,1.97E+00,1.97E+00,2.75,0.042177505,1.001596392
423,423,202,423,14.664,18.3831,16.3875,15.4272,7.16074,8.52888,8.65991,8.43724,IDFdk3,1,MD-SD,1.967427003,1.95E+00,1.96E+00,1.96E+00,0.79,1.35118807,1.484699847
424,424,196,424,5.53103,6.65553,8.46374,9.74416,16.8839,15.6603,18.0845,18.7592,IDFdk3,8,MD-F,1.995344145,1.99E+00,1.99E+00,1.99E+00,2.65,1.047629462,0.828743982
425,425,111,425,356.232,358.743,3.58722,4.18004,19.1347,19.1525,18.6833,19.0152,IDFdk3,8,MD-F,1.997838327,2.00E+00,2.00E+00,2.00E+00,4.03,1.614560605,1.504300554
426,426,55,426,184.284,181.064,170.218,173.34,11.1518,11.9791,12.4087,12.4185,IDFxm,1,MD,0.002793967,1.72E-04,1.45E-02,6.75E-03,0.58,0.00102943,0.19292079
427,427,142,427,210.235,208.66,209.482,253.824,20.2752,20.666,19.27,8.23462,IDFdk3,1,MD-SD,0.136032637,1.23E-01,1.29E-01,7.21E-01,4.64,1.800103636,0.292733496
428,428,20,428,249.304,260.079,254.787,258.906,10.7851,12.3149,11.3935,11.7059,IDFdk3,1,MD-SD,0.646590463,8.28E-01,7.38E-01,8.08E-01,1.37,0.542746847,1.537685424
429,429,31,429,161.937,165.208,175.671,177.283,7.28822,6.52027,6.63193,6.56553,IDFdk3,1,MD-SD,0.049283841,3.31E-02,2.85E-03,1.12E-03,0.78,1,0.628464811
430,430,134,430,211.267,200.327,201.588,200.244,23.4749,25.413,18.7465,21.2969,IDFdk3,1,MD-SD,0.14524209,6.23E-02,7.01E-02,6.18E-02,2.07,0.790552096,0.779716566
431,431,175,431,297.976,334.42,344.871,345.611,2.31436,9.31998,5.58275,5.12223,IDFdk3,1,MD-SD,1.469101673,1.90E+00,1.97E+00,1.97E+00,2.49,0.903285637,2.037658975
432,432,21,432,268.318,266.187,279.506,260.948,10.946,11.1162,10.4514,10.0953,IDFdk3,1,MD-SD,0.970647778,9.33E-01,1.17E+00,8.43E-01,0.33,0.91701786,0.374814731
433,433,175,433,304.747,294.665,313.287,312.761,9.97129,5.59171,5.42031,4.99432,IDFdk3,1,MD-SD,1.569953741,1.42E+00,1.69E+00,1.68E+00,0.49,0.019763338,2.037658975
434,434,2,434,234.28,228.391,236.009,242.143,15.9038,13.4172,13.2063,11.9707,IDFdk3,1,MD-SD,0.416175354,3.36E-01,4.41E-01,5.33E-01,4.83,1.605016094,1.427806913
435,435,213,435,23.9968,20.3366,14.3834,17.6149,7.76662,6.29608,7.20222,6.93209,IDFdk3,1,MD-SD,1.913568173,1.94E+00,1.97E+00,1.95E+00,0.18,0.683854176,1.001596392
436,436,220,436,352.136,2.40833,356.924,353.935,8.07459,6.3819,6.11905,5.7729,IDFdk3,1,MD-SD,1.990595627,2.00E+00,2.00E+00,1.99E+00,1.59,1,1.268680044
437,437,202,437,329.917,331.157,338.03,347.734,7.25558,4.84661,5.95295,5.99501,IDFdk3,1,MD-SD,1.865300184,1.88E+00,1.93E+00,1.98E+00,0.53,1.447290848,1.484699847
438,438,48,438,206.537,204.111,199.978,195.319,16.5405,15.4313,18.1541,21.2594,IDFxm,1,MD,0.105353967,8.72E-02,6.02E-02,3.55E-02,2.27,1.008202955,0.670297518
439,439,111,439,355.249,352.268,0.0830135,359.084,10.8412,14.1884,15.376,16.2952,IDFdk3,8,MD-F,1.996564057,1.99E+00,2.00E+00,2.00E+00,3.27,1.759271307,1.504300554
440,440,155,440,30.21,32.9832,45.3086,51.449,8.81252,13.1554,14.6639,14.4314,IDFdk3,1,MD-SD,1.864186995,1.84E+00,1.70E+00,1.62E+00,0.56,0.399998571,2.175014789
441,441,76,441,200.515,186.082,94.1262,58.0916,3.11096,1.86866,0.998835,0.434903,IDFdk3,1,MD-SD,0.063419527,5.63E-03,9.28E-01,1.53E+00,0.64,1,1.232023521
442,442,94,442,110.608,122.194,133.95,158.421,7.03835,5.48869,3.81562,3.51011,IDFdk3,1,MD-SD,0.648027657,4.67E-01,3.06E-01,7.01E-02,1.18,0.027345598,0.292124821
443,443,175,443,332.319,24.2689,30.8193,12.9309,3.08432,1.69472,2.20037,2.13905,IDFdk3,1,MD-SD,1.885547725,1.91E+00,1.86E+00,1.97E+00,1.25,0.025122046,2.037658975
444,444,155,444,302.646,332.684,341.747,341.9,7.5241,9.37178,12.4482,12.3248,IDFdk3,8,MD-F,1.539446975,1.89E+00,1.95E+00,1.95E+00,2.78,0,2.175014789
445,445,196,445,24.3183,15.5197,357.1,358.238,12.3759,11.7647,14.9057,15.3811,IDFdk3,8,MD-F,1.911271794,1.96E+00,2.00E+00,2.00E+00,1.3,0.167078759,0.828743982
446,446,155,446,6.16929,1.95458,5.56043,7.24419,23.9531,26.5741,23.0278,21.8158,IDFdk3,8,MD-F,1.994208708,2.00E+00,2.00E+00,1.99E+00,0.34,1.316145824,2.175014789
447,447,142,447,323.328,322.535,323.707,302.806,56.7725,43.322,31.8494,16.4259,IDFdk3,8,MD-F,1.802067603,1.79E+00,1.81E+00,1.54E+00,0.72,0.292893219,0.292733496
448,448,35,448,235.343,238.144,243.633,250.928,10.8768,11.0294,11.2172,11.0838,IDFdk3,1,MD-SD,0.431337649,4.72E-01,5.56E-01,6.73E-01,0.14,1.897489419,0.122906358
449,449,175,449,208.039,119.07,66.3469,34.2032,1.22052,0.807873,1.18207,1.6208,IDFdk3,1,MD-SD,0.117372171,5.14E-01,1.40E+00,1.83E+00,0.18,1,2.037658975
450,450,210,450,39.3304,30.5159,9.51787,8.96078,7.35022,4.53607,3.23437,3.53064,IDFdk3,1,MD-SD,1.773504042,1.86E+00,1.99E+00,1.99E+00,0.91,1.825113498,0.114465364
451,451,155,451,1.91027,358.96,353.497,356.914,14.3505,13.5944,14.2743,17.487,IDFdk3,8,MD-F,1.999444257,2.00E+00,1.99E+00,2.00E+00,3.68,0.210594384,2.175014789
452,452,61,452,286.181,271.149,280.264,282.962,10.5267,9.98622,8.86207,7.94404,IDFxm,1,MD,1.278672645,1.02E+00,1.18E+00,1.22E+00,3.32,0.878650369,0.415458982
453,453,81,453,239.118,244.33,204.418,194.728,6.96688,7.5151,6.55394,6.72518,IDFdk3,1,MD-SD,0.486728342,5.67E-01,8.94E-02,3.29E-02,2.31,0.224724688,0.59272562
454,454,95,454,170.164,180.513,154.462,152.877,4.3633,4.85249,4.47804,4.48115,IDFdk3,1,MD-SD,0.014699242,4.01E-05,9.77E-02,1.10E-01,1.06,0.838396179,0.478779171
455,455,236,455,33.9004,20.2896,5.36039,10.0948,6.0529,7.73024,7.33539,6.4064,IDFdk3,1,MD-SD,1.830008391,1.94E+00,2.00E+00,1.98E+00,2.06,0.036090224,0.336801798
456,456,89,456,128.129,107.182,167.468,163.684,6.16848,3.56406,8.17418,5.90518,IDFdk3,1,MD-SD,0.3825659,7.05E-01,2.38E-02,4.03E-02,2.45,1,0.432593725
457,457,175,457,47.31,52.0105,75.1131,55.5464,1.52581,1.74151,1.06195,0.684401,IDFdk3,1,MD-SD,1.678031393,1.62E+00,1.26E+00,1.57E+00,3.33,1.220697435,2.037658975
458,458,66,458,331.335,294.587,274.991,248.302,9.15329,4.97745,2.68351,2.65419,IDFxm,1,MD,1.877439352,1.42E+00,1.09E+00,6.30E-01,1.33,1.80870912,0.136236432
459,459,49,459,157.171,157.233,169.366,164.617,11.3563,10.4468,9.2277,8.22719,IDFxm,1,MD,0.078333106,7.79E-02,1.72E-02,3.58E-02,0.26,1.196117291,0.425047375
460,460,213,460,348.628,6.24596,28.0348,21.1944,6.02809,5.78883,6.80011,7.17541,IDFdk3,1,MD-SD,1.980367651,1.99E+00,1.88E+00,1.93E+00,1.44,1.447290848,1.001596392
461,461,115,461,328.653,329.945,339.426,339.531,17.3567,20.4172,23.5727,22.4251,IDFdk3,5,VD,1.854032379,1.87E+00,1.94E+00,1.94E+00,2.64,1.939573176,2.724607033
462,462,11,462,85.6262,87.7343,104.463,135.447,9.16365,7.8545,6.4432,3.73666,IDFxm,1,MD,1.076263092,1.04E+00,7.50E-01,2.87E-01,0.29,1.81925214,0.14115995
463,463,187,463,322.448,332.889,331.53,345.382,22.0838,22.7747,18.0745,19.8328,IDFdk3,5,VD,1.792800519,1.89E+00,1.88E+00,1.97E+00,0.36,0.013599414,0.322953688
464,464,167,464,12.7066,28.1748,24.712,20.9127,30.2874,40.4162,41.5186,40.183,IDFdk3,5,VD,1.975509213,1.88E+00,1.91E+00,1.93E+00,2.87,1.110081262,0.205048426
465,465,170,465,8.67191,19.0748,7.26856,21.1336,33.7052,35.9043,34.7422,33.5604,IDFdk3,5,VD,1.988567926,1.95E+00,1.99E+00,1.93E+00,0.38,0.219133281,0.577378108
466,466,187,466,18.3031,13.1859,359.948,359.745,16.3548,17.2999,9.7461,9.91015,IDFdk3,7,F-VM,1.949408488,1.97E+00,2.00E+00,2.00E+00,2.18,1.514439534,0.322953688
467,467,208,467,24.7179,17.7778,9.29323,11.1884,11.8341,11.633,11.3387,10.2262,IDFdk3,1,MD-SD,1.908377586,1.95E+00,1.99E+00,1.98E+00,1.68,1.98836151,0.159517341
468,468,202,468,342.73,340.685,0.241384,357.768,16.1086,9.31528,6.01232,5.73891,IDFdk3,1,MD-SD,1.954916374,1.94E+00,2.00E+00,2.00E+00,1.24,0.066669989,1.484699847
469,469,64,469,172.282,171.865,186.828,187.214,11.6172,12.1604,11.1868,6.86379,IDFxm,1,MD,0.009058942,1.01E-02,7.09E-03,7.92E-03,0.58,0.905196676,0.177664435
470,470,31,470,175.699,169.555,176.187,177.283,8.61725,6.35648,6.98614,6.56553,IDFdk3,1,MD-SD,0.002816175,1.66E-02,2.21E-03,1.12E-03,0.08,0.063695061,0.628464811
471,471,155,471,347.353,345.798,344.036,343.201,44.9098,46.4833,44.75,48.4805,IDFdk3,8,MD-F,1.97573749,1.97E+00,1.96E+00,1.96E+00,1.58,1.360485252,2.175014789
472,472,205,472,19.7921,13.9978,5.8323,4.15557,10.716,11.0175,10.843,10.262,IDFdk3,1,MD-SD,1.940927466,1.97E+00,1.99E+00,2.00E+00,4.82,0.486308995,1.111797978
473,473,75,473,297.245,161.127,107.39,105.162,2.84476,0.819593,2.15908,1.96404,IDFdk3,1,MD-SD,1.457796332,5.38E-02,7.01E-01,7.38E-01,0.09,0.445300784,0.253689311
474,474,111,474,21.2368,15.5682,7.39553,9.24629,13.8887,21.1241,18.091,18.9649,IDFdk3,1,MD-SD,1.932091344,1.96E+00,1.99E+00,1.99E+00,1.22,1.196117291,1.504300554
475,475,49,475,172.656,177.948,182.559,175.244,10.0087,8.48017,7.66756,7.99529,IDFxm,1,MD,0.008203429,6.41E-04,9.97E-04,3.44E-03,0.83,1.316145824,0.425047375
476,476,76,476,192.344,191.049,180.166,180.436,3.46527,2.56175,2.05094,1.87635,IDFdk3,1,MD-SD,0.023118309,1.85E-02,4.20E-06,2.90E-05,0.34,1.316145824,1.232023521
477,477,5,477,191.574,189.832,191.141,192.928,36.9646,36.4104,33.0177,32.9947,IDFdk3,8,MD-F,0.020333605,1.47E-02,1.88E-02,2.53E-02,0.04,1.928485827,1.976333276
478,478,100,478,166.054,163.129,150.836,149.58,14.6311,13.5927,13.0029,13.1551,IDFxm/IDFdk3,4,VD-MD,0.029476699,4.30E-02,1.27E-01,1.38E-01,0.78,2,0.221297692
479,479,220,479,16.4565,13.2343,355.172,356.374,8.03642,8.983,6.79535,7.4253,IDFdk3,1,MD-SD,1.959035088,1.97E+00,2.00E+00,2.00E+00,1.57,0.211237662,1.268680044
480,480,119,480,348.315,4.14345,30.6912,42.5234,0.320204,0.538517,0.330042,1.18105,IDFdk3,NA,,1.979275867,2.00E+00,1.86E+00,1.74E+00,13.53,0.01965989,0.493372401
481,481,58,481,197.747,204.948,208.21,211.77,17.5961,15.7907,15.2891,12.2498,,NA,,0.047588239,9.33E-02,1.19E-01,1.50E-01,2.36,1.55861399,0.114179563
482,482,81,482,161.216,169.646,171.525,186.169,4.59903,4.9621,6.61397,6.84498,IDFdk3,1,MD-SD,0.053260783,1.63E-02,1.09E-02,5.79E-03,0.89,1.986400586,0.59272562
483,483,20,483,264.383,263.089,269.997,260.677,13.0088,12.0282,11.1768,11.536,IDFdk3,1,MD-SD,0.902121815,8.80E-01,1.00E+00,8.38E-01,1.95,1.903410142,1.537685424
484,484,20,484,268.022,274.031,261.731,256.511,14.0839,14.1632,12.3664,12.4253,IDFdk3,1,MD-SD,0.965484244,1.07E+00,8.56E-01,7.67E-01,1.27,0.934771031,1.537685424
485,485,157,485,33.3737,20.3081,15.8145,16.4841,22.3418,21.7219,22.2121,21.4417,IDFdk3,1,MD-SD,1.835100458,1.94E+00,1.96E+00,1.96E+00,0.55,0.011322051,0.618452048
486,486,2,486,257.297,253.195,261.288,260.433,11.7688,12.6927,12.9499,13.2211,IDFdk3,1,MD-SD,0.780102717,7.11E-01,8.49E-01,8.34E-01,0.11,1.759271307,1.427806913
487,487,111,487,20.557,20.553,22.0346,20.0288,27.5484,26.3984,23.9604,22.5344,IDFdk3,8,MD-F,1.936323326,1.94E+00,1.93E+00,1.94E+00,0.69,1.312169112,1.504300554
488,488,114,488,293.699,283.321,286.548,292.388,4.4968,3.95193,3.92795,3.9778,IDFdk3,NA,,1.401931795,1.23E+00,1.28E+00,1.38E+00,19.28,1.522944934,0.89793859
489,489,68,489,348.577,268.925,234.663,231.729,2.57714,2.74592,4.71418,3.17861,IDFxm,1,MD,1.980191751,9.81E-01,4.22E-01,3.81E-01,2.97,1.89438856,0.102090904
490,490,154,490,346.472,343.125,348.076,349.517,39.1697,30.9189,29.6695,28.5245,IDFdk3,8,MD-F,1.972255721,1.96E+00,1.98E+00,1.98E+00,0.23,1,0.122594709
491,491,20,491,269.803,261.461,266.28,267.53,13.5674,13.9046,13.578,12.5718,IDFdk3,1,MD-SD,0.996561708,8.52E-01,9.35E-01,9.57E-01,1.65,1.961501869,1.537685424
492,492,106,492,124.006,122.767,112.054,110.736,8.53147,9.00057,8.62536,7.50251,IDFdk3,8,MD-F,0.440720283,4.59E-01,6.25E-01,6.46E-01,2.24,1.495761848,0.16120763
493,493,41,493,168.108,167.053,169.557,166.947,18.7932,18.7878,18.2899,18.5131,IDFxm/IDFdk3,4,VD-MD,0.021462233,2.54E-02,1.66E-02,2.58E-02,2.84,0.317874005,0.400437975
494,494,26,494,225.097,222.766,250.54,257.015,13.4018,18.9307,12.2097,14.5057,IDFdk3,1,MD-SD,0.294091342,2.66E-01,6.67E-01,7.75E-01,2.51,0.018808275,0.169712868
495,495,139,495,241.757,238.022,224.662,216.83,12.7273,12.2245,11.3439,11.5351,IDFdk3,1,MD-SD,0.526787958,4.70E-01,2.89E-01,2.00E-01,1.69,0.089604962,0.363782357
496,496,111,496,320.979,316.106,323.21,326.568,19.3073,16.8791,18.3639,18.866,IDFdk3,8,MD-F,1.776915251,1.72E+00,1.80E+00,1.83E+00,0.41,1.212859856,1.504300554
497,497,175,497,327.599,319.714,316.913,315.146,7.31119,6.08541,5.96652,5.50789,IDFdk3,1,MD-SD,1.844318573,1.76E+00,1.73E+00,1.71E+00,0.35,1.929776486,2.037658975
498,498,17,498,9.02579,10.432,334.616,311.424,12.8244,12.3331,7.84578,7.23924,IDFdk3,1,MD-SD,1.987617826,1.98E+00,1.90E+00,1.66E+00,2.02,0.068435628,0.994456709
499,499,151,499,314.393,342.67,336.494,339.4,15.5767,38.476,30.7936,24.5681,IDFdk3,8,MD-F,1.699576046,1.95E+00,1.92E+00,1.94E+00,0.2,0.8895718,0.622879505
500,500,175,500,22.3615,30.9583,11.3853,21.1037,2.55083,1.36966,1.36584,2.07571,IDFdk3,1,MD-SD,1.924801886,1.86E+00,1.98E+00,1.93E+00,2.24,6.19E-01,2.037658975
501,501,237,501,92.0573,92.9325,77.8908,61.7532,3.54919,2.31894,2.50149,3.03083,IDFdk3,1,MD-SD,0.964101057,9.49E-01,1.21E+00,1.47E+00,1.44,8.40E-01,0.193708431
502,502,85,502,106.826,114.879,160.325,144.214,1.25458,1.28124,2.31811,2.1212,IDFdk3,1,MD-SD,0.710533815,5.79E-01,5.84E-02,1.89E-01,0.53,1.99E+00,0.898532891
503,503,2,503,254.821,255.535,256.739,261.164,13.9859,13.2622,13.0218,12.9506,IDFdk3,1,MD-SD,0.738164536,7.50E-01,7.71E-01,8.46E-01,0.01,1.58E+00,1.427806913
504,504,31,504,238.238,223.217,222.211,219.647,4.96126,6.55407,6.03508,5.54684,IDFdk3,1,MD-SD,0.473607991,2.71E-01,2.59E-01,2.30E-01,1.89,1.55E+00,0.628464811
505,505,177,505,309.825,357.087,337.932,6.11699,3.74415,1.77155,1.21841,0.834831,IDFdk3,1,MD-SD,1.640444866,2.00E+00,1.93E+00,1.99E+00,1.84,1.24E+00,0.402855521
506,506,199,506,352.568,353.22,6.36566,5.2527,15.3888,14.6467,12.2829,12.3889,IDFdk3,1,MD-SD,1.991599075,1.99E+00,1.99E+00,2.00E+00,0.44,1.18E+00,0.790718983
507,507,219,507,15.9089,5.85839,8.07355,12.6352,14.6599,11.2718,9.31427,9.01572,IDFdk3,1,MD-SD,1.961698743,1.99E+00,1.99E+00,1.98E+00,1.17,1.24E+00,0.147757253
508,508,39,508,272.151,290.067,268.853,259.579,12.1767,14.7947,13.6867,13.9748,IDFxm,1,MD,1.037533214,1.34E+00,9.80E-01,8.19E-01,0.43,1.37E+00,0.27708576
509,509,236,509,345.519,351.122,14.145,6.79623,4.59783,4.22157,3.21626,4.25959,IDFdk3,1,MD-SD,1.968230616,1.99E+00,1.97E+00,1.99E+00,0.5,5.14E-01,0.336801798
510,510,57,510,196.509,208.105,210.832,212.894,13.3677,12.3182,12.6985,13.9458,IDFxm,1,MD,0.04122489,1.18E-01,1.41E-01,1.60E-01,4.45,1.74E+00,1.632008544
511,511,104,511,255.013,253.744,244.14,215.034,37.173,36.3457,31.9819,26.5331,IDFxm/IDFdk3,4,VD-MD,0.741400123,7.20E-01,5.64E-01,1.81E-01,1.36,5.53E-01,0.204418431
512,512,76,512,212.987,199.518,174.021,175.35,4.32863,2.43888,1.39016,1.05871,IDFdk3,1,MD-SD,0.161205879,5.75E-02,5.44E-03,3.29E-03,0.71,2.48E-01,1.232023521
513,513,170,513,8.20555,13.6283,4.09598,26.1545,37.3653,36.3479,35.165,33.0861,IDFdk3,5,VD,1.98976241,1.97E+00,2.00E+00,1.90E+00,0.24,3.85E-02,0.577378108
514,514,205,514,30.0742,25.0153,10.4439,11.706,6.42177,8.20657,8.05396,8.36006,IDFdk3,1,MD-SD,1.865377161,1.91E+00,1.98E+00,1.98E+00,11.33,1.08E+00,1.111797978
515,515,185,515,25.7203,16.261,9.66033,12.185,8.19235,10.1698,9.2913,9.10785,IDFdk3,1,MD-SD,1.900923319,1.96E+00,1.99E+00,1.98E+00,5.85,4.45E-01,1.709694031
516,516,67,516,167.966,142.035,189.535,189.369,7.19393,5.26341,5.23561,5.68134,IDFxm,1,MD,0.021975949,2.12E-01,1.38E-02,1.33E-02,2.49,1.17E+00,0.227738085
517,517,118,517,349.54,8.3208,39.6214,45.3569,26.2115,17.1814,20.3323,23.177,IDFdk3,5,VD,1.983381892,1.99E+00,1.77E+00,1.70E+00,0.84,4.19E-01,0.268791924
518,518,157,518,358.093,359.061,10.0893,14.3805,16.8039,14.7874,16.6993,19.1054,IDFdk3,1,MD-SD,1.999446158,2.00E+00,1.98E+00,1.97E+00,0.63,1.80E+00,0.618452048
519,519,77,519,162.152,131.663,148.54,62.2184,2.5913,1.77034,0.906044,0.573715,IDFdk3,1,MD-SD,0.04812704,3.35E-01,1.47E-01,1.47E+00,1.57,2.93E-01,0.31360501
520,520,136,520,198.239,195.676,197.163,194.902,21.0006,19.6954,16.1277,15.0515,IDFdk3,1,MD-SD,5.02E-02,3.72E-02,4.45E-02,3.36E-02,1.32,1.42E-01,0.158113085
521,521,117,521,344.3,340.544,338.367,353.552,16.0197,17.4002,15.66,13.3744,IDFdk3,1,MD-SD,1.96E+00,1.94E+00,1.93E+00,1.99E+00,0.59,1.42E-01,0.141397244
522,522,2,522,244.326,247.96,247.059,256.117,16.1286,13.7732,12.7077,12.383,IDFdk3,1,MD-SD,5.67E-01,6.25E-01,6.10E-01,7.60E-01,0.91,2.55E-03,1.427806913
523,523,87,523,25.9012,7.62142,108.712,121.287,1.26627,0.862878,1.2595,1.39771,IDFdk3,1,MD-SD,1.90E+00,1.99E+00,6.79E-01,4.81E-01,1.43,1.22E+00,0.132892598
524,524,206,524,326.89,331.669,356.213,359.232,9.66221,10.5325,8.63748,9.18639,IDFdk3,1,MD-SD,1.84E+00,1.88E+00,2.00E+00,2.00E+00,2.56,6.99E-01,0.620467293
525,525,115,525,335.711,335.708,338.923,341.143,32.2382,32.5656,30.4017,30.5412,IDFdk3,5,VD,1.91E+00,1.91E+00,1.93E+00,1.95E+00,5.93,9.42E-01,2.724607033
526,526,185,526,4.65064,12.5936,15.2999,12.758,17.5397,18.3742,17.5152,17.5377,IDFdk3,1,MD-SD,2.00E+00,1.98E+00,1.96E+00,1.98E+00,2.61,1.55E+00,1.709694031
527,527,84,527,260.277,213.909,161.254,152.489,5.57476,4.64426,2.9504,2.66149,IDFdk3,1,MD-SD,8.31E-01,1.70E-01,5.30E-02,1.13E-01,1.22,1.99E+00,0.169667567
528,528,155,528,348.267,348.501,346.707,344.884,69.6304,70.519,67.1198,60.2639,IDFdk3,5,VD,1.98E+00,1.98E+00,1.97E+00,1.97E+00,0.54,9.31E-02,2.175014789
529,529,201,529,13.2969,22.119,21.1227,22.2294,7.28452,7.92255,9.19296,9.40878,IDFdk3,1,MD-SD,1.97E+00,1.93E+00,1.93E+00,1.93E+00,1.87,2.19E-01,0.311658684
530,530,202,530,340.831,336.586,349.853,353.773,6.02965,6.79378,5.6471,5.40941,IDFdk3,1,MD-SD,1.94E+00,1.92E+00,1.98E+00,1.99E+00,1.65,7.90E-05,1.484699847
531,531,13,531,231.084,228.376,256.486,244.294,12.4609,11.5233,8.36375,8.46591,IDFdk3,1,MD-SD,3.72E-01,3.36E-01,7.66E-01,5.66E-01,0.36,1.71E+00,0.145857288
532,532,22,532,225.011,229.34,225.861,228.71,11.1726,10.2022,11.1173,11.4499,IDFxm,1,MD,2.93E-01,3.48E-01,3.04E-01,3.40E-01,0.24,4.22E-02,0.108205431
533,533,66,533,222.818,182.178,311.459,246.391,1.98349,3.49373,3.0714,2.5754,IDFxm,1,MD,2.66E-01,7.22E-04,1.66E+00,6.00E-01,0.14,1.97E+00,0.136236432
534,534,134,534,264.358,267.193,263.243,266.763,28.9205,30.3217,31.8599,35.607,IDFdk3,1,MD-SD,9.02E-01,9.51E-01,8.82E-01,9.44E-01,1.31,2.00E+00,0.779716566
535,535,26,535,251.792,252.973,253.167,257.557,19.279,20.8084,22.8286,21.3894,IDFdk3,1,MD-SD,6.88E-01,7.07E-01,7.10E-01,7.85E-01,1.12,1.95E+00,0.169712868
536,536,194,536,24.3451,32.5081,32.8923,31.7077,3.0741,2.45171,2.27367,2.2957,IDFdk3,1,MD-SD,1.91E+00,1.84E+00,1.84E+00,1.85E+00,2.2,8.04E-01,0.247111718
537,537,39,537,258.857,248.427,250.284,271.01,9.53802,9.7387,8.03123,8.28711,IDFxm,1,MD,8.07E-01,6.32E-01,6.63E-01,1.02E+00,0.37,1.61E+00,0.27708576
538,538,57,538,272.333,282.962,281.189,278.152,8.17175,7.91694,5.90726,6.03341,IDFxm,1,MD,1.04E+00,1.22E+00,1.19E+00,1.14E+00,0.81,2.57E-01,1.632008544
539,539,88,539,50.6559,54.9492,71.3153,98.3432,14.287,13.005,8.28002,6.26118,IDFdk3,1,MD-SD,1.63E+00,1.57E+00,1.32E+00,8.55E-01,0.07,1.95E+00,0.273943248
540,540,81,540,184.927,194.923,192.662,184.165,3.42911,5.71805,5.77976,5.25894,IDFdk3,1,MD-SD,3.70E-03,3.37E-02,2.43E-02,2.64E-03,5.21,2.00E+00,0.59272562
541,541,17,541,249.084,240.311,243.755,247.954,26.0016,28.9303,26.6805,23.5102,IDFdk3,1,MD-SD,6.43E-01,5.05E-01,5.58E-01,6.25E-01,0.66,5.04E-01,0.994456709
542,542,237,542,21.2427,1.43354,51.8858,53.6676,3.79238,3.01913,3.07064,3.34925,IDFdk3,1,MD-SD,1.93E+00,2.00E+00,1.62E+00,1.59E+00,1.13,1.55E+00,0.193708431
543,543,161,543,31.4598,38.6657,31.4726,33.6743,10.8206,13.8331,9.29922,8.66742,IDFdk3,8,MD-F,1.85E+00,1.78E+00,1.85E+00,1.83E+00,2.56,5.38E-02,0.398901273
544,544,150,544,263.048,259.838,265.705,251.707,8.93869,12.3326,11.4981,11.2979,IDFdk3,1,MD-SD,8.79E-01,8.24E-01,9.25E-01,6.86E-01,0.16,6.37E-02,0.129083256
545,545,155,545,337.642,343.468,348.844,352.201,32.6542,26.6988,28.3634,29.4346,IDFdk3,8,MD-F,1.92E+00,1.96E+00,1.98E+00,1.99E+00,3.98,1.87E+00,2.175014789
546,546,145,546,248.438,247.245,242.463,240.535,13.9508,13.0718,12.0291,11.4562,IDFdk3,1,MD-SD,6.32E-01,6.13E-01,5.38E-01,5.08E-01,2.57,3.08E-05,0.187945393
547,547,76,547,119.587,148.891,163.016,172.634,5.00959,3.10099,3.03857,3.29671,IDFdk3,1,MD-SD,5.06E-01,1.44E-01,4.36E-02,8.25E-03,2.61,3.43E-01,1.232023521
548,548,206,548,331.408,328.088,352.167,354.716,6.50114,8.04546,8.4201,8.5027,IDFdk3,1,MD-SD,1.88E+00,1.85E+00,1.99E+00,2.00E+00,1.07,2.00E-01,0.620467293
549,549,103,549,170.862,164.842,168.562,178.244,51.2516,39.822,34.7589,32.4094,IDFxm/IDFdk3,4,VD-MD,1.27E-02,3.48E-02,1.99E-02,4.70E-04,3.16,3.00E-02,0.133148307
550,550,88,550,186.956,184.785,174.969,155.207,9.92873,10.6733,9.53702,8.15615,IDFdk3,1,MD-SD,7.36E-03,3.49E-03,3.85E-03,9.22E-02,1.14,1.28E+00,0.273943248
551,551,43,551,180.607,181.02,181.855,179.604,30.3926,26.9482,26.0571,25.8467,IDFxm/IDFdk3,4,VD-MD,5.61E-05,1.58E-04,5.24E-04,2.39E-05,2.2,1.28E+00,0.742947262
552,552,196,552,40.0789,359.407,358.505,359.268,3.91162,6.04814,11.5709,11.6253,IDFdk3,1,MD-SD,1.77E+00,2.00E+00,2.00E+00,2.00E+00,4.68,2.99E-02,0.828743982
553,553,216,553,38.475,40.8826,71.3108,73.9859,5.39305,3.88457,5.50239,5.73685,IDFdk3,1,MD-SD,1.78E+00,1.76E+00,1.32E+00,1.28E+00,0.51,1.54E+00,1.466581905
554,554,156,554,25.0292,7.28202,357.512,344.314,21.1058,16.9558,18.9951,3.2779,IDFdk3,8,MD-F,1.91E+00,1.99E+00,2.00E+00,1.96E+00,2.72,3.96E-01,0.194868467
555,555,179,555,16.0608,13.2489,357.179,340.011,20.5008,19.0283,16.4185,16.452,IDFdk3,7,F-VM,1.96E+00,1.97E+00,2.00E+00,1.94E+00,0.92,4.19E-01,0.10709996
556,556,124,556,16.9414,23.0117,11.4252,17.9703,27.8058,26.7523,20.5625,32.6305,IDFdk3,5,VD,1.96E+00,1.92E+00,1.98E+00,1.95E+00,1.17,1.80E+00,0.147440583
557,557,189,557,51.2946,43.2556,27.9155,24.2696,17.3594,17.8818,16.2992,16.5981,IDFdk3,1,MD-SD,1.63E+00,1.73E+00,1.88E+00,1.91E+00,1.12,6.49E-01,0.192237385
558,558,41,558,146.906,157.066,167.102,163.486,14.9733,17.6417,18.9202,20.0514,IDFxm/IDFdk3,4,VD-MD,1.62E-01,7.90E-02,2.52E-02,4.12E-02,1.37,2.00E+00,0.400437975
559,559,232,559,16.7231,13.8227,30.2366,22.3866,5.79868,7.6448,7.30801,7.37711,IDFdk3,1,MD-SD,1.96E+00,1.97E+00,1.86E+00,1.92E+00,0.56,2.93E-01,0.305597208
560,560,95,560,124.982,137.714,145.002,146.816,6.7482,6.19694,6.87977,6.41207,IDFdk3,1,MD-SD,4.27E-01,2.60E-01,1.81E-01,1.63E-01,0.37,1.52E-01,0.478779171
561,561,75,561,10.9206,92.2394,101.32,96.1438,2.77471,3.78784,2.6243,2.1386,IDFdk3,1,MD-SD,1.98E+00,9.61E-01,8.04E-01,8.93E-01,1.58,1.95E+00,0.253689311
562,562,5,562,181.167,184.613,185.745,196.357,31.7349,32.0711,34.5674,19.6369,IDFdk3,1,MD-SD,2.07E-04,3.24E-03,5.02E-03,4.05E-02,0.11,1.86E+00,1.976333276
563,563,44,563,299.922,301.731,283.356,277.293,6.37494,5.83599,4.77859,4.21547,IDFxm,1,MD,1.50E+00,1.53E+00,1.23E+00,1.13E+00,3.28,1.22E+00,0.10415625
564,564,115,564,0.610015,357.792,359.497,355.297,21.9281,22.9033,22.5959,21.7229,IDFdk3,1,MD-SD,2.00E+00,2.00E+00,2.00E+00,2.00E+00,0.05,2.00E+00,2.724607033
565,565,229,565,93.5865,54.1828,17.0341,13.0955,5.34188,4.03633,3.0357,3.30565,IDFdk3,1,MD-SD,9.37E-01,1.59E+00,1.96E+00,1.97E+00,0.73,8.62E-02,0.59194085
566,566,151,566,257.693,252.408,332.416,342.267,2.73466,3.77255,11.6877,11.9134,IDFdk3,8,MD-F,7.87E-01,6.98E-01,1.89E+00,1.95E+00,2.11,1.62E+00,0.622879505
567,567,231,567,33.3976,25.8214,21.3033,19.8042,10.8208,8.71507,8.3311,8.83848,IDFdk3,1,MD-SD,1.83E+00,1.90E+00,1.93E+00,1.94E+00,0.65,1.55E+00,0.114344297
568,568,43,568,183.683,182.34,186.425,193.29,20.1221,19.3868,17.4779,17.2483,IDFxm/IDFdk3,4,VD-MD,2.07E-03,8.34E-04,6.28E-03,2.68E-02,5.17,1.87E+00,0.742947262
569,569,52,569,178.73,184.714,180.153,180.921,17.2787,14.2319,15.6154,14.0045,IDFxm,1,MD,2.46E-04,3.38E-03,3.57E-06,1.29E-04,1.19,6.56E-01,0.307941441
570,570,105,570,104.121,103.11,143.712,161.838,5.99789,5.12433,2.69963,2.97828,IDFdk3,8,MD-F,7.56E-01,7.73E-01,1.94E-01,4.98E-02,1.7,1.81E-01,1.131988392
571,571,123,571,201.717,194.913,195.587,180.028,18.7117,16.6134,19.9833,16.0319,IDFdk3,1,MD-SD,7.10E-02,3.37E-02,3.68E-02,1.19E-07,1.98,1.89E+00,0.491137784
572,572,105,572,339.011,331.736,322.126,319.682,10.601,10.3041,14.5204,22.1332,IDFdk3,8,MD-F,1.93E+00,1.88E+00,1.79E+00,1.76E+00,2.64,1.16E+00,1.131988392
573,573,213,573,298.235,329.391,54.1236,61.8134,6.19433,0.549159,2.29856,2.75992,IDFdk3,1,MD-SD,1.47E+00,1.86E+00,1.59E+00,1.47E+00,2.09,1.41E+00,1.001596392
574,574,42,574,180.903,178.486,178.69,173.453,18.499,17.0794,18.1587,20.4454,IDFxm/IDFdk3,4,VD-MD,1.24E-04,3.49E-04,2.61E-04,6.52E-03,2.85,1.45E+00,0.391908359
575,575,196,575,354.946,355.571,2.26977,0.437407,15.64,15.5344,14.1204,13.7815,IDFdk3,8,MD-F,2.00E+00,2.00E+00,2.00E+00,2.00E+00,1.16,0.00E+00,0.828743982
576,576,133,576,288.38,272.458,267.471,258.783,13.6222,10.0144,12.1432,12.2641,IDFdk3,1,MD-SD,1.32E+00,1.04E+00,9.56E-01,8.05E-01,3.59,9.83E-01,0.515212038
577,577,185,577,25.7194,17.2822,14.27,14.2053,14.2632,13.407,15.6462,15.8003,IDFdk3,1,MD-SD,1.90E+00,1.95E+00,1.97E+00,1.97E+00,1.41,2.00E+00,1.709694031
578,578,6,578,269.428,269.38,260.97,246.247,9.85233,11.2166,12.8112,12.4458,IDFdk3,1,MD-SD,9.90E-01,9.89E-01,8.43E-01,5.97E-01,3.46,1.63E+00,0.211632356
579,579,52,579,201.335,197.042,191.894,184.388,10.3277,10.8166,12.0825,12.5257,IDFxm,1,MD,6.85E-02,4.39E-02,2.15E-02,2.93E-03,0.29,2.00E+00,0.307941441
580,580,4,580,279.983,279.699,250.633,239.624,14.7869,13.3349,11.6673,11.4525,IDFdk3,1,MD-SD,1.17E+00,1.17E+00,6.68E-01,4.94E-01,3.31,5.13E-02,0.277482436
581,581,17,581,224.255,218.868,216.834,213.614,26.0515,26.3142,26.3153,20.038,IDFdk3,1,MD-SD,2.84E-01,2.21E-01,2.00E-01,1.67E-01,1.52,7.71E-03,0.994456709
582,582,172,582,255.349,217.547,246.114,260.019,3.46581,3.68503,3.62898,3.55888,IDFdk3,9,W,7.47E-01,2.07E-01,5.95E-01,8.27E-01,6.55,8.77E-04,0.693654707
583,583,199,583,349.46,0.551145,353.878,352.376,7.10692,7.81248,6.82097,6.62988,IDFdk3,1,MD-SD,1.98E+00,2.00E+00,1.99E+00,1.99E+00,2.4,1.45E+00,0.790718983
584,584,205,584,354.668,359.542,7.84988,9.57896,9.28624,10.7406,9.64498,9.85822,IDFdk3,1,MD-SD,2.00E+00,2.00E+00,1.99E+00,1.99E+00,1.47,5.03E-01,1.111797978
585,585,227,585,16.8641,4.42039,3.38255,5.69615,4.18941,2.00946,4.91365,4.09554,IDFdk3,1,MD-SD,1.96E+00,2.00E+00,2.00E+00,2.00E+00,2.06,2.51E-02,0.120562413
586,586,216,586,12.136,16.5672,19.5278,19.508,4.96088,5.83297,6.07677,6.21225,IDFdk3,1,MD-SD,1.98E+00,1.96E+00,1.94E+00,1.94E+00,3.65,9.57E-02,1.466581905
587,587,171,587,60.9425,32.8505,6.40811,318.373,2.92648,2.64276,1.53532,2.55271,,NA,,1.49E+00,1.84E+00,1.99E+00,1.75E+00,0.68,7.45E-02,0.123003608
588,588,205,588,342.414,342.802,355.988,358.711,11.9211,8.36942,10.5153,11.2528,IDFdk3,1,MD-SD,1.95E+00,1.96E+00,2.00E+00,2.00E+00,3.32,1.62E+00,1.111797978
589,589,217,589,311.713,337.039,8.04696,10.3742,12.0794,7.37112,6.18594,6.01578,IDFdk3,1,MD-SD,1.67E+00,1.92E+00,1.99E+00,1.98E+00,4.95,9.36E-01,0.245336039
590,590,57,590,244.478,256.442,246.316,230.162,13.4611,11.5944,9.76102,9.1253,IDFxm,1,MD,5.69E-01,7.66E-01,5.98E-01,3.59E-01,2.84,1.41E+00,1.632008544
591,591,6,591,298.687,280.137,269.304,254.865,14.1786,11.8585,12.5801,13.1831,IDFdk3,1,MD-SD,1.48E+00,1.18E+00,9.88E-01,7.39E-01,0.14,2.00E+00,0.211632356
592,592,70,592,25.9357,43.7634,19.6286,23.1149,12.4568,7.57444,10.09,9.91551,IDFxm,8,M-VM,1.90E+00,1.72E+00,1.94E+00,1.92E+00,0.1,1.71E+00,0.171402947
593,593,43,593,179.975,181.483,180.896,184.893,23.0034,23.7835,27.1019,27.5685,IDFxm/IDFdk3,4,VD-MD,9.52E-08,3.35E-04,1.22E-04,3.64E-03,3.41,5.76E-01,0.742947262
594,594,23,594,212.589,211.947,203.261,201.553,21.542,18.2711,18.8551,18.6733,IDFxm,1,MD,1.57E-01,1.51E-01,8.13E-02,6.99E-02,1.61,1.05E-01,0.371864133
595,595,5,595,217.06,218.906,229.242,237.403,40.4386,43.28,41.7319,31.3186,IDFdk3,8,MD-F,2.02E-01,2.22E-01,3.47E-01,4.61E-01,1.47,7.37E-01,1.976333276
596,596,49,596,186.231,192.049,192.801,196.662,4.16124,5.43123,6.58189,8.41691,IDFxm,1,MD,5.91E-03,2.20E-02,2.49E-02,4.20E-02,1.77,1.45E+00,0.425047375
597,597,31,597,236.789,244.009,256.895,245.76,3.18979,5.34307,4.8119,5.87786,IDFdk3,1,MD-SD,4.52E-01,5.62E-01,7.73E-01,5.89E-01,0.57,9.28E-02,0.628464811
598,598,64,598,98.2514,141.076,197.266,197.624,3.46606,3.36367,6.53485,5.72086,IDFxm,1,MD,8.56E-01,2.22E-01,4.51E-02,4.69E-02,2.27,1.80E+00,0.177664435
599,599,237,599,67.7367,92.1131,73.0283,57.0291,4.11209,4.42806,3.55621,3.01776,IDFdk3,1,MD-SD,1.38E+00,9.63E-01,1.29E+00,1.54E+00,1.75,1.99E+00,0.193708431
600,600,41,600,177.674,177.027,165.591,162.897,15.1904,14.4531,16.1843,15.9526,IDFxm/IDFdk3,4,VD-MD,8.24E-04,1.35E-03,3.15E-02,4.42E-02,2.17,1.00E+00,0.400437975
