OBJECTID,plot_id,NEAR_DIST,Near_distance,FROM_X,FROM_Y,NEAR_X,NEAR_Y,NEAR_ANGLE,Azimuth,Azimuth1
1,111_ 1,1.01416758410,1.01000000000,578962.58630000000,5769212.23740000000,578963.32300000000,5769212.93440000000,43.41385127630,46.58614868,46.59
2,205_ 2,1.42711519414,1.43000000000,582624.65170000000,5767348.11910000000,582625.82300000000,5767348.93440000000,34.84039479490,55.15960518,55.16
3,111_ 3,0.27359999996,0.27000000000,578804.54940000000,5769195.37110000000,578804.82300000000,5769195.37110000000,0.00000000000,90,90
4,91_ 4,1.32034556698,1.32000000000,579374.63450000000,5765579.97670000000,579373.92563900000,5765581.09062000000,122.47119228600,327.5287045,327.53
5,43_ 5,0.13470073584,0.13000000000,578394.20640000000,5764978.09210000000,578394.26664000000,5764978.21258000000,63.43494900010,26.56505118,26.57
6,209_ 6,2.70842399584,2.71000000000,582598.94670000000,5767499.65130000000,582601.61827300000,5767499.20604000000,-9.46232220600,99.46227701,99.46
7,70_ 7,0.67847707476,0.68000000000,578347.33850000000,5763985.61270000000,578347.32300000000,5763984.93440000000,-91.30905209430,181.3090521,181.31
8,5_ 8,2.04576323252,2.05000000000,578293.30660000000,5766206.30760000000,578294.82300000000,5766204.93440000000,-42.16291225290,132.1629122,132.16
9,20_ 9,0.58154317581,0.58000000000,578294.65130000000,5765991.11060000000,578294.08105000000,5765991.22465000000,168.69006744100,281.3099325,281.31
10,10_ 10,1.03811692025,1.04000000000,577903.32330000000,5766165.75510000000,577902.39478000000,5766165.29084000000,-153.43494880600,243.4349488,243.43
11,57_ 11,2.25012743650,2.25000000000,578559.62180000000,5764450.16460000000,578559.32300000000,5764447.93440000000,-97.63098894400,187.6309889,187.63
12,85_ 12,0.54443078457,0.54000000000,583091.67680000000,5765789.52060000000,583091.32300000000,5765789.93440000000,130.53052253500,319.4694774,319.47
13,172_ 13,7.18188778706,7.18000000000,582569.42460000000,5767996.03130000000,582568.32300000000,5767988.93440000000,-98.82319313140,188.8231931,188.82
14,113_ 14,3.53132851182,3.53000000000,578910.00520000000,5769009.24690000000,578911.58531000000,5769006.08881000000,-63.41948698990,153.4194935,153.42
15,131_ 15,1.87850435092,1.88000000000,577563.08460000000,5767909.07420000000,577562.82300000000,5767910.93440000000,98.00501201520,351.994988,351.99
16,8_ 16,0.16574582948,0.17000000000,578198.53280000000,5766152.87860000000,578198.65000000000,5766152.76140000000,-45.00000011380,135.0000001,135
17,57_ 17,0.58258843742,0.58000000000,578590.79020000000,5764532.39640000000,578591.35891500000,5764532.52278000000,12.52880771660,77.47129894,77.47
18,5_ 18,0.08293751476,0.08000000000,578138.09060000000,5766162.27250000000,578138.10686500000,5766162.19117000000,-78.69006752600,168.690745,168.69
19,111_ 19,0.92986477543,0.93000000000,579051.42950000000,5769166.69190000000,579052.32300000000,5769166.43440000000,-16.07658478080,106.0765848,106.08
20,20_ 20,2.25116173112,2.25000000000,578446.23630000000,5765789.96290000000,578447.32300000000,5765791.93440000000,61.13624104410,28.86375896,28.86
21,175_ 21,1.17634284059,1.18000000000,580490.05240000000,5767784.04140000000,580490.88420000000,5767784.87320000000,45.00000001600,45,45
22,61_ 22,2.94653671345,2.95000000000,578744.20640000000,5764462.28920000000,578746.82300000000,5764460.93440000000,-27.37381767040,117.3738177,117.37
23,61_ 23,3.32498210839,3.32000000000,578774.00510000000,5764422.65130000000,578777.32300000000,5764422.43440000000,-3.74025636195,93.74025636,93.74
24,57_ 24,3.44248946236,3.44000000000,578620.57030000000,5764468.39730000000,578622.32300000000,5764465.43440000000,-59.39361314090,149.3936132,149.39
25,126_ 25,0.87214718398,0.87000000000,575898.06740000000,5768379.38700000000,575897.48073000000,5768380.03234000000,132.27368901400,317.7264436,317.73
26,176_ 26,1.43705311212,1.44000000000,581249.08830000000,5767900.70140000000,581248.07215000000,5767899.68525000000,-135.00000000000,225,225
27,174_ 27,0.54586710235,0.55000000000,582121.03240000000,5767979.99820000000,582120.53066900000,5767979.78317000000,-156.80140953800,246.8011751,246.8
28,193_ 28,2.95751434931,2.96000000000,582144.71580000000,5767741.91710000000,582146.32300000000,5767739.43440000000,-57.08260620530,147.0826062,147.08
29,112_ 29,1.19340954045,1.19000000000,578919.76430000000,5769104.48520000000,578920.82300000000,5769103.93440000000,-27.48618801630,117.486188,117.49
30,94_ 30,0.54646369184,0.55000000000,582872.08990000000,5765467.37130000000,582871.98150400000,5765466.83569000000,-101.44100560200,191.4409142,191.44
31,175_ 31,1.13097772234,1.13000000000,580514.78820000000,5767730.27930000000,580514.23559800000,5767729.29252000000,-119.24898533800,209.2490562,209.25
32,89_ 32,2.63382305020,2.63000000000,579545.71150000000,5765616.67250000000,579544.32300000000,5765614.43440000000,-121.81514587000,211.8151459,211.82
33,211_ 33,0.42787137815,0.43000000000,582802.35750000000,5767531.02310000000,582802.78453800000,5767531.04979000000,3.57633438278,86.42364895,86.42
34,5_ 34,0.41853914241,0.42000000000,578229.61560000000,5766267.62880000000,578230.00749000000,5766267.77576000000,20.55604525130,69.44379461,69.44
35,141_ 35,0.38572127269,0.39000000000,577570.67590000000,5767589.77870000000,577570.32300000000,5767589.93440000000,156.19285734900,293.8071427,293.81
36,115_ 36,1.81267134978,1.81000000000,578915.55770000000,5768846.90310000000,578916.17714100000,5768845.19955000000,-70.01778964480,160.0178359,160.02
37,17_ 37,3.28562883922,3.29000000000,578021.97910000000,5765970.24410000000,578022.51925400000,5765973.48502000000,80.53767779200,9.462333677,9.46
38,43_ 38,0.87023468778,0.87000000000,578370.17700000000,5764995.29230000000,578370.32300000000,5764994.43440000000,-80.34176412490,170.3417641,170.34
39,67_ 39,2.04636878884,2.05000000000,578918.29410000000,5764107.48430000000,578916.32300000000,5764106.93440000000,-164.41189280700,254.4118928,254.41
40,100_ 40,0.65944778344,0.66000000000,579439.05340000000,5765171.23220000000,579438.58710000000,5765171.69850000000,135.00000000000,315,315
41,106_ 41,0.81204879683,0.81000000000,583069.51790000000,5764965.66200000000,583069.65140000000,5764966.46300000000,80.53767778930,9.462322197,9.46
42,30_ 42,0.74255560052,0.74000000000,577517.20610000000,5765525.57050000000,577516.82300000000,5765524.93440000000,-121.05903329600,211.0590332,211.06
43,214_ 43,1.46239133612,1.46000000000,581796.09010000000,5767499.70430000000,581794.82300000000,5767500.43440000000,150.04955630500,299.9504437,299.95
44,54_ 44,0.50828548940,0.51000000000,578185.65150000000,5764676.06210000000,578185.27709600000,5764675.71833000000,-137.44269906300,227.4424938,227.44
45,175_ 45,0.56942196150,0.57000000000,580612.39140000000,5767870.40030000000,580611.82300000000,5767870.43440000000,176.56677141900,273.4332286,273.43
46,122_ 46,0.12333999993,0.12000000000,575430.18110000000,5768668.70630000000,575430.08242800000,5768668.78030000000,143.13010230000,306.8684111,306.87
47,76_ 47,0.00339999981,0.00000000000,583117.67120000000,5765994.93780000000,583117.67120000000,5765994.93440000000,-90.00000000000,180,180
48,204_ 48,3.56367282486,3.56000000000,581855.60150000000,5767521.45680000000,581854.82300000000,5767524.93440000000,102.61826853500,347.3817315,347.38
49,125_ 49,0.59985425752,0.60000000000,575731.54240000000,5768423.74490000000,575731.71880900000,5768423.17157000000,-72.89727102030,162.8972921,162.9
50,43_ 50,3.88718687147,3.89000000000,578348.46940000000,5764938.13070000000,578345.48318000000,5764935.64218000000,-140.19442890100,230.1943912,230.19
51,173_ 51,2.18353149815,2.18000000000,582439.64340000000,5767965.14020000000,582437.82300000000,5767963.93440000000,-146.48022985900,236.4802299,236.48
52,94_ 52,0.64719865546,0.65000000000,582883.83430000000,5765529.78730000000,582883.82300000000,5765530.43440000000,91.00042733930,358.9995727,359
53,216_ 53,2.11669918471,2.12000000000,582168.79200000000,5767285.03060000000,582170.82300000000,5767284.43440000000,-16.35960014660,106.3596001,106.36
54,114_ 54,10.59038075040,10.59000000000,576319.20730000000,5768954.51300000000,576317.32300000000,5768964.93440000000,100.24895595500,349.751044,349.75
55,57_ 55,0.47836976166,0.48000000000,578550.11920000000,5764452.40070000000,578550.29686200000,5764452.84486000000,68.19859052920,21.8011871,21.8
56,114_ 56,17.40934253370,17.41000000000,576299.27390000000,5768929.49520000000,576313.82300000000,5768919.93440000000,-33.31052867120,123.3105287,123.31
57,119_ 57,0.67202787025,0.67000000000,576347.86870000000,5768827.91020000000,576348.16924000000,5768828.51128000000,63.43494884960,26.56505116,26.57
58,41_ 58,0.00919238933,0.01000000000,578617.31450000000,5765030.45590000000,578617.30800000000,5765030.44940000000,-134.99999794800,224.9999995,225
59,2_ 59,0.05407887174,0.05000000000,578401.65980000000,5766421.22690000000,578401.67533900000,5766421.27870000000,73.30075581330,16.69822952,16.7
60,46_ 60,0.43701038477,0.44000000000,577641.03610000000,5764929.84490000000,577641.07958400000,5764929.41006000000,-84.28940685640,174.2894069,174.29
61,76_ 61,1.26954758096,1.27000000000,583139.72390000000,5765990.53990000000,583138.82300000000,5765991.43440000000,135.20423938900,314.7957606,314.8
62,200_ 62,0.91304803877,0.91000000000,581965.62160000000,5767675.37700000000,581964.82300000000,5767674.93440000000,-151.00390820400,241.0039082,241
63,155_ 63,1.19584915442,1.20000000000,580045.17040000000,5768726.59770000000,580044.63560000000,5768725.52810000000,-116.56505117700,206.5650512,206.57
64,109_ 64,1.21201849005,1.21000000000,578779.75390000000,5769196.36430000000,578780.32300000000,5769197.43440000000,61.99508570120,28.0049143,28
65,173_ 65,1.49789840133,1.50000000000,582398.82010000000,5768001.38550000000,582397.32300000000,5768001.43440000000,178.12920459000,271.8707954,271.87
66,185_ 66,0.34454484978,0.34000000000,581977.49650000000,5767542.58520000000,581977.83758200000,5767542.53647000000,-8.13010234594,98.13076083,98.13
67,170_ 67,1.10088203332,1.10000000000,581007.42650000000,5768343.46140000000,581007.82300000000,5768342.43440000000,-68.88962454390,158.8896245,158.89
68,173_ 68,0.94295331396,0.94000000000,582415.90180000000,5767934.52960000000,582416.51546600000,5767933.81366000000,-49.39870534810,139.3985603,139.4
69,211_ 69,1.48078717610,1.48000000000,582832.00050000000,5767498.03650000000,582830.82300000000,5767498.93440000000,142.67274878000,307.3272512,307.33
70,138_ 70,0.77901999932,0.78000000000,577233.05910000000,5767681.76270000000,577232.59168800000,5767682.38592000000,126.86989764600,323.1302789,323.13
71,185_ 71,5.44411137496,5.44000000000,581975.57250000000,5767579.88150000000,581971.82300000000,5767575.93440000000,-133.52932989400,223.5293299,223.53
72,206_ 72,1.02128578212,1.02000000000,582487.97740000000,5767360.36170000000,582488.82300000000,5767360.93440000000,34.10862952570,55.89137049,55.89
73,41_ 73,0.77733196574,0.78000000000,578659.78330000000,5765054.74310000000,578660.54337700000,5765054.90597000000,12.09475707160,77.90550546,77.91
74,33_ 74,0.12414085227,0.12000000000,577457.04870000000,5765417.54920000000,577457.12085500000,5765417.65022000000,54.46232202060,35.53687301,35.54
75,31_ 75,3.09813067217,3.10000000000,578584.75150000000,5765383.28160000000,578582.34699700000,5765381.32794000000,-140.90614111200,230.9061223,230.91
76,127_ 76,2.92628144401,2.93000000000,576020.24520000000,5768355.08890000000,576017.32300000000,5768354.93440000000,-176.97352563000,266.9735256,266.97
77,13_ 77,2.66423692985,2.66000000000,578190.63640000000,5766067.98000000000,578188.75250000000,5766069.86390000000,135.00000000000,315,315
78,5_ 78,3.51939210994,3.52000000000,578212.36480000000,5766230.27050000000,578210.79088000000,5766233.41834000000,116.56505118000,333.4349488,333.43
79,6_ 79,0.77390421188,0.77000000000,578009.53700000000,5766221.73970000000,578008.80281000000,5766221.49497000000,-161.56505115000,251.5650512,251.57
80,81_ 80,1.75000000000,1.75000000000,579377.07300000000,5765920.12590000000,579378.82300000000,5765920.12590000000,0.00000000000,90,90
81,8_ 81,3.01181635811,3.01000000000,578244.32860000000,5766159.12230000000,578246.82300000000,5766157.43440000000,-34.08525916520,124.0852592,124.09
82,121_ 82,2.61979999952,2.62000000000,575429.11900000000,5768697.31460000000,575429.11900000000,5768699.93440000000,90.00000000000,0,0
83,149_ 83,2.93938826941,2.94000000000,577636.72120000000,5767407.73480000000,577634.32300000000,5767409.43440000000,144.67486855500,305.3251314,305.33
84,237_ 84,1.65384167192,1.65000000000,582125.51820000000,5767247.82060000000,582125.14631800000,5767249.43209000000,102.99461679500,347.0053936,347.01
85,165_ 85,1.63487313557,1.63000000000,581059.95690000000,5768547.99080000000,581058.32300000000,5768547.93440000000,-178.02301275100,268.0230128,268.02
86,115_ 86,4.48526029775,4.49000000000,578750.34430000000,5768952.69190000000,578754.82300000000,5768952.93440000000,3.09926372552,86.90073627,86.9
87,134_ 87,0.48678736698,0.49000000000,577446.78050000000,5767766.10070000000,577446.32300000000,5767765.93440000000,-160.02393259300,250.0239326,250.02
88,100_ 88,3.68410515947,3.68000000000,579389.99460000000,5765223.57960000000,579390.16188700000,5765227.25991000000,87.39743779720,2.602565027,2.6
89,111_ 89,1.79123355843,1.79000000000,578903.05440000000,5769164.64840000000,578904.81674100000,5769164.96883000000,10.30484646210,79.69501622,79.7
90,122_ 90,0.47342718537,0.47000000000,575417.27030000000,5768655.77930000000,575416.82300000000,5768655.93440000000,160.87615726800,289.1238428,289.12
91,5_ 91,0.74545133313,0.75000000000,578284.74350000000,5766207.17560000000,578284.82300000000,5766206.43440000000,-83.87794588140,173.8779459,173.88
92,138_ 92,1.25013929055,1.25000000000,577193.99710000000,5767707.16200000000,577194.79742000000,5767708.12238000000,50.19442889000,39.80568845,39.81
93,5_ 93,2.01077700730,2.01000000000,578181.87200000000,5766272.01950000000,578179.92742900000,5766272.53123000000,165.25643715800,284.7435846,284.74
94,126_ 94,0.66550045685,0.67000000000,575972.57440000000,5768420.24330000000,575972.63465300000,5768420.90607000000,84.80545183660,5.194530243,5.19
95,162_ 95,1.33955624330,1.34000000000,580549.28370000000,5768651.20820000000,580549.82300000000,5768652.43440000000,66.25943169660,23.74056829,23.74
96,220_ 96,2.09519868682,2.10000000000,582545.72580000000,5767320.77720000000,582546.38836000000,5767318.78952000000,-71.56505117410,161.5650512,161.57
97,226_ 97,0.76104006677,0.76000000000,582194.82690000000,5767394.28040000000,582194.39370800000,5767393.65468000000,-124.69515353800,214.6952297,214.7
98,114_ 98,22.51726498490,22.52000000000,576297.46390000000,5768938.70110000000,576281.61350000000,5768922.70760000000,-134.74252617100,224.7425262,224.74
99,109_ 99,0.61723351017,0.62000000000,578777.53960000000,5769223.59070000000,578777.10315000000,5769223.15425000000,-134.99999996900,225,225
100,41_ 100,1.07783071823,1.08000000000,578628.84040000000,5765030.07820000000,578627.81788000000,5765030.41904000000,161.56505115000,288.4349488,288.43
101,115_ 101,0.75540000014,0.76000000000,578837.47890000000,5768984.67900000000,578837.47890000000,5768985.43440000000,90.00000000000,0,0
102,149_ 102,0.70948708909,0.71000000000,577661.12330000000,5767384.07720000000,577660.82300000000,5767383.43440000000,-115.04079907200,205.040799,205.04
103,46_ 103,1.78492000052,1.78000000000,577603.13560000000,5764901.56270000000,577602.06464800000,5764902.99064000000,126.86989762800,323.1301794,323.13
104,155_ 104,6.10306145032,6.10000000000,579880.25890000000,5768601.28490000000,579877.32300000000,5768595.93440000000,-118.75424032900,208.7542403,208.75
105,139_ 105,5.71704028978,5.72000000000,577178.95760000000,5767607.25870000000,577184.56361900000,5767606.13750000000,-11.30993246690,101.3098951,101.31
106,205_ 106,0.29744566065,0.30000000000,582655.06630000000,5767330.53470000000,582655.18710400000,5767330.26289000000,-66.03751108920,156.0375892,156.04
107,105_ 107,0.62353978989,0.62000000000,583175.30970000000,5764960.04200000000,583175.93216400000,5764960.07862000000,3.36646064144,86.6331293,86.63
108,155_ 108,0.91921058587,0.92000000000,580001.20730000000,5768681.34630000000,580001.32300000000,5768680.43440000000,-82.76906517540,172.7690652,172.77
109,13_ 109,0.80601159424,0.81000000000,578197.26200000000,5766081.73810000000,578197.32300000000,5766080.93440000000,-85.65963121190,175.6596312,175.66
110,105_ 110,0.56010261956,0.56000000000,583253.62000000000,5764981.81460000000,583253.08864000000,5764981.63748000000,-161.56505117700,251.5650512,251.57
111,206_ 111,2.67362175909,2.67000000000,582472.56030000000,5767485.48140000000,582474.95166000000,5767486.67708000000,26.56505117710,63.43494883,63.43
112,144_ 112,1.21407466768,1.21000000000,577470.90570000000,5767492.36930000000,577470.32300000000,5767493.43440000000,118.68239810700,331.3176019,331.32
113,180_ 113,0.27705638691,0.28000000000,581446.34140000000,5767855.39050000000,581446.47885800000,5767855.63105000000,60.25511875380,29.74503518,29.75
114,90_ 114,0.08519419037,0.09000000000,582903.67390000000,5765575.42310000000,582903.59770000000,5765575.38500000000,-153.43494861300,243.4349485,243.43
115,160_ 115,0.14193395934,0.14000000000,579566.88100000000,5768599.51880000000,579567.01466500000,5768599.47106000000,-19.65382406440,109.6547742,109.65
116,115_ 116,1.34758365250,1.35000000000,578818.61510000000,5768805.05170000000,578817.32300000000,5768805.43440000000,163.50152699000,286.498473,286.5
117,185_ 117,5.31887165641,5.32000000000,581948.24300000000,5767719.36810000000,581951.82300000000,5767715.43440000000,-47.69515257710,137.6951526,137.7
118,103_ 118,0.30703387561,0.31000000000,579998.16600000000,5765145.83910000000,579998.13820200000,5765146.14487000000,95.19442890970,354.8054359,354.81
119,55_ 119,1.13280140866,1.13000000000,578263.88680000000,5764629.16640000000,578264.34687400000,5764630.20157000000,66.03751103020,23.9624171,23.96
120,138_ 120,2.07607642354,2.08000000000,577233.91020000000,5767657.49740000000,577232.75860000000,5767659.22480000000,123.69006752600,326.3099325,326.31
121,188_ 121,1.45272198665,1.45000000000,581050.89410000000,5767817.41580000000,581049.82300000000,5767816.43440000000,-137.50239376100,227.5023938,227.5
122,167_ 122,0.94879999943,0.95000000000,580925.87420000000,5768420.14080000000,580926.82300000000,5768420.14080000000,0.00000000000,90,90
123,76_ 123,0.86880802289,0.87000000000,583175.14030000000,5766020.72910000000,583174.32300000000,5766020.43440000000,-160.17183638100,250.1718364,250.17
124,216_ 124,1.76196799878,1.76000000000,582177.48560000000,5767250.34790000000,582178.58629300000,5767251.72377000000,51.34019174120,38.65973208,38.66
125,176_ 125,2.03903909041,2.04000000000,581199.91260000000,5767965.15790000000,581198.82300000000,5767963.43440000000,-122.30115262600,212.3011526,212.3
126,95_ 126,0.01371787196,0.01000000000,582992.05440000000,5765430.18360000000,582992.06410000000,5765430.19330000000,45.00000000000,44.99999897,45
127,8_ 127,2.59709396031,2.60000000000,578273.74000000000,5766135.70460000000,578276.32300000000,5766135.43440000000,-5.97182298079,95.97182296,95.97
128,216_ 128,2.66438294892,2.66000000000,582198.18470000000,5767291.06250000000,582200.82300000000,5767291.43440000000,8.02366126650,81.97633873,81.98
129,202_ 129,1.03625560149,1.04000000000,582307.69540000000,5767324.51780000000,582308.00014800000,5767323.52737000000,-72.89727103280,162.8972548,162.9
130,31_ 130,1.02192486224,1.02000000000,578581.45230000000,5765408.56560000000,578582.46395400000,5765408.42108000000,-8.13010236062,98.12999138,98.13
131,202_ 131,0.07557672971,0.08000000000,582352.85760000000,5767400.59640000000,582352.92136100000,5767400.63698000000,32.47119216900,57.52572629,57.53
132,115_ 132,2.42420000024,2.42000000000,578846.89880000000,5768935.35420000000,578849.32300000000,5768935.35420000000,0.00000000000,90,90
133,11_ 133,0.79185456225,0.79000000000,576966.67600000000,5766079.11130000000,576967.44421200000,5766078.91925000000,-14.03624344140,104.0360329,104.04
134,57_ 134,3.17214769324,3.17000000000,578478.45330000000,5764499.03470000000,578481.53073500000,5764498.26534000000,-14.03624346030,104.0362654,104.04
135,123_ 135,1.14770000055,1.15000000000,576403.47070000000,5768580.67630000000,576402.32300000000,5768580.67630000000,180.00000000000,270,270
136,76_ 136,0.06110978748,0.06000000000,583103.35990000000,5766092.06150000000,583103.29997700000,5766092.04952000000,-168.69006729100,258.6942968,258.69
137,34_ 137,1.92386403860,1.92000000000,577349.41580000000,5765399.51340000000,577347.82300000000,5765398.43440000000,-145.88536797700,235.885368,235.89
138,206_ 138,1.33098505143,1.33000000000,582486.62650000000,5767444.61800000000,582486.82300000000,5767445.93440000000,81.51010293460,8.489897074,8.49
139,31_ 139,1.37989994380,1.38000000000,578652.43790000000,5765418.18290000000,578651.67246900000,5765417.03475000000,-123.69006752900,213.6899869,213.69
140,129_ 140,2.27671738500,2.28000000000,575400.83140000000,5768091.94490000000,575402.30202800000,5768093.68291000000,49.76364169520,40.2364381,40.24
141,211_ 141,3.52872773705,3.53000000000,582772.30800000000,5767474.38060000000,582768.82300000000,5767474.93440000000,170.97064858900,279.0293514,279.03
142,185_ 142,0.28847187274,0.29000000000,582061.97520000000,5767815.72400000000,582062.04516500000,5767816.00386000000,75.96375655450,14.03624351,14.04
143,155_ 143,1.50773539082,1.51000000000,579948.66250000000,5768655.68200000000,579947.82300000000,5768656.93440000000,123.83446076400,326.1655392,326.17
144,112_ 144,2.10830000043,2.11000000000,578808.70370000000,5769044.32610000000,578808.70370000000,5769046.43440000000,90.00000000000,0,0
145,150_ 145,2.91927285467,2.92000000000,577562.22440000000,5767374.26460000000,577564.82300000000,5767372.93440000000,-27.10749891140,117.1074989,117.11
146,188_ 146,1.39188303499,1.39000000000,581056.80760000000,5767812.03960000000,581055.93809800000,5767813.12648000000,128.65980826500,321.340256,321.34
147,17_ 147,2.20234758914,2.20000000000,577993.29310000000,5766007.38110000000,577994.32300000000,5766005.43440000000,-62.11895894350,152.1189589,152.12
148,70_ 148,0.57784766220,0.58000000000,578350.03170000000,5764033.32590000000,578349.62310000000,5764033.73450000000,134.99999996700,315,315
149,151_ 149,0.63123312935,0.63000000000,577260.31750000000,5767352.80910000000,577259.69325100000,5767352.90274000000,171.46923435600,278.5310035,278.53
150,231_ 150,0.80587847747,0.81000000000,582804.58510000000,5767320.33480000000,582803.78544500000,5767320.23484000000,-172.87498364400,262.8747632,262.87
151,68_ 151,1.27830296309,1.28000000000,579052.48890000000,5764110.56400000000,579051.29580200000,5764110.10512000000,-158.96248895100,248.9626499,248.96
152,115_ 152,2.99651705992,3.00000000000,578898.35980000000,5768834.47390000000,578898.82300000000,5768837.43440000000,81.10759265060,8.892407347,8.89
153,178_ 153,1.49208805705,1.49000000000,581331.81930000000,5767897.14360000000,581332.64696200000,5767898.38509000000,56.30993245790,33.69013143,33.69
154,2_ 154,1.42231487267,1.42000000000,578443.54180000000,5766377.25380000000,578444.07003400000,5766375.93321000000,-68.19859051540,158.1986653,158.2
155,20_ 155,0.71612198880,0.72000000000,578391.65200000000,5765805.81640000000,578390.94562200000,5765805.69867000000,-170.53767777400,260.5376515,260.54
156,143_ 156,0.13806621530,0.14000000000,577314.19220000000,5767498.97860000000,577314.32300000000,5767498.93440000000,-18.67116446850,108.6711648,108.67
157,216_ 157,1.71306517261,1.71000000000,582145.26410000000,5767394.24470000000,582145.02183600000,5767392.54885000000,-98.13010235310,188.1300929,188.13
158,132_ 158,1.64383200235,1.64000000000,577525.28970000000,5767840.02700000000,577526.82300000000,5767839.43440000000,-21.13085225140,111.1308522,111.13
159,217_ 159,1.25027190248,1.25000000000,581838.13130000000,5767442.75950000000,581837.95449100000,5767441.52179000000,-98.12982818340,188.1297978,188.13
160,57_ 160,1.30416100229,1.30000000000,578675.99390000000,5764452.48330000000,578676.25988900000,5764453.76005000000,78.23171106130,11.76826385,11.77
161,176_ 161,0.59796816869,0.60000000000,581214.85330000000,5767870.03160000000,581214.82300000000,5767869.43440000000,-92.90451227580,182.9045123,182.9
162,175_ 162,2.24668615716,2.25000000000,580541.35600000000,5767787.47810000000,580539.32300000000,5767788.43440000000,154.80824209600,295.1917579,295.19
163,5_ 163,0.12872324735,0.13000000000,578228.47800000000,5766254.16030000000,578228.49396600000,5766254.28803000000,82.87498365110,7.124905905,7.12
164,20_ 164,1.96500346021,1.97000000000,578445.59780000000,5765772.09100000000,578443.82300000000,5765772.93440000000,154.58253688800,295.4174631,295.42
165,192_ 165,1.29210961749,1.29000000000,580864.01410000000,5767766.04710000000,580864.36907000000,5767764.80471000000,-74.05460410330,164.0545432,164.05
166,232_ 166,0.98660896542,0.99000000000,582762.66750000000,5767313.45770000000,582762.38400000000,5767314.40270000000,106.69924423700,343.3007558,343.3
167,33_ 167,1.47799264181,1.48000000000,577455.79300000000,5765422.78090000000,577454.32300000000,5765422.93440000000,174.03867794900,275.9613221,275.96
168,202_ 168,1.93705132733,1.94000000000,582241.68920000000,5767470.21710000000,582240.63689400000,5767471.84339000000,122.90524293200,327.0947395,327.09
169,217_ 169,2.66951367446,2.67000000000,581900.44850000000,5767437.44330000000,581897.84255500000,5767438.02240000000,167.47119229200,282.528831,282.53
170,30_ 170,0.11617058905,0.12000000000,577512.14930000000,5765507.55870000000,577512.09463100000,5765507.45620000000,-118.07248703000,208.0735024,208.07
171,199_ 171,3.00305343896,3.00000000000,582435.96000000000,5767449.52800000000,582438.82300000000,5767450.43440000000,17.56731781120,72.43268217,72.43
172,76_ 172,0.10535891054,0.11000000000,583124.86770000000,5766055.03870000000,583124.79320000000,5766054.96420000000,-135.00000000000,225,225
173,42_ 173,3.13102416670,3.13000000000,578581.94960000000,5764971.34420000000,578584.96015500000,5764972.20436000000,15.94539590850,74.05457897,74.05
174,137_ 174,3.69158841259,3.69000000000,577592.08040000000,5767665.97990000000,577589.32300000000,5767668.43440000000,138.32611753600,311.6738825,311.67
175,122_ 175,4.56990274211,4.57000000000,575423.80020000000,5768630.76620000000,575427.82300000000,5768632.93440000000,28.32368297080,61.67631703,61.68
176,85_ 176,1.13632059660,1.14000000000,583040.06500000000,5765744.58540000000,583040.86850000000,5765745.38890000000,45.00000000000,45.00000002,45
177,196_ 177,2.93064629828,2.93000000000,582601.54860000000,5767535.27380000000,582600.82300000000,5767532.43440000000,-104.33497240200,194.3349724,194.33
178,185_ 178,0.02029396340,0.02000000000,582046.74880000000,5767855.47990000000,582046.76315000000,5767855.49425000000,44.99999907040,44.99999861,45
179,114_ 179,2.48396471007,2.48000000000,576273.99180000000,5768898.62620000000,576272.82300000000,5768896.43440000000,-118.06923052300,208.0692305,208.07
180,111_ 180,1.14447282576,1.14000000000,578950.56000000000,5769143.77550000000,578949.41889800000,5769143.68772000000,-175.60129460900,265.6011487,265.6
181,155_ 181,0.11823915521,0.12000000000,579990.70540000000,5768626.77990000000,579990.63153700000,5768626.68757000000,-128.65980826300,218.6594298,218.66
182,49_ 182,0.06892066714,0.07000000000,577694.40790000000,5764807.59680000000,577694.37961800000,5764807.53395000000,-114.22757126100,204.2273661,204.23
183,100_ 183,0.42892255917,0.43000000000,579406.56950000000,5765241.54070000000,579406.37768000000,5765241.15706000000,-116.56505120500,206.5650512,206.57
184,202_ 184,0.31479999982,0.31000000000,582368.00820000000,5767555.34590000000,582368.32300000000,5767555.34590000000,0.00000000000,90,90
185,216_ 185,0.10433493223,0.10000000000,582202.50150000000,5767264.02470000000,582202.59482000000,5767263.97804000000,-26.56505134860,116.5650509,116.57
186,5_ 186,0.79580000043,0.80000000000,578307.11880000000,5766218.71250000000,578306.32300000000,5766218.71250000000,180.00000000000,270,270
187,148_ 187,3.42640999374,3.43000000000,577304.31420000000,5767411.34950000000,577302.82300000000,5767414.43440000000,115.79851065300,334.2014894,334.2
188,225_ 188,0.13018848716,0.13000000000,582743.22550000000,5767365.43670000000,582743.34972900000,5767365.39776000000,-17.40295794140,107.4037761,107.4
189,20_ 189,2.48652371011,2.49000000000,578434.19100000000,5765767.65480000000,578436.32300000000,5765768.93440000000,30.97166004990,59.02833995,59.03
190,185_ 190,1.78952531110,1.79000000000,582002.74580000000,5767554.50540000000,582003.82300000000,5767555.93440000000,52.99050674850,37.00949325,37.01
191,4_ 191,0.71995575446,0.72000000000,578056.04520000000,5766297.32430000000,578055.36219000000,5766297.55197000000,161.56505117100,288.4349488,288.43
192,112_ 192,0.59581363933,0.60000000000,578858.18130000000,5769059.48100000000,578858.47106400000,5769058.96039000000,-60.90012696680,150.90032,150.9
193,127_ 193,0.51473941032,0.51000000000,576003.69090000000,5768368.43190000000,576003.82300000000,5768367.93440000000,-75.12952890070,165.1295289,165.13
194,202_ 194,1.88470779213,1.88000000000,582401.80600000000,5767594.33590000000,582401.57223100000,5767592.46575000000,-97.12501634540,187.1250239,187.13
195,177_ 195,2.03610211368,2.04000000000,580707.21460000000,5767871.58860000000,580707.34160900000,5767873.62074000000,86.42366562660,3.576341398,3.58
196,105_ 196,0.07974260489,0.08000000000,583242.33890000000,5765006.79960000000,583242.41815500000,5765006.79079000000,-6.34019157964,96.34296853,96.34
197,160_ 197,1.62909900608,1.63000000000,579517.62220000000,5768620.94630000000,579516.26670800000,5768621.84996000000,146.30993249200,303.6900285,303.69
198,67_ 198,0.78820000030,0.79000000000,578894.11120000000,5764115.60870000000,578893.32300000000,5764115.60870000000,180.00000000000,270,270
199,100_ 199,2.41929040398,2.42000000000,579454.46490000000,5765181.73490000000,579455.12953000000,5765184.06111000000,74.05460409340,15.94536337,15.95
200,175_ 200,0.06024549815,0.06000000000,580481.78120000000,5767889.56140000000,580481.73860000000,5767889.51880000000,-135.00000000000,224.9999998,225
201,174_ 201,2.79141763078,2.79000000000,582269.56460000000,5767930.90380000000,582272.34216400000,5767930.62604000000,-5.71059312228,95.71066668,95.71
202,118_ 202,1.04827957402,1.05000000000,579119.32420000000,5768824.13400000000,579119.38959000000,5768825.18024000000,86.42366562500,3.576334375,3.58
203,17_ 203,0.56909368023,0.57000000000,578035.42120000000,5766012.63810000000,578035.34071800000,5766012.07473000000,-98.13010234750,188.1301593,188.13
204,7_ 204,0.01941638520,0.02000000000,578480.49440000000,5766270.88720000000,578480.47598000000,5766270.89334000000,161.56505096000,288.4349494,288.43
205,90_ 205,1.47847195760,1.48000000000,582889.22330000000,5765622.92260000000,582890.32300000000,5765621.93440000000,-41.94314058420,131.9431406,131.94
206,85_ 206,0.57927110364,0.58000000000,583224.18330000000,5765732.68070000000,583224.70925500000,5765732.43795000000,-24.77514058490,114.7752788,114.78
207,122_ 207,0.31480393797,0.31000000000,575443.68980000000,5768648.85600000000,575443.46720000000,5768649.07860000000,135.00000006000,315,315
208,238_ 208,0.04157787824,0.04000000000,581940.04180000000,5767274.09440000000,581940.01240000000,5767274.12380000000,135.00000045400,315.0000003,315
209,236_ 209,1.09418032107,1.09000000000,582695.19240000000,5767278.89270000000,582696.11254800000,5767279.48478000000,32.75971264340,57.24027071,57.24
210,175_ 210,4.07715248966,4.08000000000,580446.28490000000,5767792.21030000000,580447.82300000000,5767788.43440000000,-67.83664265080,157.8366426,157.84
211,205_ 211,0.07560964907,0.08000000000,582624.25160000000,5767499.19130000000,582624.18748300000,5767499.15123000000,-147.99461635200,237.9966249,238
212,225_ 212,1.67336092400,1.67000000000,582743.12050000000,5767390.78140000000,582742.79232700000,5767389.14053000000,-101.30993247300,191.3098989,191.31
213,65_ 213,0.68710221119,0.69000000000,578942.75190000000,5764179.39760000000,578942.32300000000,5764179.93440000000,128.62464632400,321.3753537,321.38
214,135_ 214,3.51969976225,3.52000000000,577306.38540000000,5767610.40160000000,577304.57452900000,5767607.38348000000,-120.96375653400,210.9637426,210.96
215,193_ 215,0.67597851472,0.68000000000,582131.65650000000,5767744.78840000000,582131.58923800000,5767745.46102000000,95.71059313750,354.2894069,354.29
216,173_ 216,0.39852995410,0.40000000000,582418.30520000000,5768003.74620000000,582418.29839100000,5768004.14467000000,90.97901805960,359.021033,359.02
217,119_ 217,4.57381296690,4.57000000000,576376.13020000000,5768776.94830000000,576378.32300000000,5768772.93440000000,-61.35214942400,151.3521494,151.35
218,119_ 218,1.64084417649,1.64000000000,576352.34650000000,5768761.10580000000,576351.05627400000,5768760.09205000000,-141.84277342200,231.842746,231.84
219,5_ 219,0.32380000036,0.32000000000,578223.14680000000,5766266.24650000000,578222.82300000000,5766266.24650000000,180.00000000000,270,270
220,49_ 220,2.37376982491,2.37000000000,577661.48220000000,5764838.50620000000,577663.84145100000,5764838.76834000000,6.34019174343,83.65978426,83.66
221,5_ 221,0.12388134881,0.12000000000,578388.97450000000,5766277.85600000000,578389.08814200000,5766277.80668000000,-23.45926203040,113.4605768,113.46
222,220_ 222,0.84141150389,0.84000000000,582594.31860000000,5767407.59300000000,582594.32300000000,5767408.43440000000,89.70038135170,0.299618648,0.3
223,9_ 223,0.91280414443,0.91000000000,577908.17850000000,5766228.49900000000,577907.53305000000,5766229.14445000000,134.99999997900,315,315
224,95_ 224,1.11334318273,1.11000000000,583019.45340000000,5765534.07950000000,583020.56548300000,5765534.02654000000,-2.72631101499,92.72649948,92.73
225,65_ 225,0.14424011663,0.14000000000,578782.98090000000,5764293.77000000000,578782.84832200000,5764293.82682000000,156.80140937700,293.1989037,293.2
226,177_ 226,2.27772546485,2.28000000000,580706.40290000000,5767895.53050000000,580704.12752400000,5767895.63393000000,177.39743780100,272.6026581,272.6
227,175_ 227,0.85245518835,0.85000000000,580496.98230000000,5767743.71940000000,580497.25187000000,5767742.91069000000,-71.56505118200,161.5650512,161.57
228,176_ 228,0.66597900431,0.67000000000,581217.34200000000,5767953.38830000000,581216.67888400000,5767953.44998000000,174.68563471000,275.3140995,275.31
229,162_ 229,1.56350839395,1.56000000000,580540.69650000000,5768623.50190000000,580541.32300000000,5768624.93440000000,66.37796638220,23.6220336,23.62
230,48_ 230,1.53540000040,1.54000000000,577948.35840000000,5764876.80660000000,577946.82300000000,5764876.80660000000,180.00000000000,270,270
231,115_ 231,1.51198976185,1.51000000000,578796.63320000000,5768836.36740000000,578797.82300000000,5768835.43440000000,-38.10231501950,128.102315,128.1
232,52_ 232,2.00205137178,2.00000000000,578516.68180000000,5764667.74290000000,578515.82300000000,5764665.93440000000,-115.40157861800,205.4015786,205.4
233,75_ 233,0.77837902295,0.78000000000,582997.87260000000,5766103.77630000000,582997.70374600000,5766103.01646000000,-102.52880770500,192.5288556,192.53
234,65_ 234,0.09837185315,0.10000000000,578799.18390000000,5764263.26190000000,578799.20319200000,5764263.35836000000,78.69006751270,11.30993257,11.31
235,20_ 235,2.55010974827,2.55000000000,578430.14930000000,5765764.65460000000,578428.32300000000,5765766.43440000000,135.73877765600,314.2612223,314.26
236,98_ 236,0.15147124374,0.15000000000,579491.37970000000,5765257.38650000000,579491.51518000000,5765257.31876000000,-26.56505092110,116.5650511,116.57
237,205_ 237,2.19061680795,2.19000000000,582665.12730000000,5767484.53210000000,582666.67630000000,5767486.08110000000,44.99999999140,45.00000001,45
238,2_ 238,2.47115516711,2.47000000000,578333.17990000000,5766484.56490000000,578331.32300000000,5766482.93440000000,-138.71439672100,228.7143967,228.71
239,20_ 239,1.66209318986,1.66000000000,578380.37890000000,5765842.71800000000,578379.32300000000,5765841.43440000000,-129.44099739000,219.4409974,219.44
240,220_ 240,5.06450000033,5.06000000000,582566.31030000000,5767378.49890000000,582566.31030000000,5767373.43440000000,-90.00000000000,180,180
241,49_ 241,1.50528176832,1.51000000000,577656.69950000000,5764797.00210000000,577655.38753300000,5764796.26412000000,-150.64224646900,240.6422942,240.64
242,170_ 242,0.88079999946,0.88000000000,580966.44220000000,5768340.77600000000,580967.32300000000,5768340.77600000000,0.00000000000,90,90
243,218_ 243,2.17517234340,2.18000000000,581737.19220000000,5767475.02250000000,581738.42450200000,5767476.81493000000,55.49134069230,34.50866136,34.51
244,124_ 244,0.49961124900,0.50000000000,579153.67060000000,5768567.41020000000,579153.82300000000,5768566.93440000000,-72.23960002160,162.2396,162.24
245,203_ 245,2.16166062328,2.16000000000,582180.89270000000,5767576.31600000000,582181.32300000000,5767578.43440000000,78.51800864220,11.48199135,11.48
246,216_ 246,1.20623012689,1.21000000000,582185.31470000000,5767298.93630000000,582184.90900100000,5767300.07226000000,109.65382406000,340.3462207,340.35
247,52_ 247,0.54381173286,0.54000000000,578522.26000000000,5764695.51090000000,578522.50320000000,5764695.02450000000,-63.43494884490,153.4349488,153.43
248,196_ 248,0.67279647018,0.67000000000,582649.75830000000,5767627.94740000000,582649.32300000000,5767627.43440000000,-130.31587112200,220.3158711,220.32
249,149_ 249,0.12456708093,0.12000000000,577628.47710000000,5767374.01390000000,577628.57279500000,5767373.93415000000,-39.80557098940,129.8070432,129.81
250,189_ 250,3.66440015599,3.66000000000,581935.71450000000,5767787.14190000000,581937.32300000000,5767790.43440000000,63.96289279560,26.03710721,26.04
251,115_ 251,1.73133375573,1.73000000000,578877.37930000000,5768920.93520000000,578879.04401900000,5768921.41083000000,15.94539589880,74.05473137,74.05
252,76_ 252,2.96594480104,2.97000000000,583116.39960000000,5766050.90340000000,583113.82300000000,5766049.43440000000,-150.31118718100,240.3111872,240.31
253,58_ 253,0.47825497836,0.48000000000,578116.27160000000,5764542.04000000000,578115.80328100000,5764541.94302000000,-168.30022698100,258.300493,258.3
254,108_ 254,0.88203511202,0.88000000000,576892.65170000000,5769259.11590000000,576892.32300000000,5769259.93440000000,111.87981588600,338.1201842,338.12
255,147_ 255,0.28186849812,0.28000000000,577397.13770000000,5767382.64680000000,577397.32300000000,5767382.43440000000,-48.89821242410,138.8982124,138.9
256,38_ 256,0.88609192104,0.89000000000,577636.03170000000,5765164.87250000000,577635.85792300000,5765165.74138000000,101.30993247000,348.6900041,348.69
257,202_ 257,0.18239999935,0.18000000000,582341.10930000000,5767614.25200000000,582341.10930000000,5767614.43440000000,90.00000000000,0,0
258,76_ 258,1.05698933264,1.06000000000,583065.22590000000,5766050.95410000000,583064.75320000000,5766051.89950000000,116.56505118800,333.4349488,333.43
259,118_ 259,0.00794462713,0.01000000000,579145.70360000000,5768827.74470000000,579145.70904500000,5768827.73891000000,-46.73566218810,136.7588629,136.76
260,134_ 260,1.02903848282,1.03000000000,577471.56260000000,5767820.15420000000,577472.48300000000,5767820.61440000000,26.56505116550,63.4349488,63.43
261,5_ 261,0.42972624128,0.43000000000,578325.65330000000,5766193.50440000000,578325.89166900000,5766193.14685000000,-56.30993240940,146.3096736,146.31
262,176_ 262,2.37239550776,2.37000000000,581218.67930000000,5767931.29580000000,581216.39818500000,5767931.94755000000,164.05460411800,285.9454622,285.95
263,173_ 263,0.43376991634,0.43000000000,582444.93330000000,5767970.24390000000,582445.32300000000,5767970.43440000000,26.05112204370,63.94887805,63.95
264,180_ 264,1.09245315284,1.09000000000,581443.76350000000,5767852.37860000000,581442.82300000000,5767852.93440000000,149.41851548500,300.5814845,300.58
265,226_ 265,1.16830000095,1.17000000000,582196.21540000000,5767401.10270000000,582196.21540000000,5767399.93440000000,-90.00000000000,180,180
266,88_ 266,0.61583103152,0.62000000000,583300.05490000000,5765567.50490000000,583299.82300000000,5765566.93440000000,-112.12103105100,202.121031,202.12
267,105_ 267,1.87912560821,1.88000000000,583192.52170000000,5764931.19000000000,583191.82300000000,5764932.93440000000,111.82802077500,338.1719792,338.17
268,172_ 268,2.15209073530,2.15000000000,582561.90680000000,5767989.41900000000,582560.04786900000,5767988.33462000000,-149.74356284200,239.7434804,239.74
269,76_ 269,4.51603459050,4.52000000000,583140.80190000000,5766034.79830000000,583136.82300000000,5766036.93440000000,151.77056489500,298.2294351,298.23
270,115_ 270,0.13134248053,0.13000000000,578802.67350000000,5768845.04970000000,578802.78247900000,5768845.12301000000,33.92848864790,56.07134112,56.07
271,37_ 271,0.84562041313,0.85000000000,577442.84280000000,5765250.12430000000,577443.67858700000,5765249.99572000000,-8.74616227695,98.74598713,98.75
272,111_ 272,0.99744751262,1.00000000000,579107.73650000000,5769194.02670000000,579107.32300000000,5769194.93440000000,114.49149443600,335.5085055,335.51
273,39_ 273,2.29703547994,2.30000000000,577622.75700000000,5765103.43040000000,577624.82300000000,5765104.43440000000,25.91804687870,64.0819531,64.08
274,220_ 274,1.57369836085,1.57000000000,582585.27920000000,5767237.73970000000,582586.82300000000,5767237.43440000000,-11.18640579220,101.1864058,101.19
275,133_ 275,0.89873080764,0.90000000000,577268.00680000000,5767809.00840000000,577267.57033800000,5767809.79403000000,119.05460409400,330.9453464,330.95
276,230_ 276,1.98326500783,1.98000000000,582701.69950000000,5767368.98720000000,582701.32300000000,5767370.93440000000,100.94335780900,349.0566422,349.06
277,185_ 277,0.48988025346,0.49000000000,582015.23720000000,5767569.27690000000,582014.76798000000,5767569.41767000000,163.30075584200,286.6996924,286.7
278,112_ 278,1.60624426739,1.61000000000,578827.25490000000,5769093.82960000000,578827.32300000000,5769095.43440000000,87.57010030670,2.429899696,2.43
279,126_ 279,2.49964491261,2.50000000000,575961.84200000000,5768380.16470000000,575959.41698800000,5768379.55845000000,-165.96375653100,255.9638233,255.96
280,17_ 280,3.65208932913,3.65000000000,578098.69200000000,5765943.29810000000,578095.09881900000,5765943.95141000000,169.69515352500,280.3049138,280.3
281,2_ 281,1.14447187816,1.14000000000,578389.73120000000,5766440.36520000000,578389.32300000000,5766441.43440000000,110.89589472800,339.1041053,339.1
282,73_ 282,0.77774674947,0.78000000000,579298.94720000000,5766119.41010000000,579298.39725000000,5766118.86015000000,-134.99999997600,225,225
283,211_ 283,2.43674597151,2.44000000000,582831.88930000000,5767481.81260000000,582834.32300000000,5767481.93440000000,2.86510587089,87.13489413,87.13
284,189_ 284,1.20669155056,1.21000000000,581927.77490000000,5767779.94230000000,581927.89497000000,5767778.74160000000,-84.28940686030,174.2894069,174.29
285,174_ 285,0.61270000041,0.61000000000,582091.23010000000,5767989.54710000000,582091.23010000000,5767988.93440000000,-90.00000000000,180,180
286,196_ 286,0.44205479532,0.44000000000,582611.78500000000,5767627.07970000000,582611.64521000000,5767626.66033000000,-108.43494880900,198.4349489,198.43
287,71_ 287,0.67430000007,0.67000000000,578075.18480000000,5764039.26010000000,578075.18480000000,5764039.93440000000,90.00000000000,0,0
288,202_ 288,0.56964936566,0.57000000000,582302.66480000000,5767366.34690000000,582302.98078500000,5767365.87292000000,-56.30993244800,146.310072,146.31
289,149_ 289,2.01468300149,2.01000000000,577656.95320000000,5767405.93420000000,577658.82378600000,5767406.68243000000,21.80140948390,68.1987067,68.2
290,115_ 290,1.72871136397,1.73000000000,578882.82870000000,5768917.58510000000,578881.32300000000,5768918.43440000000,150.57454214800,299.4254579,299.43
291,174_ 291,1.09486724319,1.09000000000,582185.27680000000,5767962.25720000000,582186.32300000000,5767961.93440000000,-17.14735969240,107.1473596,107.15
292,2_ 292,0.59449999966,0.59000000000,578374.72850000000,5766324.34800000000,578375.32300000000,5766324.34800000000,0.00000000000,90,90
293,63_ 293,0.71484270321,0.71000000000,578147.85140000000,5764368.68370000000,578148.40055700000,5764369.14133000000,39.80557106360,50.19448021,50.19
294,118_ 294,0.08074610693,0.08000000000,579142.82300000000,5768837.23620000000,579142.78231300000,5768837.16645000000,-120.25768380000,210.2561308,210.26
295,163_ 295,0.58651364938,0.59000000000,579447.41310000000,5768626.35390000000,579447.82300000000,5768625.93440000000,-45.66314799540,135.663148,135.66
296,173_ 296,3.21038805309,3.21000000000,582450.69180000000,5767970.69950000000,582452.32300000000,5767967.93440000000,-59.46260771180,149.4626077,149.46
297,185_ 297,0.65006540928,0.65000000000,581992.66740000000,5767523.12890000000,581993.20828600000,5767522.76831000000,-33.69016535310,123.6900186,123.69
298,83_ 298,0.00954594196,0.01000000000,583227.18220000000,5765772.58870000000,583227.17545000000,5765772.58195000000,-134.99999703600,224.9999975,225
299,155_ 299,1.59567715052,1.60000000000,579900.73610000000,5768631.62580000000,579899.82300000000,5768632.93440000000,124.90612530800,325.0938747,325.09
300,114_ 300,4.39134755188,4.39000000000,576314.62290000000,5768984.99910000000,576311.04951400000,5768987.55152000000,144.46232220400,305.537693,305.54
301,169_ 301,0.98136551351,0.98000000000,581125.71580000000,5768433.95440000000,581126.59356000000,5768434.39328000000,26.56505114670,63.43494881,63.43
302,123_ 302,1.35164758700,1.35000000000,576477.25220000000,5768581.45280000000,576476.32300000000,5768582.43440000000,133.42916759800,316.5708324,316.57
303,118_ 303,3.76375290613,3.76000000000,579156.07150000000,5768861.86310000000,579153.32300000000,5768864.43440000000,136.90778970800,313.0922103,313.09
304,21_ 304,2.72993629748,2.73000000000,578243.41860000000,5765903.20380000000,578245.64004100000,5765904.79054000000,35.53767778150,54.4623832,54.46
305,70_ 305,3.10453130884,3.10000000000,578339.81020000000,5764027.68530000000,578342.82300000000,5764028.43440000000,13.96283500660,76.03716499,76.04
306,184_ 306,1.30988181143,1.31000000000,581303.60850000000,5767889.29810000000,581303.39315700000,5767888.00604000000,-99.46232220970,189.4623078,189.46
307,202_ 307,1.28466211143,1.28000000000,582333.57230000000,5767616.47690000000,582334.32300000000,5767615.43440000000,-54.24249333290,144.2424933,144.24
308,28_ 308,0.63341558200,0.63000000000,576838.71770000000,5765708.56310000000,576838.30059300000,5765709.03979000000,131.18592513400,318.8138536,318.81
309,169_ 309,0.49949286472,0.50000000000,581093.64760000000,5768431.66830000000,581094.09436000000,5768431.89168000000,26.56505110540,63.43494879,63.43
310,194_ 310,0.06362597551,0.06000000000,580458.37570000000,5767710.23190000000,580458.32114100000,5767710.26464000000,149.03624312600,300.9673082,300.97
311,180_ 311,0.44405675277,0.44000000000,581472.25540000000,5767921.24730000000,581472.47571400000,5767921.63285000000,60.25511875340,29.74484929,29.74
312,20_ 312,1.52029292617,1.52000000000,578343.30370000000,5765858.77910000000,578341.82300000000,5765858.43440000000,-166.89521649400,256.8952165,256.9
313,196_ 313,0.91789999977,0.92000000000,582548.47620000000,5767606.51650000000,582548.47620000000,5767607.43440000000,90.00000000000,0,0
314,111_ 314,1.73618853426,1.74000000000,579096.80240000000,5769189.08870000000,579096.57293900000,5769187.36774000000,-97.59464336830,187.5946325,187.59
315,115_ 315,0.27680000011,0.28000000000,578862.54620000000,5768907.69150000000,578862.82300000000,5768907.69150000000,0.00000000000,90,90
316,239_ 316,0.29506331519,0.30000000000,582779.28750000000,5767235.46840000000,582779.03448500000,5767235.62021000000,149.03624363100,300.9639231,300.96
317,2_ 317,2.16614925840,2.17000000000,578335.21000000000,5766437.95750000000,578337.32300000000,5766438.43440000000,12.71844644530,77.28155356,77.28
318,230_ 318,1.12787118980,1.13000000000,582708.69190000000,5767376.71040000000,582708.91309800000,5767377.81637000000,78.68984362710,11.31013173,11.31
319,206_ 319,1.04376171868,1.04000000000,582485.96880000000,5767324.34730000000,582486.25554300000,5767323.34370000000,-74.05460410960,164.0545966,164.05
320,178_ 320,0.53195323022,0.53000000000,581342.82800000000,5767909.80780000000,581343.34120900000,5767909.66783000000,-15.25511876240,105.2555249,105.26
321,103_ 321,0.93309326924,0.93000000000,580041.52270000000,5765128.65120000000,580041.81777000000,5765127.76599000000,-71.56505116350,161.5650512,161.57
322,216_ 322,0.41347473522,0.41000000000,582128.39460000000,5767257.21770000000,582128.29431800000,5767256.81657000000,-104.03624345200,194.0361763,194.04
323,210_ 323,2.01183278130,2.01000000000,581591.26920000000,5767493.04500000000,581593.11370000000,5767493.84830000000,23.53365412880,66.4663459,66.47
324,20_ 324,1.05163600608,1.05000000000,578319.55800000000,5765878.41670000000,578319.82300000000,5765879.43440000000,75.40479751080,14.59520251,14.6
325,51_ 325,2.83694327019,2.84000000000,578445.06960000000,5764727.75100000000,578447.82300000000,5764728.43440000000,13.93925659510,76.06074341,76.06
326,172_ 326,6.45642210610,6.46000000000,582596.98810000000,5767959.83730000000,582591.32300000000,5767962.93440000000,151.33465167800,298.6653483,298.67
327,76_ 327,1.15089942647,1.15000000000,583122.49350000000,5766054.29620000000,583122.32300000000,5766055.43440000000,98.51944209120,351.4805579,351.48
328,174_ 328,0.19852676193,0.20000000000,582094.61770000000,5767963.68910000000,582094.51555900000,5767963.51886000000,-120.96375653200,210.9630141,210.96
329,200_ 329,5.89223252251,5.89000000000,581903.98870000000,5767654.31630000000,581898.32300000000,5767655.93440000000,164.06088182400,285.9391182,285.94
330,2_ 330,2.08321876354,2.08000000000,578439.29360000000,5766392.28980000000,578440.34327400000,5766394.08924000000,59.74356282630,30.25645301,30.26
331,14_ 331,1.49496584852,1.49000000000,577240.55780000000,5766028.91170000000,577239.25980600000,5766028.16999000000,-150.25511870100,240.2551472,240.26
332,170_ 332,0.52454564216,0.52000000000,581033.56030000000,5768336.40220000000,581033.32300000000,5768335.93440000000,-116.89722520200,206.8972252,206.9
333,5_ 333,0.45858519326,0.46000000000,578190.38500000000,5766201.72960000000,578190.45945800000,5766201.27710000000,-80.65589018300,170.6558244,170.66
334,134_ 334,0.08935546971,0.09000000000,577298.40320000000,5767689.47380000000,577298.32300000000,5767689.43440000000,-153.83641403400,243.8364141,243.84
335,65_ 335,0.95126175017,0.95000000000,578966.75330000000,5764191.09840000000,578967.37237300000,5764191.82065000000,49.39870536490,40.60136649,40.6
336,19_ 336,1.60568213514,1.61000000000,578257.16330000000,5765973.74830000000,578255.85670300000,5765974.68158000000,144.46232222600,305.5375741,305.54
337,114_ 337,1.44030787438,1.44000000000,576335.71160000000,5768925.73850000000,576336.32300000000,5768924.43440000000,-64.88145064410,154.8814506,154.88
338,151_ 338,2.47125975992,2.47000000000,577388.72260000000,5767357.34360000000,577386.32300000000,5767357.93440000000,166.16843967000,283.8315603,283.83
339,76_ 339,1.76889999956,1.77000000000,583118.55410000000,5766097.58730000000,583120.32300000000,5766097.58730000000,0.00000000000,90,90
340,235_ 340,0.22150031904,0.22000000000,581615.47470000000,5767294.77470000000,581615.28837900000,5767294.65492000000,-147.26477362700,237.2642919,237.26
341,175_ 341,1.03856713258,1.04000000000,580513.01030000000,5767875.48750000000,580513.43210200000,5767874.53845000000,-66.03751102800,156.0374102,156.04
342,136_ 342,0.29104515097,0.29000000000,577151.44540000000,5767726.72360000000,577151.23960000000,5767726.51780000000,-135.00000006500,224.9999999,225
343,133_ 343,0.17839915915,0.18000000000,577246.92470000000,5767751.68940000000,577246.94682800000,5767751.51238000000,-82.87498361400,172.8748243,172.87
344,216_ 344,1.40621979892,1.41000000000,582124.52780000000,5767394.19720000000,582125.25129400000,5767392.99138000000,-59.03624346300,149.0361736,149.04
345,100_ 345,2.08555432532,2.09000000000,579408.16330000000,5765215.00050000000,579409.76546700000,5765213.66536000000,-39.80557108490,129.8055887,129.81
346,148_ 346,0.14041685300,0.14000000000,577265.65110000000,5767396.84880000000,577265.62356200000,5767396.71111000000,-101.30976625900,191.3099325,191.31
347,113_ 347,3.91937975127,3.92000000000,578861.82880000000,5768987.60800000000,578857.94881200000,5768987.05372000000,-171.86989764900,261.8699555,261.87
348,105_ 348,2.25531900423,2.26000000000,583144.77960000000,5765003.07890000000,583146.32300000000,5765001.43440000000,-46.81645049340,136.8164505,136.82
349,64_ 349,1.74231110862,1.74000000000,578927.70660000000,5764337.58680000000,578928.93860000000,5764338.81880000000,45.00000000000,45,45
350,151_ 350,2.40379432849,2.40000000000,577421.42400000000,5767338.51270000000,577423.17345600000,5767336.86418000000,-43.29862764490,133.298544,133.3
351,185_ 351,1.44894361397,1.45000000000,582000.33860000000,5767853.37120000000,582001.32300000000,5767854.43440000000,47.20388770900,42.79611228,42.8
352,148_ 352,1.65453271391,1.65000000000,577276.25670000000,5767415.80030000000,577275.32300000000,5767414.43440000000,-124.35567561700,214.3556756,214.36
353,115_ 353,1.48960278401,1.49000000000,578852.55410000000,5768823.07270000000,578852.30921100000,5768821.60336000000,-99.46232220660,189.4622843,189.46
354,156_ 354,1.35387346996,1.35000000000,580049.60480000000,5768738.49670000000,580048.33712900000,5768738.97208000000,159.44395478400,290.5561789,290.56
355,201_ 355,0.43341665942,0.43000000000,581965.82850000000,5767649.07750000000,581965.91350000000,5767648.65250000000,-78.69006751990,168.6900675,168.69
356,213_ 356,0.41327562912,0.41000000000,582004.31240000000,5767477.78250000000,582004.72152200000,5767477.72405000000,-8.13010227427,98.13065125,98.13
357,57_ 357,1.73831947432,1.74000000000,578542.74660000000,5764456.66520000000,578544.19296900000,5764457.62945000000,33.69006753880,56.30982277,56.31
358,144_ 358,1.36610000022,1.37000000000,577468.55430000000,5767492.06830000000,577468.55430000000,5767493.43440000000,90.00000000000,0,0
359,76_ 359,1.64987190122,1.65000000000,583144.60050000000,5765996.06920000000,583144.82300000000,5765994.43440000000,-82.24953599010,172.249536,172.25
360,94_ 360,1.22469671753,1.22000000000,582882.77360000000,5765555.21070000000,582882.82300000000,5765556.43440000000,87.68826064950,2.311739356,2.31
361,98_ 361,3.81984209486,3.82000000000,579502.52670000000,5765285.61450000000,579506.31303400000,5765285.10966000000,-7.59464337228,97.59457598,97.59
362,41_ 362,0.47710769161,0.48000000000,578614.00570000000,5765036.53240000000,578613.56529300000,5765036.71590000000,157.38013507200,292.6195417,292.62
363,183_ 363,0.14590683302,0.15000000000,580891.92710000000,5767845.31640000000,580891.93749500000,5767845.46194000000,85.91438322000,4.085337007,4.09
364,201_ 364,0.86288484147,0.86000000000,581901.53860000000,5767548.42590000000,581902.28779400000,5767547.99779000000,-29.74488128540,119.7448319,119.74
365,194_ 365,1.40202568745,1.40000000000,580504.19070000000,5767712.47150000000,580504.53074100000,5767711.11134000000,-75.96375652750,165.9637169,165.96
366,114_ 366,4.72883539670,4.73000000000,576346.59650000000,5768975.58300000000,576351.32300000000,5768975.43440000000,-1.80077208392,91.80077207,91.8
367,76_ 367,0.28307861502,0.28000000000,583176.08470000000,5765950.35380000000,583176.13123800000,5765950.63303000000,80.53767777650,9.462255643,9.46
368,182_ 368,1.64701668756,1.65000000000,582620.75040000000,5767889.79550000000,582619.82300000000,5767888.43440000000,-124.26897827600,214.2689782,214.27
369,155_ 369,1.88370000012,1.88000000000,580035.33270000000,5768696.05070000000,580035.33270000000,5768697.93440000000,90.00000000000,0,0
370,225_ 370,1.73081375353,1.73000000000,582720.15950000000,5767378.91240000000,582721.82300000000,5767378.43440000000,-16.03179081050,106.0317908,106.03
371,223_ 371,1.05322819782,1.05000000000,581876.45180000000,5767410.75420000000,581876.78486000000,5767409.75502000000,-71.56505117110,161.5650512,161.57
372,57_ 372,4.90477508158,4.90000000000,578539.11260000000,5764506.54820000000,578535.32300000000,5764503.43440000000,-140.59108634500,230.5910863,230.59
373,160_ 373,0.00571239389,0.01000000000,579499.41190000000,5768651.70090000000,579499.41437400000,5768651.70605000000,64.33460128630,25.65908568,25.66
374,57_ 374,0.03225581544,0.03000000000,578544.09170000000,5764457.72320000000,578544.11853800000,5764457.74109000000,33.69006649360,56.31288892,56.31
375,88_ 375,0.48972160179,0.49000000000,583296.46160000000,5765600.06270000000,583296.36555800000,5765600.54291000000,101.30993246900,348.6900675,348.69
376,134_ 376,2.07642010418,2.08000000000,577451.67870000000,5767808.86300000000,577451.82300000000,5767810.93440000000,86.01504033980,3.984959663,3.98
377,21_ 377,0.41923740395,0.42000000000,578254.81940000000,5765885.66070000000,578254.45540000000,5765885.45270000000,-150.25511869500,240.2551188,240.26
378,220_ 378,0.49419693017,0.49000000000,582526.08370000000,5767312.87260000000,582525.73425000000,5767312.52315000000,-135.00000000000,225,225
379,216_ 379,0.03906737765,0.04000000000,582123.08840000000,5767391.73920000000,582123.10850000000,5767391.70570000000,-59.03624329220,149.0362434,149.04
380,134_ 380,2.35483044442,2.35000000000,577309.97390000000,5767661.47630000000,577311.82300000000,5767662.93440000000,38.25739656420,51.74260345,51.74
381,175_ 381,3.47366933449,3.47000000000,580445.07870000000,5767795.80480000000,580447.82300000000,5767797.93440000000,37.81176517830,52.18823483,52.19
382,12_ 382,2.09201983270,2.09000000000,578093.42170000000,5766107.56170000000,578095.32300000000,5766108.43440000000,24.65520506960,65.34479495,65.34
383,239_ 383,0.83886800838,0.84000000000,582770.63710000000,5767218.21370000000,582771.47252300000,5767218.28965000000,5.19442889694,84.80540417,84.81
384,107_ 384,1.52742539564,1.53000000000,576961.67830000000,5769438.16890000000,576960.82300000000,5769439.43440000000,124.05316170500,325.9468383,325.95
385,8_ 385,0.76508953769,0.77000000000,578337.54630000000,5766190.07820000000,578337.00530000000,5766190.61920000000,135.00000001200,315,315
386,199_ 386,0.09716627488,0.10000000000,582438.30990000000,5767339.09400000000,582438.37739400000,5767339.02410000000,-46.00262354260,136.0032427,136
387,125_ 387,1.34671918762,1.35000000000,575751.00800000000,5768427.73070000000,575749.73039000000,5768428.15657000000,161.56505120800,288.4349488,288.43
388,112_ 388,0.61879449222,0.62000000000,578855.06700000000,5769082.66800000000,578855.26268000000,5769082.08096000000,-71.56505116690,161.5650512,161.57
389,8_ 389,3.30366968074,3.30000000000,578176.86240000000,5766144.27540000000,578178.82300000000,5766146.93440000000,53.59698300750,36.40301699,36.4
390,35_ 390,0.72376577053,0.72000000000,578402.68380000000,5765389.27390000000,578403.32300000000,5765388.93440000000,-27.97423114890,117.9742312,117.97
391,105_ 391,0.86459999904,0.86000000000,583257.97730000000,5764990.56980000000,583257.97730000000,5764991.43440000000,90.00000000000,0,0
392,233_ 392,0.37433814812,0.37000000000,581905.96090000000,5767333.22780000000,581905.99479100000,5767333.60060000000,84.80557110360,5.194442791,5.19
393,111_ 393,1.04306974803,1.04000000000,578970.87210000000,5769150.00570000000,578971.82300000000,5769150.43440000000,24.26756832320,65.73243168,65.73
394,111_ 394,3.68706870082,3.69000000000,579016.72780000000,5769184.93550000000,579013.09089500000,5769185.54163000000,170.53796684200,279.4620029,279.46
395,43_ 395,0.68677534723,0.69000000000,578363.52840000000,5764955.66140000000,578363.33972800000,5764955.00105000000,-105.94539590900,195.9454417,195.95
396,167_ 396,1.00677109382,1.01000000000,580900.92790000000,5768443.73680000000,580901.03907900000,5768442.73619000000,-83.65980825190,173.659802,173.66
397,36_ 397,1.08019099911,1.08000000000,577347.64960000000,5765339.82680000000,577348.21572500000,5765338.90685000000,-58.39249775130,148.3924109,148.39
398,29_ 398,3.05462848748,3.05000000000,577397.94060000000,5765554.92320000000,577400.82300000000,5765555.93440000000,19.33182762590,70.66817238,70.67
399,228_ 399,1.79840853275,1.80000000000,581651.63070000000,5767306.82580000000,581653.32300000000,5767307.43440000000,19.78005149690,70.2199485,70.22
400,98_ 400,1.88105317530,1.88000000000,579416.01460000000,5765261.18510000000,579415.32300000000,5765262.93440000000,111.57176833400,338.4282317,338.43
401,204_ 401,1.91401839267,1.91000000000,581856.73480000000,5767515.47330000000,581858.59167100000,5767515.00908000000,-14.03624348990,104.0363088,104.04
402,54_ 402,1.11220550744,1.11000000000,578225.86270000000,5764648.03940000000,578224.82300000000,5764648.43440000000,159.19735041800,290.8026496,290.8
403,98_ 403,1.88681642810,1.89000000000,579402.29830000000,5765299.71170000000,579400.58514700000,5765300.50239000000,155.22485945000,294.7752509,294.78
404,197_ 404,0.02631015028,0.03000000000,581775.22870000000,5767652.93070000000,581775.23702000000,5767652.90574000000,-71.56505069610,161.5650512,161.57
405,140_ 405,1.32843904326,1.33000000000,577556.25800000000,5767619.63670000000,577556.82300000000,5767618.43440000000,-64.82963725170,154.8296372,154.83
406,229_ 406,0.24276687479,0.24000000000,581814.48440000000,5767330.08900000000,581814.72138600000,5767330.14166000000,12.52880770920,77.47201135,77.47
407,34_ 407,0.92759999922,0.93000000000,577349.04050000000,5765406.09840000000,577349.78258000000,5765406.65496000000,36.86989764150,53.13010233,53.13
408,87_ 408,0.20820194546,0.21000000000,583028.61480000000,5765699.93350000000,583028.82300000000,5765699.93440000000,0.24767482920,89.75232543,89.75
409,5_ 409,2.77469107569,2.77000000000,578209.79090000000,5766229.83400000000,578208.82300000000,5766232.43440000000,110.41586880800,339.5841312,339.58
410,172_ 410,2.25185279223,2.25000000000,582651.73180000000,5767965.84100000000,582653.32300000000,5767967.43440000000,45.03958132710,44.96041868,44.96
411,220_ 411,2.04227243822,2.04000000000,582575.73090000000,5767370.51120000000,582573.72157000000,5767370.87653000000,169.69515350700,280.3047712,280.3
412,81_ 412,4.23495097767,4.23000000000,579354.72870000000,5765916.78170000000,579357.32300000000,5765913.43440000000,-52.22279184080,142.2227918,142.22
413,111_ 413,1.00473256577,1.00000000000,579047.94630000000,5769173.44360000000,579048.82300000000,5769173.93440000000,29.24126345550,60.7587365,60.76
414,187_ 414,0.98825243757,0.99000000000,582704.86160000000,5767836.57540000000,582704.16280000000,5767837.27420000000,134.99999998100,315,315
415,5_ 415,2.34487114206,2.34000000000,578192.00390000000,5766265.96100000000,578190.08290700000,5766267.30570000000,145.00797979200,304.9921183,304.99
416,98_ 416,2.80221014430,2.80000000000,579438.33930000000,5765261.98840000000,579436.32300000000,5765263.93440000000,136.01644770100,313.9835523,313.98
417,92_ 417,0.20772924738,0.21000000000,579505.63400000000,5765561.02060000000,579505.82300000000,5765560.93440000000,-24.51700130510,114.5170013,114.52
418,105_ 418,3.31922034011,3.32000000000,583124.81610000000,5764989.39650000000,583122.77270600000,5764992.01218000000,127.99733156100,322.0027094,322
419,115_ 419,0.49035432803,0.49000000000,578855.23800000000,5768903.23570000000,578855.18920800000,5768902.74778000000,-95.71059312940,185.7105931,185.71
420,5_ 420,2.08566620510,2.09000000000,578237.61460000000,5766197.73800000000,578239.32300000000,5766198.93440000000,35.00372294850,54.99627705,55
421,112_ 421,0.08619999979,0.09000000000,578864.23680000000,5769123.70880000000,578864.32300000000,5769123.70880000000,0.00000000000,90,90
422,213_ 422,2.74592512918,2.75000000000,582020.29310000000,5767448.26020000000,582019.50406400000,5767445.63008000000,-106.69924423400,196.6992442,196.7
423,202_ 423,0.79051931632,0.79000000000,582280.43990000000,5767509.70460000000,582281.18008600000,5767509.98217000000,20.55604522160,69.44393782,69.44
424,196_ 424,2.65209954918,2.65000000000,582589.85030000000,5767656.75050000000,582587.20120200000,5767656.87665000000,177.27368900400,272.7263644,272.73
425,111_ 425,4.02710105355,4.03000000000,578995.99970000000,5769179.95930000000,578992.82300000000,5769182.43440000000,142.07635064000,307.9236494,307.92
426,55_ 426,0.58299349886,0.58000000000,578352.71190000000,5764615.81850000000,578352.68542800000,5764615.23611000000,-92.60256219830,182.6025354,182.6
427,142_ 427,4.64456009105,4.64000000000,577265.10900000000,5767440.21820000000,577262.32300000000,5767443.93440000000,126.85854843500,323.1414516,323.14
428,20_ 428,1.36994786071,1.37000000000,578360.10470000000,5765847.56090000000,578361.32300000000,5765846.93440000000,-27.21409255700,117.2140925,117.21
429,31_ 429,0.78199999966,0.78000000000,578669.04100000000,5765458.44420000000,578669.82300000000,5765458.44420000000,0.00000000000,90,90
430,134_ 430,2.07294111813,2.07000000000,577416.36670000000,5767769.62380000000,577414.33977300000,5767769.18946000000,-167.90524292900,257.9052835,257.91
431,175_ 431,2.48724496625,2.49000000000,580552.79860000000,5767904.67480000000,580550.32300000000,5767904.43440000000,-174.45352517100,264.4535251,264.45
432,21_ 432,0.33205811867,0.33000000000,578302.43520000000,5765829.77920000000,578302.76611100000,5765829.75163000000,-4.76288301018,94.7626243,94.76
433,175_ 433,0.48946734399,0.49000000000,580507.41980000000,5767839.91420000000,580507.32300000000,5767839.43440000000,-101.40635130500,191.4063513,191.41
434,2_ 434,4.82509639725,4.83000000000,578318.16470000000,5766452.51500000000,578314.32300000000,5766455.43440000000,142.76792661000,307.2320734,307.23
435,213_ 435,0.18176771978,0.18000000000,582025.87110000000,5767418.15350000000,582026.04354000000,5767418.09602000000,-18.43494882290,108.4349488,108.43
436,220_ 436,1.58719999995,1.59000000000,582589.23580000000,5767327.94920000000,582590.82300000000,5767327.94920000000,0.00000000000,90,90
437,202_ 437,0.53200529328,0.53000000000,582300.00330000000,5767335.88420000000,582300.47914000000,5767336.12212000000,26.56505119950,63.4349488,63.43
438,48_ 438,2.26527554420,2.27000000000,577958.58820000000,5764813.41590000000,577956.32300000000,5764813.43440000000,179.53207294300,270.467927,270.47
439,111_ 439,3.26551926033,3.27000000000,579044.66430000000,5769206.92600000000,579042.53912800000,5769209.40537000000,130.60129464100,319.3987358,319.4
440,155_ 440,0.56010000054,0.56000000000,579867.79530000000,5768617.57150000000,579867.34722000000,5768617.23544000000,-143.13010232100,233.1301024,233.13
441,76_ 441,0.64229999948,0.64000000000,583108.18070000000,5766086.55240000000,583108.82300000000,5766086.55240000000,0.00000000000,90,90
442,94_ 442,1.18468362889,1.18000000000,582890.54790000000,5765520.58670000000,582890.82300000000,5765519.43440000000,-76.57255185800,166.5725519,166.57
443,175_ 443,1.24720892424,1.25000000000,580515.10070000000,5767766.15030000000,580514.82300000000,5767764.93440000000,-102.86514904900,192.865149,192.87
444,155_ 444,2.78440000117,2.78000000000,579928.42390000000,5768666.71880000000,579928.42390000000,5768663.93440000000,-90.00000000000,180,180
445,196_ 445,1.29897067745,1.30000000000,582554.04190000000,5767623.01630000000,582553.32300000000,5767621.93440000000,-123.60320944300,213.6032095,213.6
446,155_ 446,0.33918590148,0.34000000000,580093.54630000000,5768705.53170000000,580093.22452000000,5768705.63896000000,161.56505116500,288.4349488,288.43
447,142_ 447,0.72025896737,0.72000000000,577251.97320000000,5767481.80280000000,577251.46390000000,5767481.29350000000,-135.00000000000,225,225
448,35_ 448,0.14373781594,0.14000000000,578405.88640000000,5765387.80540000000,578405.82300000000,5765387.93440000000,116.17286499300,333.8271353,333.83
449,175_ 449,0.18219999969,0.18000000000,580621.50520000000,5767858.18290000000,580621.32300000000,5767858.18290000000,180.00000000000,270,270
450,210_ 450,0.90872416062,0.91000000000,581564.80960000000,5767518.68460000000,581565.32300000000,5767519.43440000000,55.59993629870,34.40006375,34.4
451,155_ 451,3.67938117837,3.68000000000,580031.34100000000,5768677.91500000000,580029.08207800000,5768675.01067000000,-127.87498365600,217.8749673,217.87
452,61_ 452,3.31698681592,3.32000000000,578767.53050000000,5764455.33670000000,578770.82300000000,5764454.93440000000,-6.96625639626,96.9662564,96.97
453,81_ 453,2.31439803254,2.31000000000,579370.36130000000,5765893.72880000000,579371.82300000000,5765891.93440000000,-50.83408988750,140.8340899,140.83
454,95_ 454,1.05769809034,1.06000000000,583007.36680000000,5765472.10530000000,583006.32300000000,5765471.93440000000,-170.70153986000,260.7015399,260.7
455,236_ 455,2.05926456970,2.06000000000,582725.27460000000,5767299.91930000000,582725.82300000000,5767297.93440000000,-74.55527157060,164.5552716,164.56
456,89_ 456,2.44660000049,2.45000000000,579560.26960000000,5765639.47690000000,579557.82300000000,5765639.47690000000,180.00000000000,270,270
457,175_ 457,3.32687096286,3.33000000000,580595.06780000000,5767762.70000000000,580591.82300000000,5767763.43440000000,167.24703153700,282.7529684,282.75
458,66_ 458,1.33179717473,1.33000000000,579070.89670000000,5764155.47760000000,579070.11337500000,5764156.55467000000,126.02737337800,323.9725792,323.97
459,49_ 459,0.25718669994,0.26000000000,577716.55910000000,5764861.80350000000,577716.30690800000,5764861.85394000000,168.69006747500,281.3102819,281.31
460,213_ 460,1.43868613701,1.44000000000,582010.20430000000,5767446.98000000000,582008.91750000000,5767447.62340000000,153.43494881000,296.5650512,296.57
461,115_ 461,2.64170875658,2.64000000000,578785.22760000000,5768928.45240000000,578784.32300000000,5768930.93440000000,110.02498452600,339.9750155,339.98
462,11_ 462,0.29000809968,0.29000000000,576974.91200000000,5766088.71810000000,576975.07830900000,5766088.95568000000,55.00797978640,34.99250582,34.99
463,187_ 463,0.36397935895,0.36000000000,582714.29240000000,5767809.54830000000,582714.35223800000,5767809.18927000000,-80.53767780400,170.5377295,170.54
464,167_ 464,2.86650448640,2.87000000000,580895.17210000000,5768507.11900000000,580892.32300000000,5768507.43440000000,173.68298502100,276.317015,276.32
465,170_ 465,0.37834655652,0.38000000000,581030.97290000000,5768334.99900000000,581030.73654900000,5768334.70356000000,-128.65980819600,218.65969,218.66
466,187_ 466,2.18065595927,2.18000000000,582806.93140000000,5767784.51530000000,582808.80129700000,5767785.63724000000,30.96375653310,59.03620291,59.04
467,208_ 467,1.68272562367,1.68000000000,582058.51750000000,5767555.26180000000,582058.26162900000,5767556.92496000000,98.74616226010,351.25383,351.25
468,202_ 468,1.23557009381,1.24000000000,582273.52620000000,5767326.29790000000,582273.96974400000,5767325.14469000000,-68.96248897420,158.9624157,158.96
469,64_ 469,0.57924563209,0.58000000000,578949.12000000000,5764342.41250000000,578949.69663600000,5764342.35758000000,-5.44033202664,95.44055711,95.44
470,31_ 470,0.08483142423,0.08000000000,578673.63500000000,5765459.59550000000,578673.60521400000,5765459.51607000000,-110.55604507200,200.5558872,200.56
471,155_ 471,1.57807396555,1.58000000000,579979.85100000000,5768613.86560000000,579981.32300000000,5768614.43440000000,21.12718225110,68.87281778,68.87
472,205_ 472,4.82242243785,4.82000000000,582621.18540000000,5767474.41150000000,582625.32300000000,5767471.93440000000,-30.90813017030,120.9081302,120.91
473,75_ 473,0.08578438543,0.09000000000,583049.32950000000,5766073.09880000000,583049.40087700000,5766073.05122000000,-33.69006769850,123.6874741,123.69
474,111_ 474,1.22394118773,1.22000000000,579088.97160000000,5769139.93650000000,579087.77142700000,5769140.17653000000,168.69006751400,281.3097213,281.31
475,49_ 475,0.82832700941,0.83000000000,577689.17190000000,5764814.26830000000,577689.95772000000,5764814.53024000000,18.43494881780,71.56505114,71.57
476,76_ 476,0.33871156031,0.34000000000,583149.04780000000,5765911.18890000000,583149.36913000000,5765911.29601000000,18.43494885410,71.5650513,71.57
477,5_ 477,0.04040730530,0.04000000000,578230.71270000000,5766181.43500000000,578230.72770700000,5766181.47252000000,68.19859085080,21.80009259,21.8
478,100_ 478,0.78260000050,0.78000000000,579436.41460000000,5765192.65180000000,579436.41460000000,5765193.43440000000,90.00000000000,0,0
479,220_ 479,1.57162721147,1.57000000000,582539.78900000000,5767379.17410000000,582538.82300000000,5767377.93440000000,-127.92646230900,217.9264623,217.93
480,119_ 480,13.53182856640,13.53000000000,576341.65200000000,5768794.70000000000,576344.32300000000,5768781.43440000000,-78.61583108960,168.6158311,168.62
481,58_ 481,2.36462988624,2.36000000000,578088.78430000000,5764533.11350000000,578086.82300000000,5764534.43440000000,146.04044802800,303.959552,303.96
482,81_ 482,0.89317969711,0.89000000000,579362.47740000000,5765890.08650000000,579362.62423800000,5765890.96753000000,80.53767778710,9.462301121,9.46
483,20_ 483,1.95008136375,1.95000000000,578362.98680000000,5765862.17270000000,578363.82300000000,5765863.93440000000,64.60840456650,25.39159543,25.39
484,20_ 484,1.27191101892,1.27000000000,578404.09220000000,5765909.51740000000,578402.82300000000,5765909.43440000000,-176.25844002600,266.25844,266.26
485,157_ 485,0.55164934624,0.55000000000,579798.74020000000,5768742.47980000000,579798.82300000000,5768741.93440000000,-81.36754791220,171.3675479,171.37
486,2_ 486,0.11110093391,0.11000000000,578426.20560000000,5766329.83030000000,578426.13329600000,5766329.91465000000,130.60129471700,319.3971391,319.4
487,111_ 487,0.68808628156,0.69000000000,579124.47670000000,5769187.21960000000,579123.82300000000,5769187.43440000000,161.80993720400,288.1900627,288.19
488,114_ 488,19.28426666130,19.28000000000,576300.25990000000,5768951.84920000000,576283.82300000000,5768961.93440000000,148.46794187900,301.5320581,301.53
489,68_ 489,2.97177906365,2.97000000000,579079.18390000000,5764131.18140000000,579080.51292000000,5764133.83944000000,63.43494882090,26.56505118,26.57
490,154_ 490,0.22790000029,0.23000000000,580264.05090000000,5768758.06690000000,580263.82300000000,5768758.06690000000,180.00000000000,270,270
491,20_ 491,1.65299702636,1.65000000000,578270.85200000000,5765947.36640000000,578270.39788700000,5765948.95580000000,105.94539590200,344.054647,344.05
492,106_ 492,2.24496692609,2.24000000000,583112.37330000000,5764984.32150000000,583114.32300000000,5764985.43440000000,29.71797370230,60.2820263,60.28
493,41_ 493,2.83536380063,2.84000000000,578604.89620000000,5765001.36860000000,578602.82300000000,5764999.43440000000,-136.98655531900,226.9865553,226.99
494,26_ 494,2.51141707725,2.51000000000,578225.30770000000,5765711.89860000000,578224.82300000000,5765709.43440000000,-101.12783149800,191.1278315,191.13
495,139_ 495,1.69132022200,1.69000000000,577187.46180000000,5767610.49170000000,577188.16167300000,5767608.95198000000,-65.55604522550,155.5560368,155.56
496,111_ 496,0.41306097591,0.41000000000,578921.72660000000,5769188.84650000000,578921.32300000000,5769188.93440000000,167.71342134800,282.2865786,282.29
497,175_ 497,0.35471735258,0.35000000000,580522.95360000000,5767860.60460000000,580522.82300000000,5767860.93440000000,111.60344553300,338.3965544,338.4
498,17_ 498,2.02496800085,2.02000000000,578021.05920000000,5765906.32080000000,578020.32300000000,5765904.43440000000,-111.31906947800,201.3190695,201.32
499,151_ 499,0.20294001587,0.20000000000,577340.55200000000,5767343.21110000000,577340.35030100000,5767343.18869000000,-173.65980822100,263.6600889,263.66
500,175_ 500,2.23777010706,2.24000000000,580607.75410000000,5767868.78720000000,580609.82300000000,5767867.93440000000,-22.40144294050,112.4014429,112.4
501,237_ 501,1.44499722450,1.44000000000,582074.49030000000,5767278.13580000000,582073.06391300000,5767277.90464000000,-170.79457203700,260.7946879,260.79
502,85_ 502,0.53004923743,0.53000000000,583064.90270000000,5765742.46550000000,583064.84416600000,5765742.99231000000,96.34019175700,353.659856,353.66
503,2_ 503,0.00577750752,0.01000000000,578449.18390000000,5766307.21920000000,578449.18860100000,5766307.22256000000,35.53767725510,54.44503645,54.45
504,31_ 504,1.89022412364,1.89000000000,578618.77110000000,5765449.44890000000,578617.19833800000,5765450.49741000000,146.30993247400,303.690118,303.69
505,177_ 505,1.84239762206,1.84000000000,580675.98310000000,5767816.47840000000,580674.19571200000,5767816.92525000000,165.96375653200,284.036334,284.04
506,199_ 506,0.44295039843,0.44000000000,582474.21900000000,5767607.39930000000,582473.78290400000,5767607.47692000000,169.90729211400,280.092292,280.09
507,219_ 507,1.17228093855,1.17000000000,582714.68460000000,5767446.65460000000,582715.82300000000,5767446.93440000000,13.80864524860,76.19135476,76.19
508,39_ 508,0.43025609787,0.43000000000,577704.45760000000,5765127.93940000000,577704.85708300000,5765128.09919000000,21.80140947480,68.19898606,68.2
509,236_ 509,0.49504497862,0.50000000000,582668.38830000000,5767221.47130000000,582668.82104700000,5767221.23088000000,-29.05460409120,119.05511,119.06
510,57_ 510,4.44521287848,4.45000000000,578582.79380000000,5764533.62770000000,578579.82300000000,5764536.93440000000,131.93710617100,318.0628938,318.06
511,104_ 511,1.35809824697,1.36000000000,580032.93930000000,5765090.20380000000,580034.15402000000,5765089.59644000000,-26.56505116390,116.5650512,116.57
512,76_ 512,0.70734729818,0.71000000000,583132.35660000000,5766068.96620000000,583132.82300000000,5766068.43440000000,-48.74854344630,138.7485435,138.75
513,170_ 513,0.23742773414,0.24000000000,581024.69030000000,5768324.36210000000,581024.62507400000,5768324.13381000000,-105.94539593600,195.9454622,195.95
514,205_ 514,11.32788267510,11.33000000000,582664.11600000000,5767378.54610000000,582652.82300000000,5767379.43440000000,175.50241213700,274.4975879,274.5
515,185_ 515,5.84887630568,5.85000000000,581986.47340000000,5767523.21020000000,581991.33995400000,5767519.96582000000,-33.69016538680,123.6901545,123.69
516,67_ 516,2.48833514827,2.49000000000,578941.86960000000,5764073.51890000000,578944.32300000000,5764073.93440000000,9.61222460781,80.38777539,80.39
517,118_ 517,0.84286512930,0.84000000000,579107.24920000000,5768775.68120000000,579107.93506800000,5768775.19129000000,-35.53767783250,125.5379149,125.54
518,157_ 518,0.62569999972,0.63000000000,579783.51650000000,5768728.92240000000,579783.14108000000,5768729.42296000000,126.86989767100,323.1301024,323.13
519,77_ 519,1.57182766352,1.57000000000,579462.99630000000,5766066.98400000000,579461.88485000000,5766065.87255000000,-135.00000000000,225,225
520,136_ 520,1.31704053467,1.32000000000,577113.30570000000,5767680.68070000000,577112.62808800000,5767679.55135000000,-120.96375654700,210.9638311,210.96
521,117_ 521,0.59108702400,0.59000000000,578670.26020000000,5768917.66140000000,578669.95608800000,5768917.15455000000,-120.96375652600,210.9639228,210.96
522,2_ 522,0.91274595833,0.91000000000,578226.52720000000,5766438.97120000000,578226.59223000000,5766438.06077000000,-85.91438322310,175.9144279,175.91
523,87_ 523,1.43354154467,1.43000000000,583038.44460000000,5765701.87330000000,583037.04519500000,5765702.18428000000,167.47119230100,282.528851,282.53
524,206_ 524,2.55733304861,2.56000000000,582493.51950000000,5767455.13790000000,582491.08087200000,5767454.36781000000,-162.47443163400,252.4744968,252.47
525,115_ 525,5.93222617949,5.93000000000,578872.90060000000,5768838.77570000000,578878.82300000000,5768838.43440000000,-3.29823124160,93.29823125,93.3
526,185_ 526,2.60798460411,2.61000000000,582042.63790000000,5767824.51070000000,582044.82300000000,5767825.93440000000,33.08621952580,56.91378048,56.91
527,84_ 527,1.21608659145,1.22000000000,583014.49820000000,5765763.23100000000,583014.32300000000,5765764.43440000000,98.28335273250,351.7166473,351.72
528,155_ 528,0.53566979572,0.54000000000,579972.54870000000,5768598.42020000000,579972.32300000000,5768597.93440000000,-114.91932103000,204.919321,204.92
529,201_ 529,1.87421462366,1.87000000000,581952.67870000000,5767652.12760000000,581953.84951400000,5767650.66409000000,-51.34015213710,141.3400485,141.34
530,202_ 530,1.64502898731,1.65000000000,582277.34360000000,5767308.07930000000,582277.32300000000,5767306.43440000000,-90.71750950280,180.7175095,180.72
531,13_ 531,0.35659394986,0.36000000000,578195.37900000000,5766079.37410000000,578195.63115000000,5766079.62625000000,45.00000000000,45,45
532,22_ 532,0.24266528952,0.24000000000,577301.43650000000,5765865.57180000000,577301.50622900000,5765865.33937000000,-73.30075582390,163.3007557,163.3
533,66_ 533,0.13940947570,0.14000000000,579075.75980000000,5764189.93150000000,579075.79361200000,5764190.06675000000,75.96375653210,14.03604407,14.04
534,134_ 534,1.31169999950,1.31000000000,577353.15730000000,5767693.12270000000,577353.15730000000,5767694.43440000000,90.00000000000,0,0
535,26_ 535,1.11911871103,1.12000000000,578219.47550000000,5765693.87060000000,578219.82300000000,5765694.93440000000,71.90989994990,18.09010004,18.09
536,194_ 536,2.20412963075,2.20000000000,580494.04210000000,5767715.26880000000,580496.20342700000,5767714.83653000000,-11.30993246330,101.3100497,101.31
537,39_ 537,0.36979694458,0.37000000000,577688.52930000000,5765096.70970000000,577688.82300000000,5765096.93440000000,37.41838826300,52.5816117,52.58
538,57_ 538,0.81425643854,0.81000000000,578738.35870000000,5764381.91200000000,578738.90340900000,5764381.30677000000,-48.01278748470,138.0126829,138.01
539,88_ 539,0.07216317691,0.07000000000,583335.56510000000,5765576.10570000000,583335.54228000000,5765576.17416000000,108.43494879400,341.5650511,341.57
540,81_ 540,5.21079549484,5.21000000000,579390.78120000000,5765898.35020000000,579390.40994600000,5765903.54775000000,94.08561678000,355.9143785,355.91
541,17_ 541,0.65816551183,0.66000000000,578029.69770000000,5766021.04170000000,578030.26914800000,5766020.71516000000,-29.74488130200,119.7447517,119.74
542,237_ 542,1.12504819404,1.13000000000,582094.26100000000,5767294.81320000000,582093.32300000000,5767295.43440000000,146.48507931200,303.5149207,303.51
543,161_ 543,2.55763314220,2.56000000000,580747.99530000000,5768654.85440000000,580748.82300000000,5768652.43440000000,-71.11804023680,161.1180402,161.12
544,150_ 544,0.16185620259,0.16000000000,577579.43190000000,5767366.02310000000,577579.48873200000,5767365.87155000000,-69.44395478040,159.4437061,159.44
545,155_ 545,3.98217426204,3.98000000000,579913.86490000000,5768611.96690000000,579915.82300000000,5768615.43440000000,60.54654836550,29.45345164,29.45
546,145_ 546,2.56611856840,2.57000000000,577434.23560000000,5767416.75280000000,577434.21555900000,5767414.18676000000,-90.44747708270,180.447476,180.45
547,76_ 547,2.61031912327,2.61000000000,583181.79140000000,5765893.64880000000,583179.82300000000,5765891.93440000000,-138.94539979600,228.9453998,228.95
548,206_ 548,1.07242000138,1.07000000000,582471.78970000000,5767427.92490000000,582471.14624800000,5767427.06696000000,-126.86989762100,216.8697694,216.87
549,103_ 549,3.16152512916,3.16000000000,580031.09150000000,5765104.50110000000,580030.32300000000,5765101.43440000000,-104.06833012400,194.0683301,194.07
550,88_ 550,1.14365824381,1.14000000000,583298.72670000000,5765618.60870000000,583299.82300000000,5765618.93440000000,16.54616922160,73.45383079,73.45
551,43_ 551,2.19784185446,2.20000000000,578388.71090000000,5764960.32650000000,578390.82300000000,5764960.93440000000,16.05676093620,73.94323907,73.94
552,196_ 552,4.67676595111,4.68000000000,582585.59900000000,5767544.31110000000,582584.46471800000,5767539.77397000000,-104.03624346800,194.0362375,194.04
553,216_ 553,0.50837507285,0.51000000000,582131.51060000000,5767325.56800000000,582131.08170400000,5767325.84093000000,147.52880772200,302.4708292,302.47
554,156_ 554,2.72049001862,2.72000000000,580010.99170000000,5768751.07690000000,580008.82300000000,5768749.43440000000,-142.86094395100,232.8609439,232.86
555,179_ 555,0.91985594018,0.92000000000,582705.19320000000,5767916.29870000000,582704.44468200000,5767915.76404000000,-144.46232220400,234.462105,234.46
556,124_ 556,1.17342279297,1.17000000000,579158.61690000000,5768559.49720000000,579159.32300000000,5768560.43440000000,53.00510282420,36.9948972,36.99
557,189_ 557,1.11784829277,1.12000000000,581939.84550000000,5767788.84470000000,581940.89217400000,5767788.45220000000,-20.55604523560,110.5559132,110.56
558,41_ 558,1.37260178495,1.37000000000,578654.34310000000,5765054.84500000000,578654.40838800000,5765056.21605000000,87.27368900540,2.726307019,2.73
559,232_ 559,0.55705872160,0.56000000000,582768.56170000000,5767304.96090000000,582768.95560000000,5767304.56700000000,-45.00000000000,135,135
560,95_ 560,0.37058585815,0.37000000000,583039.09450000000,5765455.66610000000,583039.29091000000,5765455.35184000000,-57.99461677670,147.9949446,147.99
561,75_ 561,1.58471220219,1.58000000000,583051.10860000000,5766082.69250000000,583050.60747000000,5766084.19589000000,108.43494883400,341.5650512,341.57
562,5_ 562,0.11486975269,0.11000000000,578146.41910000000,5766160.75810000000,578146.36000000000,5766160.85660000000,120.96375653200,329.0362433,329.04
563,44_ 563,3.27585599630,3.28000000000,577652.03650000000,5764958.62270000000,577655.23434800000,5764959.33333000000,12.52880770430,77.47124162,77.47
564,115_ 564,0.04750789367,0.05000000000,578758.31980000000,5768962.88700000000,578758.32300000000,5768962.93440000000,86.13779072860,3.862208991,3.86
565,229_ 565,0.72663248417,0.73000000000,581815.84610000000,5767333.40650000000,581816.14121300000,5767332.74249000000,-66.03751103290,156.0376951,156.04
566,151_ 566,2.10570794419,2.11000000000,577325.79520000000,5767314.57510000000,577327.45166800000,5767315.87515000000,38.12588723930,51.87402307,51.87
567,231_ 567,0.64833358934,0.65000000000,582802.83400000000,5767347.24910000000,582803.37344600000,5767347.60873000000,33.69006751460,56.30998144,56.31
568,43_ 568,5.17238860186,5.17000000000,578383.64650000000,5764909.55990000000,578386.15843400000,5764914.08138000000,60.94539589990,29.05461055,29.05
569,52_ 569,1.18924341086,1.19000000000,578548.93970000000,5764701.34340000000,578547.82300000000,5764700.93440000000,-159.88435321000,249.8843532,249.88
570,105_ 570,1.69560526745,1.70000000000,583274.09850000000,5765100.01130000000,583273.12613400000,5765098.62221000000,-124.99202019800,214.9921032,214.99
571,123_ 571,1.97686297705,1.98000000000,576513.09820000000,5768591.11180000000,576512.21412000000,5768592.87996000000,116.56505118000,333.4349488,333.43
572,105_ 572,2.64119150588,2.64000000000,583274.43140000000,5764928.51950000000,583271.82300000000,5764928.93440000000,170.96207530300,279.0379247,279.04
573,213_ 573,2.09032361044,2.09000000000,582010.31430000000,5767284.89300000000,582008.40413800000,5767285.74196000000,156.03751103700,293.9624667,293.96
574,42_ 574,2.84521761480,2.85000000000,578568.11870000000,5765033.48090000000,578570.66354000000,5765034.75332000000,26.56505117390,63.43494882,63.43
575,196_ 575,1.15599999949,1.16000000000,582622.86770000000,5767580.59040000000,582622.86770000000,5767579.43440000000,-90.00000000000,180,180
576,133_ 576,3.59361268105,3.59000000000,577286.41610000000,5767792.49510000000,577282.82300000000,5767792.43440000000,-179.03216634900,269.0321664,269.03
577,185_ 577,1.41059999913,1.41000000000,581991.59940000000,5767776.02380000000,581991.59940000000,5767777.43440000000,90.00000000000,0,0
578,6_ 578,3.46479800618,3.46000000000,577989.64390000000,5766252.23730000000,577992.32300000000,5766254.43440000000,39.35479597680,50.64520403,50.65
579,52_ 579,0.28879999928,0.29000000000,578523.91240000000,5764672.14560000000,578523.91240000000,5764672.43440000000,90.00000000000,0,0
580,4_ 580,3.31349777777,3.31000000000,578143.20400000000,5766354.72080000000,578144.25182000000,5766351.57734000000,-71.56505117900,161.5650512,161.57
581,17_ 581,1.51515870404,1.52000000000,578066.66660000000,5765972.00430000000,578066.85453200000,5765970.50084000000,-82.87498365110,172.8750024,172.88
582,172_ 582,6.55214418661,6.55000000000,582587.59730000000,5767981.98080000000,582587.32300000000,5767975.43440000000,-92.39934076720,182.3993408,182.4
583,199_ 583,2.39863011883,2.40000000000,582437.08400000000,5767344.04890000000,582439.22940000000,5767345.12160000000,26.56505116960,63.43494881,63.43
584,205_ 584,1.46849690223,1.47000000000,582673.37110000000,5767503.21490000000,582672.09699200000,5767502.48474000000,-150.18411224900,240.1840374,240.18
585,227_ 585,2.05799431876,2.06000000000,581919.22480000000,5767339.23800000000,581918.76623000000,5767337.23175000000,-102.87492749700,192.8749628,192.87
586,216_ 586,3.65466661266,3.65000000000,582085.38320000000,5767434.23930000000,582083.82300000000,5767430.93440000000,-115.27138228500,205.2713823,205.27
587,171_ 587,0.68008470586,0.68000000000,582595.98200000000,5768004.78790000000,582595.72438000000,5768004.15850000000,-112.25971833800,202.2597985,202.26
588,205_ 588,3.31622598295,3.32000000000,582633.41910000000,5767515.37100000000,582630.82300000000,5767517.43440000000,141.52205593700,308.477944,308.48
589,217_ 589,4.95125184413,4.95000000000,581886.26410000000,5767443.25130000000,581881.32300000000,5767442.93440000000,-176.33033164900,266.3303316,266.33
590,57_ 590,2.83544815803,2.84000000000,578537.73350000000,5764487.77930000000,578540.32300000000,5764488.93440000000,24.04024862890,65.95975136,65.96
591,6_ 591,0.14379999973,0.14000000000,577969.60920000000,5766257.79060000000,577969.60920000000,5766257.93440000000,90.00000000000,0,0
592,70_ 592,0.10146982294,0.10000000000,578354.40590000000,5764001.87380000000,578354.33415000000,5764001.94555000000,134.99999981400,315,315
593,43_ 593,3.40625882753,3.41000000000,578337.73740000000,5764924.37720000000,578340.82300000000,5764922.93440000000,-25.06038589800,115.0603859,115.06
594,23_ 594,1.61198402572,1.61000000000,576945.04130000000,5765795.37750000000,576944.32300000000,5765793.93440000000,-116.46172972600,206.4617297,206.46
595,5_ 595,1.46680060291,1.47000000000,578097.89620000000,5766208.74070000000,578096.48108400000,5766208.35476000000,-164.74488128700,254.7449087,254.74
596,49_ 596,1.76613593141,1.77000000000,577599.39450000000,5764858.62820000000,577597.81482000000,5764859.41804000000,153.43494883300,296.5650512,296.57
597,31_ 597,0.57089092594,0.57000000000,578610.56320000000,5765483.95230000000,578610.32300000000,5765483.43440000000,-114.88168640000,204.8816864,204.88
598,64_ 598,2.27254630699,2.27000000000,578919.67260000000,5764366.60600000000,578918.32300000000,5764368.43440000000,126.43221047700,323.5677895,323.57
599,237_ 599,1.75110561944,1.75000000000,582112.81740000000,5767253.73070000000,582113.02200100000,5767255.46981000000,83.29016319020,6.709831073,6.71
600,41_ 600,2.16779999994,2.17000000000,578625.49080000000,5764959.84890000000,578623.32300000000,5764959.84890000000,180.00000000000,270,270
