"","gap","plot","gap_type","At","Ep","Fd","Mb","Pl","Sx","X","<NA>","B_At","B_Pl","B_Sx","B_Ep","B_Fd","x_site_open","trans_tot","x_trans_tot","lai_4_ring","lai_5_ring","ms","ts","wd","gs","sb","fb","sl","rk","df","near_distance","azimuth1","azimuth_T","objectid","aspect_dem11","aspect_dem21","aspect_dem51","aspect_dem101","slope_dem_1m1","slope_dem2m1","slope_dem_5m1","slope_dem_10m1","zonal_unit","ss1","twi_10m","twi_5m","twi_2m","twi_1mfina","dem1","dem2","dem5","dem10","aspect_dem11T","aspect_dem21T","aspect_dem51T","aspect_dem101T","OBJECTID","Join_Count","TARGET_FID","Gap_area"
"1","100",40,"S",NA,NA,7000,NA,NA,NA,NA,NA,NA,NA,NA,NA,21,28.94,12.55,42.87,1.16,1.15,60,0,5,10,0,20,0,0,5,0.66,315,1.70710678118655,40,182.134,170.39,160.912,156.325,11.0627,10.7237,11.1705,11.8022,"IDFxm/IDFdk3",1,6.77321,6.72087,4.19523,4.10376,833.418,833.252,833.503,833.252,0.000693526985162451,0.014033084584122,0.0549825762115151,0.0841621110275276,100,6,100,0.22129769178
"2","100",183,"S",NA,NA,1000,NA,NA,NA,NA,NA,NA,NA,NA,NA,24,33.98,9.99,34.1,0.83,1.14,20,0,10,50,5,5,0,5,5,0.43,206.57,0.105611439629916,183,123.328,124.38,151.895,163.84,16.373,18.2953,16.6873,16.6251,"IDFxm/IDFdk3",4,8.70146,11.2057,4.45583,4.49636,844.402,844.171,844.118,844.171,0.450568795046643,0.435321049933923,0.117914240881887,0.0395117758212502,100,6,100,0.22129769178
"3","103",549,"S",NA,NA,1000,NA,NA,NA,NA,NA,NA,NA,NA,NA,21,34.21,11.99,40.93,0.95,1.06,25,0,15,5,5,5,0,5,40,3.16,194.07,0.0300005611471499,549,170.862,164.842,168.562,178.244,51.2516,39.822,34.7589,32.4094,"IDFxm/IDFdk3",4,7.49076,5.77212,4.92838,4.9726,850.411,850.169,851.412,850.169,0.0126913048095016,0.0347915701122694,0.019860132275855,0.000469612629462435,103,3,103,0.13314830654
"4","104",511,"S",NA,NA,3000,NA,NA,NA,NA,NA,NA,NA,NA,NA,3,35.86,13.83,47.24,0.77,0.97,15,0,15,10,30,5,0,0,25,1.36,116.57,0.55270915158129,511,255.013,253.744,244.14,215.034,37.173,36.3457,31.9819,26.5331,"IDFxm/IDFdk3",4,6.058,7.21936,6.80124,6.41377,847.75,847.891,848.275,847.891,0.74140012317563,0.720070451317872,0.563826327829414,0.181188467027291,104,1,104,0.2044184306
"5","105",391,"S",NA,NA,1000,NA,NA,NA,NA,NA,15,NA,18,NA,NA,19.36,7.89,26.93,1.61,1.6,35,0,5,25,15,15,0,0,5,0.86,0,2,391,306.946,313.86,309.76,286.691,9.89564,9.79241,6.35379,4.09289,"IDFdk3",8,7.20186,7.77882,4.5954,4.42904,899.594,899.614,899.564,899.614,1.60106205974269,1.69289861976575,1.63957318045466,1.2872100618995,105,9,105,1.1319883915
"6","105",418,"N",NA,NA,9000,NA,NA,1000,NA,NA,NA,NA,NA,NA,9,36.33,14.65,50.04,0.8,0.87,5,0,10,45,15,5,0,0,20,3.32,322,1.78801075360672,418,75.4585,89.7904,92.4688,102.98,21.4466,18.2493,11.2185,10.4017,"IDFdk3",8,9.6115,5.96944,2.90604,2.06268,903.568,903.524,903.673,903.524,1.25108117891979,1.00365820195285,0.956924643517543,0.775389078669297,105,9,105,1.1319883915
"7","105",570,"N",NA,NA,1000,NA,NA,NA,NA,NA,3,NA,NA,NA,NA,14.91,6.9,23.55,1.79,2.27,0,0,10,15,15,10,0,0,50,1.7,214.99,0.180747860214654,570,104.121,103.11,143.712,161.838,5.99789,5.12433,2.69963,2.97828,"IDFdk3",8,7.07311,6.71484,3.9826,2.75607,900.765,900.73,900.814,900.73,0.756029527925321,0.773178705141462,0.193947744478153,0.0498210090589821,105,9,105,1.1319883915
"8","106",41,"S",1000,NA,7000,NA,NA,NA,NA,NA,NA,NA,3,NA,9,28.95,13.02,44.48,1.14,1.28,20,0,5,35,25,5,0,0,10,0.81,9.46,1.98640058614185,41,327.173,274.654,254.238,220.804,5.35222,9.30383,7.64351,7.92159,"IDFdk3",8,7.43114,5.50031,3.87951,3.91835,903.366,903.392,903.283,903.392,1.84031123619439,1.0811383305314,0.728357979936404,0.243050563556717,106,2,106,0.16120763
"9","106",492,"S",1000,NA,3000,NA,NA,NA,NA,NA,NA,NA,NA,NA,6,51.62,20.07,68.55,0.33,0.5,0,0,5,25,35,15,0,0,20,2.24,60.28,1.49576184783945,492,124.006,122.767,112.054,110.736,8.53147,9.00057,8.62536,7.50251,"IDFdk3",8,4.68719,1.91479,2.89593,3.12799,904.846,904.786,904.921,904.786,0.440720282983947,0.458776011149321,0.624519722892483,0.645937469213531,106,2,106,0.16120763
"10","108",254,"S",NA,NA,3000,NA,NA,NA,NA,NA,NA,NA,NA,NA,12,33.52,13.19,45.03,1.06,1.01,5,5,15,20,20,15,0,0,20,0.88,338.12,1.92796639466677,254,343.313,339.6,347.793,343.323,16.4019,19.1736,19.4738,19.0654,"IDFdk3",8,4.84784,4.35189,3.6581,2.01829,797.437,797.738,797.094,797.738,1.95788767022399,1.93728198949189,1.97739006879716,1.95793777157507,108,1,108,0.10144518966
"11","111",19,"S",NA,1000,3000,NA,NA,NA,NA,NA,NA,NA,NA,NA,12,42.71,16.74,57.18,0.63,0.71,5,5,75,0,5,0,5,5,0,0.93,106.08,0.723020738778278,19,25.2122,22.1939,12.0497,7.65695,31.2019,21.4253,19.3316,19.6768,"IDFdk3",8,8.03439,8.8184,3.03367,2.03709,802.651,802.799,802.183,802.799,1.90473637069821,1.92591080641388,1.97796688420661,1.99108359240525,111,15,111,1.50430055391
"12","111",89,"S",NA,NA,1000,NA,NA,NA,NA,NA,NA,NA,NA,NA,33,27.74,5.51,18.81,1.51,1.41,5,5,30,15,5,15,0,0,25,1.79,79.7,1.17880221511635,89,314.842,335.163,343.395,335.148,16.4542,12.0216,12.6585,14.7569,"IDFdk3",8,4.80353,3.34831,3.22157,2.44257,796.813,796.875,796.612,796.875,1.70515416311753,1.90750641893445,1.95829763980291,1.90739642208918,111,15,111,1.50430055391
"13","111",180,"S",NA,NA,31000,NA,NA,NA,NA,NA,NA,NA,NA,NA,15,32.49,16.37,55.92,1.05,1.05,25,5,5,25,10,25,0,0,5,1.14,265.6,0.923280971873181,180,296.524,299.904,308.742,315.887,18.222,19.7204,17.0994,17.5256,"IDFdk3",1,4.89252,4.0599,5.18047,4.07085,804.094,804.32,803.862,804.32,1.44657264318278,1.49854825934917,1.62581457366694,1.71796838167495,111,15,111,1.50430055391
"14","111",272,"S",NA,4000,1000,NA,NA,6000,NA,NA,NA,NA,NA,NA,6,46.34,21.55,73.59,0.53,0.63,0,5,15,50,15,10,0,0,5,1,335.51,1.91003363464137,272,25.7037,18.9549,18.2678,18.4208,29.4838,24.8301,20.6038,21.8695,"IDFdk3",8,4.51002,4.10386,3.49522,2.60465,796.688,796.705,795.798,796.705,1.9010490149615,1.94577455150783,1.94960179020987,1.94876135952949,111,15,111,1.50430055391
"15","111",314,"S",NA,NA,2000,NA,NA,NA,NA,NA,NA,NA,12,NA,15,30.39,16.86,57.57,1.21,1.11,30,0,0,10,20,25,0,0,15,1.74,187.59,0.00876139175098356,314,18.1745,5.50172,6.76449,8.28518,10.7233,12.5571,17.4573,18.3608,"IDFdk3",8,7.246,6.11913,7.86184,4.57745,797.729,797.883,797.272,797.883,1.9501109648898,1.99539332066146,1.99303870020089,1.98956309482367,111,15,111,1.50430055391
"16","111",393,"S",NA,NA,3000,NA,NA,NA,NA,NA,NA,NA,NA,NA,21,41.93,15.99,54.6,0.82,0.71,10,0,35,20,10,15,0,0,10,1.04,65.73,1.41103709257769,393,332.729,334.601,342.552,339.633,13.8502,14.4764,15.5658,16.7466,"IDFdk3",1,4.7617,5.11374,3.21916,2.61599,804.687,804.799,804.383,804.799,1.88884926222093,1.90334277905607,1.953989469856,1.93748259710619,111,15,111,1.50430055391
"17","111",394,"S",NA,NA,16000,NA,NA,NA,NA,NA,NA,NA,NA,NA,9,45.87,20.93,71.46,0.62,0.65,25,10,5,15,5,15,10,0,15,3.69,279.46,1.16435900845104,394,2.07149,2.39001,3.61965,6.50295,28.1777,26.6471,23.2533,22.1315,"IDFdk3",8,4.14273,4.25642,3.82457,4.35975,799.648,799.776,798.763,799.776,1.99934650372797,1.99913011628339,1.99800513527428,1.99356602584167,111,15,111,1.50430055391
"18","111",413,"S",NA,NA,6000,NA,NA,2000,NA,NA,NA,NA,NA,NA,6,41.99,19.77,67.53,0.56,0.78,5,10,25,20,5,10,0,0,25,1,60.76,1.48846895477526,413,17.8054,9.24652,8.29332,7.65695,17.9168,24.8255,21.589,19.6768,"IDFdk3",8,7.48764,5.88933,3.51461,1.86327,801.09,801.427,801.302,801.427,1.95210057740974,1.98700612783451,1.98954261254364,1.99108359240525,111,15,111,1.50430055391
"19","111",425,"S",NA,1000,2000,NA,NA,1000,NA,NA,NA,NA,NA,NA,NA,58.08,22.86,78.07,0.31,0.36,5,5,15,25,40,5,0,0,5,4.03,307.92,1.61456060497606,425,356.232,358.743,3.58722,4.18004,19.1347,19.1525,18.6833,19.0152,"IDFdk3",8,7.91346,5.37553,5.42654,5.01518,800.96,801.258,800.479,801.258,1.99783832699755,1.99975935442758,1.99804070921958,1.99733993053052,111,15,111,1.50430055391
"20","111",474,"N",NA,NA,2000,NA,NA,NA,NA,NA,NA,NA,3,6,3,22.06,11.73,40.06,1.71,1.58,10,25,10,15,20,10,0,0,10,1.22,281.31,1.19611729080207,474,21.2368,15.5682,7.39553,9.24629,13.8887,21.1241,18.091,18.9649,"IDFdk3",1,7.71842,7.9237,3.94155,3.80125,806.48,806.728,805.94,806.728,1.93209134427794,1.9633116728972,1.99168120751045,1.98700677284793,111,15,111,1.50430055391
"21","111",487,"S",NA,NA,3000,NA,NA,NA,NA,NA,NA,NA,6,NA,9,54.93,19.97,68.2,0.41,0.43,5,0,10,30,25,25,0,0,5,0.69,288.19,1.31216911235493,487,20.557,20.553,22.0346,20.0288,27.5484,26.3984,23.9604,22.5344,"IDFdk3",8,11.5568,9.24089,7.99555,5.75366,796.739,797.097,796.85,797.097,1.93632332629627,1.93634783814433,1.92695746662125,1.93952058400576,111,15,111,1.50430055391
"22","112",29,"S",NA,NA,3000,NA,NA,NA,NA,NA,NA,NA,NA,NA,3,47.3,21.36,72.95,0.5,0.58,5,5,5,20,35,15,0,0,15,1.19,117.49,0.538406206392412,29,338.734,344.087,334.598,333.834,25.0084,25.2687,20.7967,20.9691,"IDFdk3",1,7.37796,6.15292,3.96016,3.51715,807.051,807.108,806.389,807.108,1.93190662115053,1.96167912541939,1.90332031965225,1.89752020652682,112,6,112,0.78785961582
"23","112",278,"S",NA,1000,2000,NA,NA,1000,NA,NA,NA,NA,3,NA,NA,38.86,15.15,51.75,0.72,0.92,0,0,0,75,10,15,0,0,0,1.61,2.43,1.99910076710125,278,6.61,349.867,345.721,339.967,12.9177,12.2784,13.6262,15.9123,"IDFdk3",1,8.59401,4.87104,2.78607,2.41478,802.113,802.301,802.216,802.301,1.99335269015348,1.98440201270284,1.9691061961843,1.93949547547435,112,6,112,0.78785961582
"24","112",421,"S",NA,NA,4000,NA,NA,1000,NA,NA,NA,NA,3,NA,21,34.4,15.16,51.76,0.93,0.94,5,0,50,15,5,10,0,0,15,0.09,90,1,421,351.225,337.106,332.101,336.931,17.0946,18.54,16.3541,17.3464,"IDFdk3",8,7.76355,7.27557,3.31272,2.95493,799.08,799.389,799.221,799.389,1.98829504003587,1.92122614947945,1.88377379687001,1.92003363748667,112,6,112,0.78785961582
"25","113",14,"S",NA,NA,1000,NA,NA,NA,NA,NA,NA,NA,NA,NA,21,58.93,21.95,74.97,0.31,0.39,0,0,40,30,15,5,0,0,10,3.53,153.42,0.105689520232027,14,343.81,340.858,338.704,339.631,21.1045,23.4004,23.0571,21.9207,"IDFdk3",1,4.70789,3.77798,2.76999,3.1519,831.023,831.405,830.333,831.405,1.96034236418443,1.94470879504941,1.93171658503499,1.93747044792107,113,2,113,0.24219288303
"26","113",347,"S",NA,NA,7000,NA,NA,NA,NA,NA,NA,NA,NA,NA,18,50.13,19.63,67.05,0.54,0.57,10,0,10,20,30,10,20,0,0,3.92,261.87,0.858580412225545,347,329.599,325.85,329.901,331.132,24.8022,23.9011,21.8232,20.9321,"IDFdk3",1,7.28412,8.1938,2.89748,3.68275,831.286,831.517,831.501,831.517,1.86250483712058,1.8275707695641,1.86516017345153,1.87573430624669,113,2,113,0.24219288303
"27","115",36,"N",NA,NA,1000,NA,NA,NA,NA,NA,NA,NA,NA,NA,12,25.46,12.81,43.75,1.42,1.45,60,0,0,20,5,15,0,0,0,1.81,160.02,0.0601880489136802,36,341.322,346.806,352.702,0.630282,33.7346,34.7968,33.6044,32.1744,"IDFdk3",5,6.39534,4.48516,4.20775,2.77443,866.715,866.834,866.243,866.834,1.94733331446794,1.97360281038207,1.9918988773773,1.99993949515275,115,16,115,2.72460703296
"28","115",86,"S",NA,NA,6000,NA,NA,NA,NA,NA,NA,NA,NA,NA,3,17.26,7.92,27.04,1.84,1.89,0,0,5,50,15,20,0,0,10,4.49,86.9,1.05407881298478,86,301.22,313.392,318.012,333.814,22.3453,20.0366,19.6588,18.9381,"IDFdk3",1,8.58733,10.7296,4.28838,5.18141,833.606,833.735,833.149,833.735,1.51832555625993,1.68698605514503,1.74328495156386,1.89736622311902,115,16,115,2.72460703296
"29","115",101,"S",4000,3000,7000,NA,NA,NA,NA,NA,NA,NA,NA,NA,NA,42.96,19.75,67.46,0.61,0.75,30,0,5,40,5,20,0,0,0,0.76,0,2,101,340.682,340.45,333.109,331.879,25.9644,24.2771,22.8765,23.4805,"IDFdk3",1,7.89227,8.70399,3.2814,7.73918,829.467,829.541,828.914,829.541,1.94369707085142,1.94234983075993,1.89186858688076,1.8819541718997,115,16,115,2.72460703296
"30","115",152,"N",NA,NA,5000,NA,NA,NA,NA,NA,NA,NA,NA,NA,9,23.49,9.72,33.18,1.68,1.4,65,0,0,20,0,15,0,0,0,3,8.89,1.98798685277804,152,8.04516,9.9613,11.4951,11.9951,39.8823,39.2754,39.4002,38.4428,"IDFdk3",5,4.83816,4.18075,3.06789,2.92766,872.326,872.486,871.113,872.486,1.99015806621111,1.98492481770303,1.979941751209,1.9781653780002,115,16,115,2.72460703296
"31","115",251,"S",NA,NA,1000,NA,NA,NA,NA,NA,NA,NA,NA,NA,12,30.97,13.17,44.98,1.15,1.15,0,0,50,5,5,15,5,0,20,1.73,74.05,1.27479839189018,251,334.824,337.138,344.095,346.63,21.2239,19.7259,20.9586,22.4638,"IDFdk3",5,10.4007,11.1449,3.90278,3.86982,845.772,845.819,845.455,845.819,1.90500532309308,1.9214432797239,1.96171739843529,1.97289708777636,115,16,115,2.72460703296
"32","115",290,"S",NA,NA,1000,NA,NA,NA,NA,NA,NA,NA,NA,NA,18,31.67,15.17,51.81,1.05,1.1,0,0,60,5,10,10,0,0,15,1.73,299.43,1.49135985278706,290,341.134,350.111,347.743,346.63,18.4576,20.9139,22.2652,22.4638,"IDFdk3",5,7.08375,4.83171,3.44378,3.53442,846.681,846.976,846.716,846.976,1.94627740870546,1.98514231601732,1.9772051767767,1.97289708777636,115,16,115,2.72460703296
"33","115",315,"S",NA,3000,32000,NA,NA,NA,NA,NA,NA,NA,NA,3,18,32.56,14.27,48.74,1.12,1.07,20,0,20,30,10,20,0,0,0,0.28,90,1,315,0.152755,0.266546,356.193,353.758,28.6164,28.9459,27.7419,25.3692,"IDFdk3",5,6.42483,7.14596,6.89796,7.29626,847.714,848.164,847.724,848.164,1.99999644601696,1.99998917897762,1.99779336396096,1.99407152921575,115,16,115,2.72460703296
"34","115",419,"S",NA,NA,4000,NA,NA,NA,NA,NA,NA,NA,NA,6,18,26.53,11.98,40.91,1.3,1.32,20,0,35,20,5,20,0,0,0,0.49,185.71,0.00496177976070145,419,356.777,355.318,356.139,355.493,25.3903,26.6327,27.8669,27.3179,"IDFdk3",5,9.7735,9.81799,5.83784,5.59204,849.002,849.372,849.165,849.372,1.99841827554863,1.99666307937721,1.99773034424674,1.99690774070619,115,16,115,2.72460703296
"35","115",461,"N",NA,NA,1000,NA,NA,NA,NA,NA,NA,NA,NA,NA,21,44.49,18.05,61.63,0.71,0.68,10,0,0,70,5,10,0,5,0,2.64,339.98,1.9395731759868,461,328.653,329.945,339.426,339.531,17.3567,20.4172,23.5727,22.4251,"IDFdk3",5,8.85577,8.99338,3.2286,6.11593,840.211,840.244,840.221,840.244,1.85403237870362,1.86554503930667,1.93621910003163,1.93686153256759,115,16,115,2.72460703296
"36","115",564,"N",NA,NA,2000,NA,NA,NA,NA,NA,NA,NA,NA,NA,12,58.61,23.97,81.85,0.07,0.34,10,0,10,65,0,15,0,0,0,0.05,3.86,1.9977315193327,564,0.610015,357.792,359.497,355.297,21.9281,22.9033,22.5959,21.7229,"IDFdk3",1,4.928,4.70628,4.56493,5.3886,831.066,831.191,831.109,831.191,1.99994332367714,1.99925754672078,1.99996146477311,1.99663309516159,115,16,115,2.72460703296
"37","118",294,"N",NA,3000,1000,NA,NA,NA,NA,NA,3,NA,6,NA,12,20.48,7.68,26.21,1.68,1.6,40,0,20,10,10,5,0,0,15,0.08,210.26,0.136252433097978,294,24.1097,29.8934,36.9956,47.6149,19.2021,17.5186,26.2176,30.621,"IDFdk3",5,7.08472,6.77881,4.49675,3.60651,853.648,853.919,853.584,853.919,1.91276503505539,1.86695416484943,1.79868172376834,1.6741103264766,118,5,118,0.26879192393
"38","118",517,"N",NA,NA,5000,NA,NA,NA,NA,NA,NA,NA,NA,NA,33,22.96,10.77,36.78,1.54,1.49,60,0,5,15,10,5,0,0,5,0.84,125.54,0.418728825997536,517,349.54,8.3208,39.6214,45.3569,26.2115,17.1814,20.3323,23.177,"IDFdk3",5,7.34668,3.07664,2.83871,2.24883,866.649,866.901,866.111,866.901,1.98338189233773,1.98947331845261,1.77027511088369,1.70268846655534,118,5,118,0.26879192393
"39","119",218,"S",NA,NA,1000,NA,NA,NA,NA,NA,NA,NA,NA,NA,36,62.38,24.33,83.08,0.02,0.25,75,0,0,15,5,5,0,0,0,1.64,231.84,0.382140386909665,218,151.469,115.149,136.983,190.73,0.924847,0.718098,1.0226,1.96366,"IDFdk3",1,6.41514,7.90166,3.42101,2.66278,849.885,849.873,849.899,849.873,0.121441183690787,0.575026279775696,0.268848683556912,0.0174845529588636,119,4,119,0.49337240056
"40","123",135,"S",NA,NA,2000,NA,NA,NA,NA,NA,NA,NA,NA,NA,36,42.86,18.47,63.07,0.48,0.79,60,0,0,15,10,5,0,0,10,1.15,270,1,135,224.147,212.016,223.773,166.975,7.24709,8.52377,13.497,5.26203,"IDFdk3",1,13.1443,13.7778,4.79371,3.61481,826.422,826.399,826.636,826.399,0.282444804357868,0.152099918282809,0.277913687266407,0.0257281813786568,123,3,123,0.49113778403
"41","123",571,"S",NA,NA,2000,NA,NA,NA,NA,NA,NA,NA,NA,NA,18,21.93,8.56,29.23,1.59,1.55,0,0,25,10,5,5,35,0,20,1.98,333.43,1.89438856037008,571,201.717,194.913,195.587,180.028,18.7117,16.6134,19.9833,16.0319,"IDFdk3",1,9.0756,4.3546,7.77837,4.28178,821.661,821.375,821.914,821.375,0.0709771754334851,0.0336822871329767,0.0367764420230182,1.19410026200306e-07,123,3,123,0.49113778403
"42","124",556,"N",NA,NA,1000,NA,NA,NA,NA,NA,NA,NA,NA,NA,18,24.73,9.67,33.03,1.58,1.38,35,0,0,25,15,5,0,0,20,1.17,36.99,1.79874053441926,556,16.9414,23.0117,11.4252,17.9703,27.8058,26.7523,20.5625,32.6305,"IDFdk3",5,4.89619,5.69357,3.38055,2.8498,915.213,915.542,914.536,915.542,1.95660328268729,1.92042504558811,1.98018414557183,1.95121657142424,124,2,124,0.1474405825
"43","125",49,"S",NA,NA,8000,NA,NA,NA,NA,NA,NA,NA,NA,NA,21,15.68,8.46,28.88,1.79,1.91,70,5,5,5,10,5,0,0,0,0.6,162.9,0.0442069852016698,49,167.091,38.9995,244.933,296.734,2.2198,2.29132,1.26088,0.727401,"IDFdk3",1,5.94293,2.85801,3.64941,4.46672,831.262,831.268,831.283,831.268,0.0252738858804868,1.77715145328382,0.576322217771083,1.44984905672746,125,2,125,0.31500844183
"44","13",77,"S",NA,NA,1000,NA,NA,NA,NA,NA,NA,NA,NA,NA,15,32.99,13.31,45.44,0.97,0.99,70,0,5,0,10,10,0,0,5,2.66,315,1.70710678118655,77,236.235,250.347,236.535,238.849,12.5822,10.6537,9.23093,9.13983,"IDFdk3",1,5.99565,6.00306,6.02616,2.83923,870.071,870.051,869.926,870.051,0.444212107786502,0.663677147664401,0.448572509496978,0.482704697186189,13,3,13,0.14585728825
"45","13",109,"S",NA,NA,2000,NA,NA,NA,NA,NA,NA,NA,NA,NA,6,35.16,14.57,49.77,0.9,0.91,30,0,10,50,0,5,0,0,5,0.81,175.66,0.00286745450467518,109,253.292,233.773,259.39,246.983,9.54048,11.0778,10.6616,10.0354,"IDFdk3",1,6.59368,6.27133,5.99907,5.38191,871.649,871.52,871.747,871.52,0.712505745702365,0.40901412688264,0.815877097608121,0.608995769425584,13,3,13,0.14585728825
"46","133",343,"S",NA,NA,1000,NA,NA,NA,NA,NA,NA,NA,NA,NA,12,13.58,6.59,22.51,2.14,2.08,30,0,5,35,15,5,0,0,10,0.18,172.87,0.00773291572015211,343,214.511,217.732,216.567,228.986,13.1335,11.4921,11.8379,11.3876,"IDFdk3",1,9.91223,4.26881,10.5331,3.58863,844.988,844.894,845.242,844.894,0.175982568756549,0.209118131547351,0.196839257110569,0.343756580257337,133,3,133,0.51521203813
"47","133",576,"S",NA,NA,1000,NA,NA,NA,NA,NA,NA,NA,NA,NA,3,33.13,16.14,55.11,0.89,1.02,10,0,30,20,20,10,0,0,10,3.59,269.03,0.983071114960101,576,288.38,272.458,267.471,258.783,13.6222,10.0144,12.1432,12.2641,"IDFdk3",1,8.16801,4.7618,6.34752,1.6482,851.993,852.062,852.147,852.062,1.31531779751146,1.04288703511577,0.955874954498801,0.805474602080275,133,3,133,0.51521203813
"48","134",87,"S",NA,NA,3000,NA,NA,NA,NA,NA,NA,NA,NA,NA,15,32.22,12.91,44.09,1.06,1.06,55,0,5,5,0,5,0,25,5,0.49,250.02,0.658307892108517,87,122.947,121.668,122.08,140.703,35.3072,34.536,32.5425,15.2133,"IDFdk3",1,6.29403,3.82705,3.56993,2.16597,855.196,854.976,854.793,854.976,0.456136988715813,0.475003613423253,0.468897154184443,0.226126627589333,134,7,134,0.77971656599
"49","140",405,"S",NA,NA,1000,NA,NA,NA,NA,NA,NA,NA,NA,NA,NA,24.76,10.64,36.35,1.37,1.39,0,0,10,60,25,5,0,0,0,1.33,154.83,0.0949501340601625,405,319.279,296.793,316.392,303.536,27.2182,18.5287,30.5293,19.5186,"IDFdk3",1,7.74831,7.17462,8.05841,3.2614,859.471,859.742,858.943,859.742,1.75789527873246,1.45076848739503,1.72407556532573,1.5524608222441,140,1,140,0.21578136829
"50","141",35,"S",NA,NA,5000,NA,NA,NA,NA,NA,NA,NA,NA,NA,6,21.05,9.49,32.42,1.56,1.73,10,0,5,55,20,10,0,0,0,0.39,293.81,1.4037049807925,35,251.646,261.865,251.328,258.51,11.928,11.7072,11.5877,11.7196,"IDFdk3",1,5.81054,5.17779,4.30298,4.82093,861.164,861.211,861.161,861.211,0.685112871187508,0.85849402335163,0.679849941945856,0.800803097743654,141,1,141,0.20734087592
"51","150",145,"S",NA,NA,1000,NA,NA,NA,NA,NA,NA,NA,NA,NA,6,16.91,5.7,19.46,1.82,1.76,30,5,10,5,5,10,15,0,20,2.92,117.11,0.54429972826078,145,210.871,212.867,234.562,245.74,9.16687,10.5748,12.0152,12.7339,"IDFdk3",1,6.82475,6.24556,1.53869,1.99559,849.252,849.233,849.585,849.233,0.141675277613276,0.16006742872112,0.420178341873766,0.589122021146385,150,2,150,0.12908325564
"52","154",490,"S",NA,NA,1000,NA,NA,NA,NA,NA,NA,NA,NA,NA,30,26.04,11.45,39.11,1.39,1.73,65,0,15,15,0,5,0,0,0,0.23,270,1,490,346.472,343.125,348.076,349.517,39.1697,30.9189,29.6695,28.5245,"IDFdk3",8,7.78271,8.60733,5.65229,9.80714,837.567,837.714,837.669,837.714,1.97225572136526,1.95694033573221,1.97842252465269,1.98330893465189,154,1,154,0.1225947094
"53","155",63,"N",NA,NA,11000,NA,NA,NA,NA,NA,NA,NA,NA,NA,15,18.37,9.74,33.27,1.83,1.81,15,5,5,45,10,0,0,0,20,1.2,206.57,0.105611439629916,63,349.001,352.099,359.111,15.9351,15.5669,15.6569,18.2252,10.9255,"IDFdk3",8,3.25075,2.57644,5.38422,5.99585,844.518,844.58,844.299,844.58,1.98163051354336,1.99050706422758,1.999879629643,1.96157329878052,155,14,155,2.17501478872
"54","155",104,"S",NA,NA,10000,NA,NA,NA,NA,NA,NA,NA,NA,NA,9,36.91,18.02,61.53,1.02,0.89,35,0,15,10,5,20,0,0,15,6.1,208.75,0.123273244292492,104,20.4922,18.7174,20.6124,5.81094,25.4044,25.1039,24.1674,28.2189,"IDFdk3",5,5.67464,4.49302,4.18643,3.76212,864.148,864.486,864.113,864.486,1.93671985628918,1.94711286797863,1.93598336795739,1.994861395103,155,14,155,2.17501478872
"55","155",108,"N",NA,NA,3000,NA,NA,NA,NA,NA,NA,NA,NA,NA,15,27.17,12.98,44.34,1.21,1.24,0,0,0,30,35,30,0,0,5,0.92,172.77,0.00795105900709581,108,348.456,349.178,355.266,354.821,19.0623,18.637,17.5853,16.9519,"IDFdk3",8,5.0954,4.18061,5.79699,2.83611,853.74,853.984,853.535,853.984,1.97977131210317,1.98221522905906,1.99658858805425,1.99591755029914,155,14,155,2.17501478872
"56","155",143,"S",NA,NA,6000,NA,NA,NA,NA,NA,NA,NA,3,NA,15,34.29,13.41,45.78,0.93,1.04,0,0,5,20,30,15,0,0,30,1.51,326.17,1.83069307967494,143,312.876,316.833,329.588,330.525,12.7513,12.5466,11.9812,12.2821,"IDFdk3",8,3.39019,2.77764,4.7213,1.51046,854.658,854.816,854.402,854.816,1.68041396239647,1.72936277731898,1.86240766682727,1.87057047339232,155,14,155,2.17501478872
"57","155",181,"N",NA,NA,17000,NA,NA,NA,NA,NA,NA,NA,NA,3,12,17.24,7.29,24.88,2.08,1.74,20,0,0,20,0,25,0,0,35,0.12,218.66,0.219133281164199,181,338.872,341.902,337.609,341.164,51.6699,39.8503,37.3496,35.4899,"IDFdk3",8,11.8118,6.47247,5.05049,4.37837,866.893,867.207,866.171,867.207,1.93277749579973,1.95052657570191,1.92460588060068,1.94644658775982,155,14,155,2.17501478872
"58","155",369,"N",NA,NA,4000,2000,NA,1000,NA,NA,NA,NA,NA,NA,9,32.8,12.59,43,1.03,1.11,5,5,5,55,5,10,0,0,15,1.88,0,2,369,28.3583,12.5103,5.76446,4.81523,13.062,15.2067,15.5992,15.1583,"IDFdk3",8,7.56343,5.11416,3.59225,2.62048,850.976,851.069,850.919,851.069,1.8799945002552,1.97625708223061,1.99494320164198,1.99647058133267,155,14,155,2.17501478872
"59","155",471,"N",NA,NA,4000,NA,NA,NA,NA,NA,NA,NA,NA,NA,9,27.13,12.3,42.01,1.63,1.31,60,0,5,5,10,15,0,0,5,1.58,68.87,1.36048525207867,471,347.353,345.798,344.036,343.201,44.9098,46.4833,44.75,48.4805,"IDFdk3",8,7.09842,5.10417,4.59613,4.72135,870.026,870.676,870.384,870.676,1.97573748967494,1.96943678646139,1.96143469423989,1.95732454194276,155,14,155,2.17501478872
"60","156",354,"N",NA,NA,3000,NA,NA,NA,NA,NA,NA,NA,NA,NA,18,15.59,5.14,17.54,2.07,2.19,0,5,35,10,5,10,5,NA,30,1.35,290.56,1.35118806988038,354,159.78,156.887,150.228,159.379,16.5268,12.4358,9.19984,10.0759,"IDFdk3",8,5.98304,4.68244,4.34809,4.45706,843.109,843.106,843.201,843.106,0.0616275662237351,0.0802675448218747,0.131991782966969,0.0640694838309341,156,2,156,0.19486846675
"61","157",485,"S",NA,4000,26000,NA,NA,NA,NA,NA,NA,NA,NA,NA,9,21.81,7.89,26.95,1.93,1.66,30,10,0,15,10,15,0,0,20,0.55,171.37,0.0113220510087372,485,33.3737,20.3081,15.8145,16.4841,22.3418,21.7219,22.2121,21.4417,"IDFdk3",1,4.9218,4.64007,3.29521,2.80201,850.864,850.936,850.921,850.936,1.83510045784935,1.93783987836752,1.96214905600842,1.95889851429364,157,2,157,0.61845204822
"62","157",518,"S",NA,NA,45000,NA,NA,NA,NA,NA,NA,NA,NA,NA,12,40.69,15.48,52.87,0.64,0.74,60,10,0,5,0,20,5,0,NA,0.63,323.13,1.79999892814851,518,358.093,359.061,10.0893,14.3805,16.8039,14.7874,16.6993,19.1054,"IDFdk3",1,7.01936,7.29592,2.23374,1.16469,854.205,854.294,854.365,854.294,1.99944615781355,1.99986570921778,1.98453591258308,1.9686677439494,157,2,157,0.61845204822
"63","161",543,"S",NA,NA,34000,NA,NA,NA,NA,NA,NA,NA,NA,NA,24,16.69,5.7,19.45,1.85,1.92,15,0,10,55,5,5,5,0,5,2.56,161.12,0.0538016303045241,543,31.4598,38.6657,31.4726,33.6743,10.8206,13.8331,9.29922,8.66742,"IDFdk3",8,4.53145,6.62446,3.52255,3.71676,825.139,825.244,824.971,825.244,1.85300655113347,1.78080456769502,1.85288993622346,1.83220291368475,161,1,161,0.39890127302
"64","162",95,"S",NA,NA,6000,NA,NA,NA,NA,NA,NA,NA,NA,NA,33,36.48,16.34,55.8,0.7,0.96,50,0,10,15,5,0,5,0,15,1.34,23.74,1.91538175773599,95,61.9265,50.6747,55.9201,58.4888,79.1435,94.4575,70.7383,64.7304,"IDFdk3",1,8.20886,9.58368,10.0661,2.92015,867.973,869.478,868.612,869.478,1.47060383637194,1.6337225141738,1.56034846724789,1.52266522616811,162,2,162,0.17671021281
"65","163",295,"N",NA,NA,2000,NA,NA,NA,NA,NA,NA,NA,NA,9,NA,12.86,4.87,16.63,2.13,2.24,0,0,40,30,30,0,0,0,0,0.59,135.66,0.28479502651771,295,313.557,317.953,302.817,293.75,7.23888,6.89994,6.61255,7.3047,"IDFdk3",1,7.64486,5.43678,5.21993,3.84225,855.604,855.596,855.617,855.596,1.68907586469357,1.74259568449421,1.54195758756642,1.40274668985874,163,1,163,0.11959398903
"66","17",147,"S",NA,NA,1000,NA,NA,NA,NA,NA,NA,NA,NA,NA,3,33.55,14.8,50.53,0.89,0.96,0,0,25,25,20,15,0,0,15,2.2,152.12,0.116071085438162,147,272.649,271.732,262.484,259.111,15.8991,12.3966,12.2565,11.2577,"IDFdk3",1,5.82507,4.80677,7.02315,4.98294,842.396,842.352,842.394,842.352,1.04621730238927,1.03022449896937,0.86919694923797,0.811093083033064,17,7,17,0.99445670903
"67","17",498,"S",NA,NA,1000,NA,NA,NA,NA,NA,NA,NA,NA,NA,12,35.81,14.37,49.07,0.76,0.98,0,0,10,60,10,15,0,0,5,2.02,201.32,0.0684356277734245,498,9.02579,10.432,334.616,311.424,12.8244,12.3331,7.84578,7.23924,"IDFdk3",1,4.571,4.45294,4.79976,4.56541,844.503,844.587,844.436,844.587,1.98761782619436,1.98347049650645,1.90345503892546,1.66162601308779,17,7,17,0.99445670903
"68","173",65,"N",NA,NA,1000,NA,NA,2000,NA,NA,NA,NA,9,NA,NA,27.19,10.86,37.1,1.15,1.3,50,0,15,5,5,20,0,0,5,1.5,271.87,1.03263186295826,65,354.427,337.631,335.89,340.285,7.28311,5.52103,7.03641,6.6079,"",NA,6.02198,5.81673,3.70738,2.80897,865.762,865.861,865.711,865.861,1.99527327433515,1.92475207719291,1.91276289622045,1.94138226121707,173,6,173,0.51704514208
"69","173",68,"N",NA,NA,5000,NA,NA,NA,NA,NA,NA,NA,9,NA,6,18.08,8.76,29.9,1.91,1.79,65,0,20,0,0,10,0,0,5,0.94,139.4,0.240728692665119,68,20.0115,12.7374,3.42859,2.26437,13.0133,14.2409,14.3442,14.102,"IDFdk3",5,4.60332,4.1633,2.76326,3.28897,872.439,872.521,871.992,872.521,1.9396239540158,1.97539083082466,1.99821011038321,1.99921915830229,173,6,173,0.51704514208
"70","173",263,"N",NA,NA,1000,NA,NA,2000,NA,NA,NA,3,3,NA,3,24.04,11.57,39.51,1.31,1.4,55,5,10,10,5,15,0,0,0,0.43,63.95,1.43915532554044,263,4.93574,7.67189,15.0188,12.4663,11.7493,12.1156,10.7992,10.1792,"IDFdk3",7,6.11686,5.96993,5.01119,6.32011,868.111,868.168,867.957,868.168,1.99629182092829,1.99104881568475,1.96584085009621,1.97642314281459,173,6,173,0.51704514208
"71","173",296,"N",NA,NA,3000,NA,1000,5000,NA,NA,NA,NA,6,NA,NA,28.78,12.43,42.46,1.2,1.28,55,0,10,5,5,20,0,0,5,3.21,149.46,0.138725378124038,296,346.631,352.83,8.93938,18.6525,8.72726,10.5869,11.3732,11.5762,"IDFdk3",7,7.65885,7.94565,3.82654,6.95809,867.966,868.042,867.818,868.042,1.97290112350184,1.99218018964218,1.98785329832603,1.94747575044482,173,6,173,0.51704514208
"72","174",201,"N",NA,NA,5000,NA,NA,3000,NA,NA,NA,NA,3,NA,NA,26.29,12.29,41.96,1.27,1.39,10,5,5,30,15,30,0,0,5,2.79,95.71,0.900506581810608,201,38.61,38.0893,17.5853,11.2533,23.9941,32.2644,25.0479,27.3629,"IDFdk3",5,4.92387,4.47941,4.40027,4.53219,874.296,874.476,873.95,874.476,1.78141157298515,1.78705023982981,1.95326821346756,1.98077404238055,174,5,174,0.64108078827
"73","174",285,"N",NA,NA,2000,NA,NA,1000,NA,NA,NA,NA,18,NA,6,15.06,8.34,28.47,2.2,2.1,50,5,5,20,5,10,0,0,5,0.61,180,0,285,345.594,349.86,357.631,356.847,25.183,27.2812,24.0645,23.5185,"IDFdk3",5,6.88829,6.04492,4.65435,2.66414,868.003,868.403,867.39,868.403,1.96855711307374,1.98438051099619,1.99914534076653,1.99848621889714,174,5,174,0.64108078827
"74","174",291,"N",NA,NA,1000,NA,NA,2000,NA,NA,3,NA,15,NA,NA,28.46,12.75,43.54,1.26,1.23,45,0,0,25,5,25,0,0,0,1.09,107.15,0.705125700082021,291,12.5872,8.26814,7.58707,6.69932,23.2916,24.3621,23.9712,25.5397,"IDFdk3",5,6.17954,4.69295,8.01584,3.49829,872.433,872.59,872.494,872.59,1.97596547125295,1.98960590706512,1.99124536145266,1.99317203414472,174,5,174,0.64108078827
"75","175",31,"S",12000,3000,2000,NA,NA,NA,NA,NA,NA,NA,NA,NA,3,57.5,21.03,71.81,0.28,0.32,0,5,5,50,10,20,0,0,10,1.13,209.25,0.127503992927203,31,44.363,46.7075,34.415,34.2315,7.27911,5.21423,3.02026,2.43867,"IDFdk3",1,4.20455,4.17364,3.97328,3.61468,960.553,960.553,960.516,960.553,1.71492435349732,1.68572308182079,1.82496556198817,1.82677142781799,175,16,175,2.03765897491
"76","175",45,"S",NA,NA,1000,NA,NA,NA,NA,NA,NA,NA,NA,NA,15,33.02,15.65,53.43,0.96,1.12,5,0,15,35,5,20,0,0,20,0.57,273.43,1.05982904257414,45,283.127,287.906,359.864,21.1037,8.57991,3.39954,2.05597,2.07571,"IDFdk3",1,6.09844,5.49349,4.63479,3.25941,958.048,958.093,958.03,958.093,1.22711025761562,1.3074562668473,1.99999718289942,1.93293028530068,175,16,175,2.03765897491
"77","175",162,"S",5000,7000,1000,NA,NA,NA,NA,NA,NA,NA,NA,NA,3,57.48,21.58,73.71,0.2,0.35,0,10,5,35,20,25,0,0,5,2.25,295.19,1.42562136296862,162,239.348,284.662,221.15,224.078,5.42928,2.22903,0.568816,0.837813,"IDFdk3",1,14.1574,8.45027,8.98874,3.78003,959.578,959.575,959.632,959.575,0.490177609318035,1.25311637255459,0.247010562684213,0.28160654385043,175,16,175,2.03765897491
"78","175",200,"S",NA,NA,2000,NA,NA,2000,NA,NA,NA,NA,3,3,21,37.05,14.44,49.3,0.73,0.94,55,5,5,5,0,20,0,0,10,0.06,225,0.292893218813452,200,34.9551,336.055,312.785,331.604,1.74444,2.94471,4.36074,4.24591,"IDFdk3",1,4.837,3.45726,2.81445,2.60177,955.448,955.47,955.497,955.47,1.81960127751749,1.91393547582992,1.67924919095029,1.87968177555674,175,16,175,2.03765897491
"79","175",227,"S",6000,1000,11000,NA,NA,1000,NA,NA,NA,NA,NA,NA,6,52.86,20.51,70.06,0.36,0.44,5,5,5,30,20,30,0,0,5,0.85,161.57,0.0512893918670863,227,10.2207,12.0219,16.5717,17.6346,2.92809,4.5274,3.43411,2.95711,"IDFdk3",1,6.23825,3.76467,8.6033,6.26941,960.32,960.371,960.36,960.371,1.9841315660056,1.97806805979933,1.95846356709567,1.95300789768599,175,16,175,2.03765897491
"80","175",341,"S",NA,1000,1000,NA,NA,NA,NA,NA,NA,NA,3,NA,9,33.25,11.24,38.38,1.01,1,10,5,25,5,0,20,0,0,35,1.04,156.04,0.0861708092615372,341,323.312,338.149,311.007,304.178,5.53821,4.76593,5.44816,5.5562,"IDFdk3",1,7.43503,7.1451,4.76217,4.81484,957.082,957.126,957.012,957.126,1.80190079297602,1.92815489793554,1.65615122926352,1.56176576028219,175,16,175,2.03765897491
"81","175",381,"S",NA,NA,13000,NA,NA,NA,NA,NA,NA,NA,NA,NA,9,42.79,17.19,58.72,0.63,0.72,5,0,10,45,5,30,0,0,5,3.47,52.19,1.61304495238284,381,23.8815,245.246,316.484,328.262,2.74009,1.42487,2.69226,2.5271,"IDFdk3",1,7.69468,6.22774,5.79885,2.03301,960.147,960.211,960.085,960.211,1.91438472208466,0.581276863129021,1.72518211787142,1.8504624163309,175,16,175,2.03765897491
"82","175",433,"S",NA,NA,2000,NA,NA,NA,NA,NA,NA,NA,NA,NA,9,33.63,12.52,42.75,0.94,1.02,5,0,20,25,10,15,0,0,25,0.49,191.41,0.0197633380222902,433,304.747,294.665,313.287,312.761,9.97129,5.59171,5.42031,4.99432,"IDFdk3",1,4.96078,3.57238,3.23413,2.92788,958.422,958.394,958.239,958.394,1.56995374048192,1.41731201980645,1.68565320887495,1.67894171282339,175,16,175,2.03765897491
"83","175",443,"S",2000,NA,3000,NA,NA,1000,NA,NA,NA,NA,3,NA,9,49.52,20.62,70.41,0.56,0.53,0,0,15,30,15,35,0,0,5,1.25,192.87,0.0251220459448787,443,332.319,24.2689,30.8193,12.9309,3.08432,1.69472,2.20037,2.13905,"IDFdk3",1,6.84222,4.91504,3.94632,2.80463,959.491,959.503,959.539,959.503,1.88554772452939,1.91162651128439,1.85878736730782,1.97464065214954,175,16,175,2.03765897491
"84","176",26,"S",NA,NA,7000,NA,NA,NA,NA,NA,NA,NA,NA,NA,30,20.15,9.12,31.13,1.71,1.58,60,5,5,15,0,5,5,0,5,1.44,225,0.292893218813452,26,32.7441,35.1351,33.6399,32.3993,13.9318,11.4241,11.8493,11.2162,"IDFdk3",1,7.32753,8.02561,2.61041,2.32266,944.874,944.954,944.707,944.954,1.84109471504082,1.81779730963092,1.832535664444,1.84433447179826,176,5,176,0.57314558506
"85","176",125,"S",NA,1000,12000,NA,NA,NA,NA,NA,NA,NA,NA,NA,6,35.44,13.73,46.89,0.78,0.98,0,0,0,65,0,30,5,0,0,2.04,212.3,0.154738166778144,125,34.857,36.5558,33.4958,31.1925,14.5879,12.7774,11.9593,12.5794,"IDFdk3",1,6.85726,5.84654,4.6533,7.22302,941.997,942.219,941.889,942.219,1.8205810355229,1.80327718531409,1.83392627892087,1.85543206240905,176,5,176,0.57314558506
"86","176",228,"S",NA,1000,6000,NA,NA,NA,NA,NA,NA,NA,NA,NA,9,35.55,15.13,51.68,0.73,0.97,0,0,5,70,10,15,0,0,0,0.67,275.31,1.09254437278306,228,35.912,37.8672,29.591,33.0107,14.9052,11.3397,11.7728,11.9479,"IDFdk3",1,4.40379,4.4712,2.78689,2.96515,942.085,942.261,942.105,942.261,1.80991881314128,1.78943561413297,1.8695725069849,1.83856884185639,176,5,176,0.57314558506
"87","177",195,"S",NA,NA,5000,NA,NA,NA,NA,NA,NA,NA,NA,NA,12,19.69,7.33,25.03,1.67,1.64,15,0,10,20,5,30,0,0,20,2.04,3.58,1.99804858565066,195,31.7522,26.2577,71.5405,71.5656,5.80056,4.35698,4.95882,4.71852,"IDFdk3",1,5.9338,4.49409,5.5506,5.92179,957.161,957.257,957.119,957.257,1.85033201920453,1.89681329410082,1.31663424669909,1.31621867878606,177,3,177,0.40285552059
"88","177",505,"S",NA,NA,2000,NA,NA,NA,NA,NA,NA,NA,NA,NA,6,31.57,12.7,43.36,0.95,1.12,15,5,5,50,5,15,0,0,5,1.84,284.04,1.24259923079541,505,309.825,357.087,337.932,6.11699,3.74415,1.77155,1.21841,0.834831,"IDFdk3",1,6.41414,5.34785,5.57548,5.3741,958.583,958.577,958.51,958.577,1.64044486546728,1.9987078523031,1.92673860962346,1.99430638977907,177,3,177,0.40285552059
"89","178",153,"N",NA,NA,1000,NA,NA,NA,NA,NA,NA,NA,NA,NA,21,20.03,8.53,29.12,1.8,1.74,30,0,15,25,0,10,5,5,10,1.49,33.69,1.83205094807956,153,128.176,115.43,110.682,91.874,51.1849,55.8355,40.0932,25.9947,"IDFdk3",1,6.02947,7.22454,5.44828,3.2185,937.843,937.628,936.812,937.628,0.381920837851324,0.570591940162668,0.646819052068703,0.967298361131015,178,2,178,0.18208704919
"90","178",320,"S",NA,NA,10000,NA,NA,NA,NA,NA,NA,NA,NA,NA,15,15.75,5.34,18.24,1.95,2.07,NA,NA,NA,NA,NA,NA,NA,NA,NA,0.53,105.26,0.736800402395251,320,71.3268,27.1086,354.355,48.342,35.6247,15.2863,11.6038,11.1254,"IDFdk3",1,7.17533,7.6958,5.50014,6.37253,933.447,933.601,933.327,933.601,1.32016989958874,1.89014441806007,1.99515045160633,1.66468286160096,178,2,178,0.18208704919
"91","180",113,"S",NA,NA,25000,NA,NA,NA,NA,NA,NA,NA,NA,NA,18,22.57,10.37,35.41,1.53,1.51,20,0,15,60,0,5,0,0,0,0.28,29.75,1.86819881448914,113,31.643,5.16169,10.2965,6.06721,3.95121,5.44008,7.49869,7.78784,"IDFdk3",1,6.77419,5.6856,4.45786,5.82614,941.226,941.312,941.092,941.312,1.85133344730804,1.99594477616759,1.98389595850359,1.99439859553045,180,3,180,0.14975866374
"92","180",264,"S",NA,NA,30000,NA,NA,NA,NA,NA,NA,NA,3,NA,15,20.51,9.29,31.74,1.68,1.66,0,0,25,70,0,5,0,0,0,1.09,300.58,1.50874092909627,264,17.0363,20.809,13.5307,12.2453,8.6586,8.47439,7.25615,8.47623,"IDFdk3",1,4.91971,4.96429,4.81421,2.54364,941.429,941.496,941.448,941.496,1.95611933063461,1.93476988479208,1.97224469704067,1.97724850820996,180,3,180,0.14975866374
"93","180",311,"S",NA,NA,7000,NA,NA,NA,NA,NA,NA,NA,3,NA,12,26.53,10.11,34.54,1.13,1.33,5,0,30,5,0,0,0,5,55,0.44,29.74,1.8682854073832,311,22.2933,18.9308,20.4513,22.4862,7.93816,8.50241,8.49993,8.22604,"IDFdk3",1,5.98068,5.22423,4.94424,4.98348,935.372,935.473,935.255,935.473,1.92525408454754,1.94591109663579,1.93696951849934,1.9239716770979,180,3,180,0.14975866374
"94","183",363,"S",NA,NA,2000,NA,NA,NA,NA,NA,NA,NA,NA,NA,21,34.33,13.91,47.5,0.89,1.05,10,0,15,15,10,5,0,0,45,0.15,4.09,1.99745324639709,363,346.076,331.24,346.186,356.375,3.11034,4.23224,4.75956,4.47742,"IDFdk3",1,7.0303,4.79417,4.84021,3.74973,955.799,955.832,955.685,955.832,1.97061576993323,1.87664279397779,1.97107596620047,1.99799923589142,183,1,183,0.34906186896
"95","184",306,"S",NA,NA,3000,NA,NA,NA,NA,NA,NA,NA,NA,NA,21,24.97,10.48,35.77,1.51,1.46,0,0,10,45,5,0,20,0,20,1.31,189.46,0.0135994138581467,306,39.9612,45.9326,29.129,31.5075,9.85229,9.28082,9.26697,10.0655,"IDFdk3",1,8.23444,9.12441,5.35519,10.3777,942.813,942.914,942.543,942.914,1.76647955533313,1.69550408638071,1.87352595466701,1.85257176214722,184,1,184,0.11559442808
"96","185",66,"S",NA,NA,5000,NA,NA,NA,NA,NA,NA,NA,NA,NA,9,27.73,10.65,36.38,1.25,1.27,15,5,10,30,5,30,0,0,5,0.34,98.13,0.858580412225546,66,8.35577,3.58526,11.273,13.0733,8.9304,7.78998,8.5425,9.34562,"IDFdk3",1,6.81429,6.68061,6.70777,5.16376,948.538,948.578,948.527,948.578,1.98938480831514,1.99804284898688,1.98070688710765,1.97408148169043,185,12,185,1.70969403103
"97","185",142,"S",NA,NA,10000,NA,NA,1000,NA,NA,NA,NA,3,NA,9,29.68,12.59,43.01,1.11,1.17,5,0,15,50,5,15,0,0,10,0.29,14.04,1.97012659649011,142,357.998,6.18406,357.29,358.988,13.2107,12.7696,13.7596,15.0719,"IDFdk3",1,6.95871,5.14361,3.15906,1.66904,914.938,915.182,914.725,915.182,1.99938960818798,1.99418097151203,1.99888163812141,1.99984401800385,185,12,185,1.70969403103
"98","185",178,"S",NA,NA,2000,NA,NA,NA,NA,NA,NA,NA,NA,NA,12,24.65,12.53,42.78,1.34,1.36,20,0,10,20,5,30,5,0,10,0.02,45,1.70710678118655,178,9.50094,21.5903,11.4779,6.63036,21.5851,23.0903,20.7278,19.3147,"IDFdk3",1,6.50649,4.71542,5.10512,3.13194,908.027,908.26,907.395,908.26,1.9862828936178,1.92983879492295,1.98000153147722,1.9933117230235,185,12,185,1.70969403103
"99","185",277,"S",NA,NA,13000,NA,NA,NA,NA,NA,NA,NA,NA,NA,18,22.94,9.09,31.04,1.47,1.49,30,0,0,30,5,30,0,0,5,0.49,286.7,1.28736051984971,277,340.854,354.901,15.7689,13.621,12.9177,10.1242,9.67043,9.86611,"IDFdk3",1,4.77171,4.0907,4.24024,2.77572,945.346,945.43,944.936,945.43,1.94468590027609,1.99604261675723,1.96236564478281,1.9718747512099,185,12,185,1.70969403103
"100","185",297,"S",NA,NA,1000,NA,NA,NA,NA,NA,NA,NA,NA,NA,NA,46.87,19.73,67.36,0.57,0.64,0,0,35,30,0,25,0,0,10,0.65,123.69,0.445300784388595,297,359.124,8.51862,17.2748,12.185,7.88056,9.61073,9.15615,9.10785,"IDFdk3",1,10.9793,7.04455,12.0471,4.04874,949.98,950.097,950.04,950.097,1.99988312422817,1.98896777598893,1.95489149945286,1.97747118549229,185,12,185,1.70969403103
"101","185",351,"S",NA,NA,11000,NA,NA,NA,NA,NA,NA,NA,NA,NA,12,19.88,10.05,34.32,1.61,1.8,25,0,5,30,10,25,0,0,5,1.45,42.8,1.73372986450288,351,33.0933,22.318,29.9531,25.4125,23.0571,23.4459,19.6549,17.7627,"IDFdk3",1,8.44342,5.89546,5.05383,7.5006,911.13,911.355,911.623,911.355,1.83778257045041,1.92509046306216,1.86643439331272,1.90324169223681,185,12,185,1.70969403103
"102","185",515,"S",NA,NA,2000,NA,NA,NA,NA,NA,NA,NA,NA,NA,3,37.23,17.65,60.27,0.86,0.92,0,0,5,25,35,25,0,0,10,5.85,123.69,0.445300784388595,515,25.7203,16.261,9.66033,12.185,8.19235,10.1698,9.2913,9.10785,"IDFdk3",1,7.62202,6.78437,3.29141,3.28327,950.108,950.226,950.113,950.226,1.9009233185585,1.95999611337915,1.98581989016466,1.97747118549229,185,12,185,1.70969403103
"103","185",577,"N",NA,NA,10000,NA,NA,NA,NA,NA,NA,NA,3,NA,12,35.17,15.03,51.34,0.95,0.96,55,0,5,20,0,15,0,0,5,1.41,0,2,577,25.7194,17.2822,14.27,14.2053,14.2632,13.407,15.6462,15.8003,"IDFdk3",1,4.17488,4.18419,6.06369,8.50363,922.735,922.807,922.472,922.807,1.90093013536271,1.95485313846479,1.96914492695102,1.96942265421326,185,12,185,1.70969403103
"104","187",463,"N",NA,NA,1000,NA,NA,2000,NA,NA,NA,NA,3,NA,12,16.44,7.27,24.83,2.04,1.85,35,0,15,10,5,30,0,0,5,0.36,170.54,0.0135994138581467,463,322.448,332.889,331.53,345.382,22.0838,22.7747,18.0745,19.8328,"IDFdk3",5,6.79763,6.47902,5.29196,6.26791,881.869,882.231,881.223,882.231,1.79280051928292,1.89012532986188,1.87906683192684,1.96762993280434,187,3,187,0.3229536875
"105","188",146,"N",NA,1000,1000,NA,NA,NA,NA,NA,NA,NA,NA,NA,18,18.13,5.5,18.77,1.89,2.01,15,0,5,50,5,5,0,0,20,1.39,321.34,1.7808667188358,146,96.2843,71.1438,67.6817,70.1421,6.04984,5.28307,4.57984,4.14274,"IDFdk3",1,4.67058,3.87927,3.56488,3.20469,955.624,955.593,955.498,955.593,0.890538054918805,1.32319408468369,1.37975164776138,1.33968855007939,188,2,188,0.15049026356
"106","189",250,"N",NA,1000,10000,NA,NA,NA,NA,NA,NA,NA,NA,NA,18,20.11,7.14,24.37,1.79,1.71,35,5,5,25,5,20,0,0,5,3.66,26.04,1.89848778649909,250,32.1422,31.7415,34.04,23.0679,14.3905,15.6826,16.8741,16.5867,"IDFdk3",1,5.51966,5.40345,2.80053,2.07928,923.645,923.868,923.75,923.868,1.84673030121155,1.85043028104481,1.82864698026256,1.92004116009332,189,3,189,0.19223738482
"107","189",284,"N",NA,NA,19000,NA,NA,NA,NA,NA,NA,NA,12,NA,9,21.19,10.67,36.43,1.61,1.61,15,5,0,65,5,10,0,0,0,1.21,174.29,0.00496177976070156,284,21.3896,15.6973,25.4204,24.1897,16.6161,17.4623,14.1729,15.8794,"IDFdk3",1,8.09174,7.06869,5.25007,3.55761,925.233,925.51,924.757,925.51,1.93112203085723,1.96270449710317,1.90318251446956,1.91219379285164,189,3,189,0.19223738482
"108","189",557,"N",NA,1000,23000,NA,NA,NA,NA,NA,NA,NA,NA,NA,15,22.19,10.59,36.16,1.51,1.6,40,5,5,10,10,15,0,0,15,1.12,110.56,0.64881193011962,557,51.2946,43.2556,27.9155,24.2696,17.3594,17.8818,16.2992,16.5981,"IDFdk3",1,4.65831,4.70549,2.94105,4.74668,922.921,923.052,923.225,923.052,1.62531620739172,1.72830399768822,1.88363901055447,1.91162148966475,189,3,189,0.19223738482
"109","192",165,"S",NA,NA,57000,NA,NA,NA,NA,NA,NA,NA,NA,NA,27,36.2,15.57,53.16,0.88,0.91,50,0,5,30,0,15,0,0,0,1.29,164.05,0.038498131143485,165,54.3818,43.79,26.8632,359.551,4.28905,3.24461,2.17673,2.3925,"IDFdk3",1,11.6661,4.9126,3.74648,2.81121,958.345,958.348,958.382,958.348,1.58238122217925,1.7218810188775,1.89208793593287,1.99996929456892,192,1,192,0.148120795
"110","193",28,"S",NA,NA,9000,NA,NA,1000,NA,NA,NA,NA,NA,NA,9,17.07,8.07,27.57,1.78,2.12,10,5,5,25,5,35,0,0,15,2.96,147.08,0.16056979026559,28,16.4492,23.4954,13.5327,12.6763,12.3239,13.5776,14.5995,14.8699,"IDFdk3",1,9.07649,8.8697,3.47716,3.01955,923.447,923.638,923.372,923.638,1.95907117371422,1.91709208505659,1.97223652948234,1.97562539833671,193,2,193,0.35238102018
"111","193",215,"S",NA,3000,4000,NA,NA,NA,NA,NA,NA,NA,NA,NA,NA,26.99,10.79,36.86,1.31,1.61,10,0,5,45,10,25,0,0,5,0.68,354.29,1.9950382202393,215,351.032,0.673827,9.84794,10.1502,17.4728,14.7589,16.329,15.0056,"IDFdk3",1,4.39945,3.48045,3.59419,5.15523,923.469,923.537,922.93,923.537,1.98777555603397,1.99993084612,1.98526513743186,1.98434915363434,193,2,193,0.35238102018
"112","194",310,"S",NA,NA,1000,NA,NA,NA,NA,NA,NA,NA,NA,NA,15,29.03,13.15,44.92,1.28,1.19,10,5,10,40,10,20,0,0,5,0.06,300.97,1.51458919258113,310,328.297,35.9628,21.1466,30.9497,1.98898,2.73731,2.68034,2.13327,"IDFdk3",1,7.26557,10.2839,4.90471,4.09366,961.798,961.78,961.646,961.78,1.85078359462648,1.80939845074255,1.93266043244645,1.85761912257264,194,3,194,0.2471117175
"113","194",536,"S",NA,NA,2000,NA,NA,2000,NA,NA,NA,NA,NA,NA,3,24.23,12.98,44.32,1.42,1.36,5,0,5,60,5,25,0,0,0,2.2,101.31,0.803882709197932,536,24.3451,32.5081,32.8923,31.7077,3.0741,2.45171,2.27367,2.2957,"IDFdk3",1,6.04112,10.0931,5.28199,11.4431,960.995,961.025,960.954,961.025,1.911079073469,1.84331547844254,1.83969285435785,1.85074048342075,194,3,194,0.2471117175
"114","196",286,"S",NA,NA,11000,NA,NA,NA,NA,NA,NA,NA,6,NA,18,20.58,7.96,27.19,1.65,1.64,45,0,10,10,5,20,0,0,10,0.44,198.43,0.051289391867086,286,356.464,7.37226,1.58161,2.85067,22.6483,18.9255,17.0164,17.6725,"IDFdk3",8,6.0163,7.50716,3.64693,3.31331,928.951,929.339,929.07,929.339,1.99809624347182,1.99173340310046,1.99961902544876,1.99876254606818,196,8,196,0.82874398193
"115","196",313,"S",NA,NA,2000,NA,NA,NA,NA,NA,NA,NA,NA,NA,9,26.13,9.85,33.63,1.3,1.57,0,5,10,30,5,40,0,0,10,0.92,0,2,313,346.159,353.208,351.511,358.761,12.7182,15.1127,16.8958,15.5301,"IDFdk3",8,6.68575,7.00936,3.57703,2.30546,932.744,932.809,932.594,932.809,1.97096334032114,1.99298203074005,1.98904422250461,1.99976619681218,196,8,196,0.82874398193
"116","196",424,"S",NA,NA,4000,NA,NA,NA,NA,NA,NA,NA,NA,NA,9,35.72,16.5,56.35,1.02,0.96,65,0,5,5,5,15,0,0,5,2.65,272.73,1.04762946174398,424,5.53103,6.65553,8.46374,9.74416,16.8839,15.6603,18.0845,18.7592,"IDFdk3",8,8.08777,5.52833,3.94467,2.52922,924.429,924.515,924.253,924.515,1.99534414466544,1.99326090413337,1.98910920743155,1.98557331526404,196,8,196,0.82874398193
"117","196",445,"N",NA,NA,5000,NA,NA,NA,NA,NA,NA,NA,NA,NA,12,28.91,11.28,38.52,1.17,1.5,5,5,0,5,60,10,0,0,15,1.3,213.6,0.1670787592899,445,24.3183,15.5197,357.1,358.238,12.3759,11.7647,14.9057,15.3811,"IDFdk3",8,7.77056,3.32011,3.55896,3.81291,930.278,930.379,930.316,930.379,1.91127179441731,1.96353851171659,1.99871935718419,1.99952717294329,196,8,196,0.82874398193
"118","197",404,"S",NA,2000,4000,NA,NA,NA,NA,NA,NA,NA,NA,NA,6,35.66,16.03,54.74,0.91,1.11,0,5,0,45,5,40,0,0,5,0.03,161.57,0.0512893918670863,404,33.7975,32.3215,28.8421,25.7128,13.6511,12.7668,10.8786,9.44821,"IDFdk3",1,6.16263,6.75692,7.76759,9.24881,945.341,945.413,945.444,945.413,1.83100874145854,1.84506126024711,1.87595245880745,1.90098011846782,197,1,197,0.11050509645
"119","199",171,"S",NA,NA,4000,NA,NA,NA,NA,NA,NA,NA,NA,NA,6,33.68,14.54,49.66,0.88,1.06,5,0,5,40,10,35,0,0,5,3,72.43,1.30187075985847,171,342.152,3.26681,359.254,359.895,8.0528,7.95933,9.40113,9.07549,"IDFdk3",1,6.32747,5.46431,4.56178,3.06513,950.804,950.922,950.489,950.922,1.95187295995175,1.99837499449972,1.99991523896344,1.99999832079694,199,4,199,0.79071898277
"120","199",583,"S",NA,NA,7000,NA,NA,1000,NA,NA,NA,NA,NA,NA,9,36.62,15.07,51.46,0.91,0.89,0,0,0,55,15,25,0,0,5,2.4,63.43,1.44729084841871,583,349.46,0.551145,353.878,352.376,7.10692,7.81248,6.82097,6.62988,"IDFdk3",1,8.60805,7.31754,4.52249,4.52037,958.866,958.918,958.751,958.918,1.98312744356368,1.9999537349395,1.99429706835991,1.9911600538668,199,4,199,0.79071898277
"121","2",238,"S",NA,NA,1000,NA,NA,NA,NA,NA,NA,NA,NA,NA,12,30.34,10.94,37.37,1.08,1.09,40,5,10,40,0,5,0,0,0,2.47,228.71,0.340129462417615,238,299.026,293.543,256.316,250.66,18.776,16.1486,11.8918,11.3134,"IDFdk3",1,8.68294,4.89621,6.06439,5.71056,899.794,899.753,899.696,899.753,1.48520646014979,1.39943720242808,0.763433170861238,0.668826790521107,2,11,2,1.42780691281
"122","2",281,"S",NA,NA,2000,NA,NA,NA,NA,NA,NA,NA,NA,NA,6,45.88,18.15,61.99,0.65,0.6,0,0,55,10,0,0,0,0,35,1.14,339.1,1.93420447432103,281,249.58,250.931,263.631,258.145,10.085,10.5889,11.0506,11.7308,"IDFdk3",1,10.9279,11.1236,3.80655,3.99087,904.411,904.347,904.34,904.347,0.651100800786327,0.673293415453588,0.889068764270891,0.794564397282678,2,11,2,1.42780691281
"123","2",330,"S",NA,NA,1000,NA,NA,NA,NA,NA,NA,NA,NA,NA,24,25.96,10.52,35.92,1.41,1.26,65,0,15,10,0,0,0,0,10,2.08,30.26,1.86374756690202,330,241.103,244.741,251.354,253.089,10.7911,10.9836,10.9891,11.3912,"IDFdk3",1,5.66967,10.0978,8.91026,4.69591,908.631,908.555,908.507,908.555,0.516763456622892,0.573289193879683,0.680279876331695,0.709114116739264,2,11,2,1.42780691281
"124","2",522,"S",NA,NA,2000,NA,NA,NA,NA,NA,NA,NA,NA,NA,27,40.56,17.14,58.55,0.68,0.8,75,0,15,0,0,5,0,0,5,0.91,175.91,0.00254675360290757,522,244.326,247.96,247.059,256.117,16.1286,13.7732,12.7077,12.383,"IDFdk3",1,3.96658,3.92923,2.30076,2.1917,886.051,886.088,886.234,886.088,0.566749855829998,0.624746201484679,0.610216963091532,0.760059985470698,2,11,2,1.42780691281
"125","20",164,"S",NA,NA,1000,NA,NA,NA,NA,NA,NA,NA,NA,NA,6,22.71,9.94,33.95,1.46,1.72,60,0,15,10,10,5,0,0,0,1.97,295.42,1.42925043076672,164,263.702,267.238,280,285.086,12.2466,12.9915,11.5099,11.5859,"IDFdk3",1,5.42304,8.46167,7.57354,7.86422,896.766,896.695,896.483,896.695,0.890300384758419,0.951812674215595,1.17364817766693,1.26026859140083,20,13,20,1.53768542378
"126","20",483,"S",2000,NA,1000,NA,NA,NA,NA,NA,NA,NA,NA,NA,12,30.87,11.64,39.74,1.08,1.08,20,0,20,30,10,15,0,0,5,1.95,25.39,1.90341014240789,483,264.383,263.089,269.997,260.677,13.0088,12.0282,11.1768,11.536,"IDFdk3",1,6.21198,4.39233,4.91019,3.90543,886.144,886.228,886.286,886.228,0.902121814626603,0.879672567653378,0.999947640122464,0.838000042653561,20,13,20,1.53768542378
"127","20",484,"S",NA,NA,1000,NA,NA,NA,NA,NA,NA,NA,NA,NA,9,18.06,5.87,20.06,1.78,2,20,0,20,35,15,10,0,0,0,1.27,266.26,0.934771031001929,484,268.022,274.031,261.731,256.511,14.0839,14.1632,12.3664,12.4253,"IDFdk3",1,5.80324,5.63906,3.81036,4.57753,892.093,892.195,892.054,892.195,0.965484244390576,1.0702961976001,0.856179205076762,0.766741322068437,20,13,20,1.53768542378
"128","200",62,"S",NA,NA,9000,NA,NA,NA,NA,NA,NA,NA,NA,3,9,20.81,7.55,25.8,1.57,1.79,10,0,15,45,5,15,0,0,10,0.91,241,0.515190379753663,62,23.3209,20.7973,18.9828,19.5261,11.54,10.7287,11.495,11.1137,"IDFdk3",1,7.99572,9.71124,3.90358,2.01699,937.179,937.348,937.031,937.348,1.91830203560063,1.93484240937941,1.94561626745696,1.94248933394379,200,2,200,0.39003903361
"129","200",329,"S",NA,5000,3000,NA,NA,NA,NA,NA,NA,NA,NA,NA,3,26.25,12.18,41.6,1.39,1.51,5,0,10,40,10,30,0,0,5,5.89,285.94,1.27463057397186,329,27.8396,34.6481,22.9447,20.3857,5.04653,6.28364,8.39259,8.7802,"IDFdk3",1,7.29546,5.03033,4.32503,2.79452,941.094,941.128,940.911,941.128,1.88425842065805,1.8226593717935,1.92088154546786,1.93736895763643,200,2,200,0.39003903361
"130","201",355,"S",NA,NA,14000,NA,NA,4000,NA,NA,NA,NA,NA,3,9,31.41,13.33,45.52,1.02,1.2,15,0,20,30,10,20,0,0,5,0.43,168.69,0.0194195554425649,355,20.0623,20.7215,28.878,23.1243,12.1143,8.68972,9.42642,9.60594,"IDFdk3",1,6.06437,4.41766,4.27221,7.77227,939.51,939.678,939.374,939.678,1.93932017313089,1.93531132502661,1.87565002957218,1.91965501854151,201,3,201,0.31165868362
"131","201",364,"N",NA,NA,4000,NA,NA,NA,NA,NA,NA,NA,NA,NA,15,23.8,8.44,28.82,1.48,1.4,25,5,10,25,5,20,0,0,10,0.86,119.74,0.50393503316058,364,27.2941,17.7588,10.1862,14.3095,12.7113,10.9384,8.94485,8.30232,"IDFdk3",1,6.79637,6.00671,8.47196,3.95435,949.652,949.752,949.712,949.752,1.88866445711808,1.95234896461521,1.98423823124405,1.9689747640999,201,3,201,0.31165868362
"132","202",129,"N",NA,NA,12000,NA,NA,NA,NA,NA,NA,NA,NA,6,12,23.32,9.71,33.15,1.41,1.45,5,0,10,30,0,30,0,0,25,1.04,162.9,0.0442069852016698,129,351.996,346.412,347.573,346.891,12.0274,10.4016,6.10292,5.93312,"IDFdk3",1,7.07843,4.65046,3.53427,2.7528,958.02,958.067,957.857,958.067,1.99025835021299,1.9720102273097,1.97657097825607,1.97394035295913,202,12,202,1.48469984701
"133","202",131,"N",NA,NA,1000,NA,NA,NA,NA,NA,NA,NA,NA,NA,12,23.43,9.02,30.8,1.46,1.45,15,0,15,40,0,25,0,0,5,0.08,57.53,1.53685793598676,131,35.9377,28.4011,0.402739,351.323,12.5769,11.0325,7.18539,6.86353,"IDFdk3",1,5.36699,5.07579,5.12774,4.84674,953.795,953.793,953.514,953.793,1.80965563848431,1.87963944137521,1.99997529582665,1.98855452714769,202,12,202,1.48469984701
"134","202",168,"N",NA,NA,2000,NA,NA,NA,NA,NA,NA,NA,NA,NA,6,30.78,11.71,39.98,1.21,1.16,30,0,15,10,5,35,0,0,5,1.94,327.09,1.83952504992111,168,342.681,349.399,9.27343,17.064,7.46029,7.87326,8.08077,7.87745,"IDFdk3",1,6.19061,4.89382,4.62445,2.99257,949.617,949.651,949.556,949.651,1.95466213376593,1.98293213844311,1.98693055147636,1.95597757710532,202,12,202,1.48469984701
"135","202",184,"N",NA,NA,2000,NA,NA,NA,NA,NA,NA,NA,NA,NA,9,26.45,9.93,33.9,1.34,1.32,40,0,10,15,5,25,0,0,5,0.31,90,1,184,355.428,354.013,357.057,4.11272,6.71846,7.23474,9.48349,9.58477,"IDFdk3",1,11.7054,5.48706,3.42613,3.04443,940.782,940.881,940.575,940.881,1.99681795201731,1.9945455865249,1.99868110635416,1.99742488549773,202,12,202,1.48469984701
"136","202",194,"S",NA,NA,8000,NA,NA,NA,NA,NA,NA,NA,NA,3,15,17.72,6.61,22.57,1.96,1.92,20,0,15,20,10,25,0,0,10,1.88,187.13,0.007732915720152,194,29.0302,16.1045,8.32721,10.9642,10.4315,10.4901,12.169,11.6686,"IDFdk3",1,5.41758,4.97626,4.71308,4.67942,936.295,936.34,935.784,936.34,1.87436404762799,1.96075737095239,1.98945712213555,1.98174621460002,202,12,202,1.48469984701
"137","202",288,"N",NA,NA,14000,NA,NA,NA,NA,NA,NA,NA,3,NA,18,19.03,7.34,25.08,1.71,1.68,35,0,10,20,5,20,0,0,10,0.57,146.31,0.167949051920442,288,335.421,343.875,349.699,349.315,5.85675,7.55863,6.63341,6.0335,"IDFdk3",1,7.49425,8.50395,5.80175,6.00374,955.541,955.599,955.523,955.599,1.90938862285115,1.96065806135794,1.98388191709632,1.98266137027569,202,12,202,1.48469984701
"138","202",307,"S",NA,3000,2000,NA,NA,1000,NA,NA,NA,NA,NA,NA,3,29.99,11.87,40.55,1.12,1.35,0,5,5,30,25,30,0,0,5,1.28,144.24,0.188528001198639,307,320.458,359.106,13.3984,8.38618,8.75662,7.97292,10.1824,10.3708,"IDFdk3",1,12.1477,9.93706,10.7928,2.64157,935.408,935.432,935.374,935.432,1.77115810642688,1.99987827186564,1.97278234945242,1.98930754006915,202,12,202,1.48469984701
"139","202",423,"N",NA,NA,1000,NA,NA,NA,NA,NA,NA,NA,NA,NA,24,28.21,12.26,41.86,1.28,1.24,60,5,5,5,5,10,0,0,10,0.79,69.44,1.35118806988038,423,14.664,18.3831,16.3875,15.4272,7.16074,8.52888,8.65991,8.43724,"IDFdk3",1,8.42303,5.42584,6.2224,5.24862,945.834,945.938,945.592,945.938,1.96742700265329,1.94896907440928,1.95937554906005,1.96396922826276,202,12,202,1.48469984701
"140","202",437,"N",NA,NA,11000,NA,NA,NA,NA,NA,NA,NA,3,3,15,20.51,9.74,33.28,1.66,1.58,25,0,10,40,0,20,0,0,5,0.53,63.43,1.44729084841871,437,329.917,331.157,338.03,347.734,7.25558,4.84661,5.95295,5.99501,"IDFdk3",1,7.4565,5.33883,3.45839,2.55534,957.261,957.359,957.138,957.359,1.86530018371712,1.87594488121812,1.92737987101511,1.97717181717655,202,12,202,1.48469984701
"141","202",468,"N",NA,NA,1000,NA,NA,NA,NA,NA,NA,NA,NA,NA,15,17.73,7.92,27.04,1.77,1.94,35,0,15,30,0,20,0,0,0,1.24,158.96,0.0666699890164819,468,342.73,340.685,0.241384,357.768,16.1086,9.31528,6.01232,5.73891,"IDFdk3",1,9.65529,10.5094,3.51315,3.5428,957.755,957.781,957.612,957.781,1.9549163737391,1.943714390775,1.99999112555797,1.99924132076542,202,12,202,1.48469984701
"142","202",530,"N",NA,1000,39000,NA,NA,2000,NA,NA,NA,NA,NA,NA,12,26.44,12.58,42.96,1.21,1.3,50,0,10,10,0,10,0,0,20,1.65,180.72,7.89557961838883e-05,530,340.831,336.586,349.853,353.773,6.02965,6.79378,5.6471,5.40941,"IDFdk3",1,8.34816,7.36455,6.12333,3.89977,958.689,958.703,958.782,958.703,1.94455416598104,1.91765755675135,1.98435899459642,1.99409996009322,202,12,202,1.48469984701
"143","203",245,"N",NA,2000,5000,NA,NA,1000,NA,NA,NA,NA,6,3,NA,28.27,13.8,47.12,1.31,1.39,10,0,10,35,10,35,0,0,0,2.16,11.48,1.97999423745656,245,349.549,2.20629,8.30851,13.8602,8.15996,6.36153,11.1434,10.2163,"IDFdk3",1,4.45672,4.43365,3.88945,3.71116,941.978,941.998,941.756,941.998,1.9834103978621,1.99925869612899,1.98950433728593,1.97088311962454,203,1,203,0.19608859162
"144","204",48,"S",NA,NA,1000,NA,NA,NA,NA,NA,NA,NA,NA,NA,6,37.16,14.74,50.32,0.92,0.92,0,0,0,40,25,30,0,0,5,3.56,347.38,1.97584055612798,48,355.997,359.239,19.4854,19.788,10.3287,7.0353,7.28021,7.44233,"IDFdk3",1,3.80268,3.59903,3.35052,3.14749,952.954,953.075,952.91,953.075,1.99756039645196,1.9999117961243,1.94272652050723,1.940951693422,204,2,204,0.1400929635
"145","204",401,"S",NA,NA,9000,NA,NA,NA,NA,NA,NA,NA,NA,NA,9,28.95,13.9,47.48,1.28,1.23,5,0,5,50,20,15,0,0,5,1.91,104.04,0.757400769204592,401,6.45042,24.0671,18.445,19.8449,7.70794,7.95762,7.18393,7.60072,"IDFdk3",1,10.1021,6.66654,9.6853,11.0215,953.415,953.501,953.204,953.501,1.99366944228672,1.9130684955208,1.94862780883889,1.9406150271472,204,2,204,0.1400929635
"146","205",106,"S",NA,NA,1000,NA,NA,NA,NA,NA,NA,NA,NA,NA,6,46.11,19.15,65.39,0.79,0.65,20,0,25,15,0,25,0,0,15,0.3,156.04,0.0861708092615372,106,349.826,1.16361,19.852,15.022,8.91939,8.54707,7.09848,6.49231,"IDFdk3",1,6.43834,6.81667,3.85373,4.09347,960.655,960.687,960.533,960.687,1.98427586513914,1.99979378288713,1.94057295271703,1.96582637570687,205,8,205,1.11179797754
"147","205",584,"S",NA,NA,8000,NA,NA,1000,NA,NA,NA,NA,NA,NA,9,33.79,13.2,45.08,1.15,1.02,10,5,10,25,15,30,0,0,5,1.47,240.18,0.502723161970054,584,354.668,359.542,7.84988,9.57896,9.28624,10.7406,9.64498,9.85822,"IDFdk3",1,4.27545,4.26562,8.23201,3.50203,945.245,945.368,945.336,945.368,1.99567295342169,1.9999680512859,1.99062931510897,1.98605721095373,205,8,205,1.11179797754
"148","205",588,"S",NA,NA,7000,NA,NA,NA,NA,NA,NA,NA,NA,NA,15,35.93,16.44,56.15,0.97,0.94,10,5,5,25,5,40,0,0,10,3.32,308.48,1.62224141693561,588,342.414,342.802,355.988,358.711,11.9211,8.36942,10.5153,11.2528,"IDFdk3",1,6.65834,6.02234,5.41958,5.84791,944.316,944.382,944.016,944.382,1.95326452223922,1.95528868369855,1.99754941861921,1.99974694655342,205,8,205,1.11179797754
"149","206",111,"S",NA,NA,17000,NA,NA,NA,NA,NA,NA,NA,9,NA,12,36.98,17.03,58.16,0.92,0.88,45,0,0,10,0,35,5,0,5,2.67,63.43,1.44729084841871,111,333.508,330.346,359.305,357.976,11.5294,8.42326,10.2344,10.5153,"IDFdk3",1,5.77432,5.77907,5.13258,5.57106,947.37,947.522,947.182,947.522,1.89499665384585,1.86902901416166,1.99992643198746,1.99937612067616,206,6,206,0.62046729256
"150","206",138,"S",NA,NA,6000,NA,NA,NA,NA,NA,NA,NA,6,3,12,24.36,9.21,31.44,1.27,1.35,50,0,10,15,5,10,0,0,10,1.33,8.49,1.98904164590711,138,12.7067,9.71309,4.58595,0.702935,12.9272,11.7212,10.0555,9.52724,"IDFdk3",1,5.87613,4.33029,3.60615,5.95195,951.277,951.338,950.935,951.338,1.97550882910729,1.98566494967443,1.99679851476755,1.99992474252761,206,6,206,0.62046729256
"151","206",319,"S",NA,NA,2000,NA,NA,NA,NA,NA,NA,NA,3,NA,6,24.49,11.01,37.6,1.23,1.4,10,0,5,50,5,25,0,0,5,1.04,164.05,0.038498131143485,319,311.692,356.771,343.016,348.861,3.83346,3.48072,5.36045,6.04062,"IDFdk3",1,7.08828,6.01706,4.72647,3.28498,960.46,960.452,960.33,960.452,1.66512609781338,1.99841238248868,1.95638636425686,1.98116139112886,206,6,206,0.62046729256
"152","206",524,"S",NA,NA,4000,NA,NA,NA,NA,NA,NA,NA,NA,NA,6,36.03,16.87,57.6,0.96,0.9,25,0,5,55,5,5,0,0,5,2.56,252.47,0.698794876710965,524,326.89,331.669,356.213,359.232,9.66221,10.5325,8.63748,9.18639,"IDFdk3",1,11.2476,3.29923,2.42065,1.52058,950.236,950.321,950.055,950.321,1.83762339108902,1.88022071824141,1.99781647967935,1.99991016601255,206,6,206,0.62046729256
"153","206",548,"S",NA,NA,6000,NA,NA,NA,NA,NA,NA,NA,NA,NA,21,24.53,10.68,36.46,1.39,1.32,15,0,5,10,5,25,0,0,40,1.07,216.87,0.200001071851492,548,331.408,328.088,352.167,354.716,6.50114,8.04546,8.4201,8.5027,"IDFdk3",1,4.92417,3.83654,3.85545,3.31893,952.785,952.803,952.73,952.803,1.87804980486159,1.8488609931439,1.99066950958787,1.99575045409404,206,6,206,0.62046729256
"154","209",6,"S",NA,NA,6000,NA,NA,NA,NA,NA,NA,NA,NA,6,3,37.31,15.39,52.56,0.85,0.9,5,0,15,20,5,40,0,0,15,2.71,99.46,0.835640991548963,6,7.06684,0.633026,3.61572,2.26756,13.3268,12.0502,11.6574,11.0046,"IDFdk3",1,5.96447,8.49102,5.16323,2.88273,945.966,946.167,945.602,946.167,1.99240330618976,1.99993896718269,1.99800946329596,1.99921695697105,209,1,209,0.46724221293
"155","21",377,"S",NA,NA,4000,NA,NA,NA,NA,NA,NA,NA,NA,NA,15,38.7,13.12,44.8,0.71,0.87,40,0,10,15,0,10,0,0,25,0.42,240.26,0.503935033160579,377,295.159,308.75,274.811,274.855,13.4882,13.7272,9.95833,10.2549,"IDFdk3",1,6.25541,4.12765,3.20824,2.74436,874.749,874.932,874.641,874.932,1.42513170194737,1.62592347218406,1.08386915468404,1.08463436910735,21,3,21,0.37481473106
"156","210",323,"S",NA,NA,5000,NA,NA,NA,NA,NA,NA,NA,NA,NA,21,23.5,6.95,23.72,1.45,1.34,0,0,10,25,35,10,0,0,20,2.01,66.47,1.39922918577574,323,39.7756,36.5247,33.5259,29.6966,2.98602,8.53607,8.07842,6.61487,"IDFdk3",NA,5.96128,4.7548,3.67821,3.02005,961.243,961.307,961.196,961.307,1.76855605125113,1.80360036001162,1.83363623913006,1.86866091401803,210,2,210,0.1144653638
"157","210",450,"S",NA,NA,28000,NA,NA,NA,NA,NA,NA,NA,NA,NA,12,27.36,10.37,35.41,1.27,1.27,15,5,5,30,20,20,0,0,5,0.91,34.4,1.8251134982783,450,39.3304,30.5159,9.51787,8.96078,7.35022,4.53607,3.23437,3.53064,"IDFdk3",1,8.53534,6.13807,7.1067,3.55969,960.818,960.827,960.879,960.827,1.77350404153632,1.86148828163949,1.98623407681385,1.98779519141654,210,2,210,0.1144653638
"158","211",33,"S",NA,NA,9000,NA,NA,NA,NA,NA,NA,NA,NA,NA,12,18.08,10.05,34.32,1.73,1.92,15,5,10,40,5,20,0,0,5,0.43,86.42,1.06244213866229,33,15.7961,24.1243,12.3395,9.82876,14.8404,11.1487,9.92268,11.4474,"IDFdk3",8,4.89482,4.07301,3.99857,2.51981,940.232,940.39,940.073,940.39,1.9622365248287,1.91266091606431,1.97689847803706,1.98532233654784,211,4,211,0.30378427516
"159","211",69,"S",NA,NA,8000,NA,NA,NA,NA,NA,NA,NA,NA,NA,18,28.68,12.27,41.89,1.14,1.2,25,10,10,5,0,0,0,0,50,1.48,307.33,1.6064048261197,69,37.4465,20.0714,4.6673,10.8733,8.33935,8.90453,8.43296,9.07171,"IDFdk3",1,5.37186,6.10394,4.49664,4.65134,942.903,942.892,942.949,942.892,1.79392142603406,1.9392656776978,1.99668398866501,1.98204672509957,211,4,211,0.30378427516
"160","211",141,"S",NA,NA,18000,NA,NA,NA,NA,NA,NA,NA,NA,NA,9,29.83,12.96,44.27,1.15,1.16,5,5,15,10,5,15,0,0,45,3.53,279.03,1.15695159597871,141,11.4077,7.69347,4.15602,10.9265,8.06957,8.16947,9.40507,9.15733,"IDFdk3",1,4.83128,4.12372,5.11231,3.96395,946.584,946.601,946.263,946.601,1.98024460252995,1.99099846368436,1.99737040074133,1.98187114871131,211,4,211,0.30378427516
"161","211",283,"S",NA,NA,27000,NA,NA,NA,NA,NA,NA,NA,NA,NA,6,23.4,10.81,36.92,1.62,1.56,25,5,10,10,5,10,0,0,35,2.44,87.13,1.05007000493285,283,31.3217,26.8339,25.7592,17.9855,14.6191,7.99774,9.0203,8.55109,"IDFdk3",1,5.40945,3.58195,3.14007,3.10261,944.583,944.784,944.3,944.784,1.85426200803223,1.89231889304529,1.90062846871013,1.95113468961667,211,4,211,0.30378427516
"162","213",356,"S",NA,NA,2000,NA,NA,NA,NA,NA,NA,NA,NA,NA,12,44.73,17.13,58.52,0.55,0.68,5,5,10,65,5,5,0,0,5,0.41,98.13,0.858580412225546,356,24.2476,11.1873,14.2471,14.0136,8.43788,10.0629,8.09678,8.04302,"IDFdk3",1,4.84375,4.12512,7.22383,6.37977,953.604,953.808,953.704,953.808,1.91177924692826,1.98099818461848,1.96924336740299,1.97023827520521,213,5,213,1.00159639207
"163","213",460,"S",NA,NA,3000,NA,NA,NA,NA,NA,NA,NA,NA,NA,9,25.92,8.32,28.42,1.29,1.29,10,0,20,30,5,20,0,0,15,1.44,296.57,1.44729084841871,460,348.628,6.24596,28.0348,21.1944,6.02809,5.78883,6.80011,7.17541,"IDFdk3",1,7.75697,5.65413,3.99681,4.22561,955.79,955.812,955.726,955.812,1.98036765116232,1.99406401209623,1.88266228492194,1.93235914138297,213,5,213,1.00159639207
"164","214",43,"S",NA,NA,3000,NA,NA,NA,NA,NA,NA,NA,NA,NA,18,22.4,8.9,30.39,1.53,1.6,0,0,5,25,10,30,0,0,30,1.46,299.95,1.49924405997495,43,358.619,353.926,15.3541,22.0685,7.97656,9.1897,8.08916,7.51171,"IDFdk3",1,7.29566,6.89954,4.11054,3.46634,956.403,956.547,956.119,956.547,1.9997095368311,1.99438606285979,1.96430783347982,1.92673533092841,214,1,214,0.20369971064
"165","216",53,"N",NA,NA,5000,NA,NA,NA,NA,NA,NA,NA,6,NA,9,21.88,9.46,32.3,1.55,1.47,10,0,15,45,15,15,0,0,0,2.12,106.36,0.718328339404263,53,13.6261,23.8514,4.24418,10.2883,2.73977,1.91695,2.6556,3.44901,"IDFdk3",1,5.74508,4.97963,5.29797,4.03507,959.387,959.427,959.374,959.427,1.97185378523062,1.91459727954771,1.99725770775885,1.98392152946189,216,11,216,1.46658190545
"166","216",124,"S",NA,NA,6000,NA,NA,NA,NA,NA,NA,NA,NA,NA,NA,24.17,9.23,31.53,1.41,1.4,5,0,5,60,10,20,0,0,0,1.76,38.66,1.7808667188358,124,323.579,332.216,333.799,346.26,3.56594,4.03369,3.4407,2.94876,"IDFdk3",1,7.59535,7.96479,5.02107,3.6031,960.329,960.335,960.286,960.335,1.80467624391585,1.88471118044205,1.89725066380687,1.97138353903273,216,11,216,1.46658190545
"167","216",128,"N",NA,NA,27000,NA,NA,NA,NA,NA,NA,NA,3,NA,15,27.28,8.63,29.46,1.18,1.37,10,0,5,55,5,25,0,0,0,2.66,81.98,1.13951876123967,128,92.8018,14.6003,5.88677,1.94171,3.02791,3.57144,3.68367,3.94498,"IDFdk3",1,5.70122,5.67227,3.1212,2.99751,958.965,959.004,959.03,959.004,0.951118851808264,1.96770785063663,1.99472652612161,1.99942581491275,216,11,216,1.46658190545
"168","216",185,"N",NA,NA,2000,NA,1000,NA,NA,NA,NA,NA,NA,NA,12,19.13,4.8,16.41,1.63,1.64,15,0,15,15,15,40,0,0,0,0.1,116.57,0.55270915158129,185,272.677,29.3419,13.5583,357.903,2.35242,1.58109,4.13893,3.53867,"IDFdk3",1,9.79237,6.48952,4.1666,3.68696,960.181,960.202,960.048,960.202,1.04670546682978,1.87171115733729,1.97213188011172,1.9993303110689,216,11,216,1.46658190545
"169","216",246,"N",NA,NA,25000,NA,2000,1000,NA,NA,NA,NA,NA,NA,12,29.82,12.19,41.62,1.01,1.14,10,15,5,25,5,35,0,0,5,1.21,340.35,1.94176435739693,246,0.51701,4.4748,11.8095,8.46669,4.65031,3.96526,3.50045,3.72105,"IDFdk3",1,5.22042,4.91735,4.14333,3.60736,958.809,958.864,958.914,958.864,1.9999592882586,1.99695174542068,1.97883346857705,1.98910162805352,216,11,216,1.46658190545
"170","216",344,"S",NA,NA,1000,NA,NA,NA,NA,NA,NA,NA,NA,NA,3,40.93,16.29,55.61,0.69,0.77,5,0,15,45,5,20,0,0,10,1.41,149.04,0.142473343806348,344,15.162,19.0665,25.2877,25.8624,3.87086,4.46556,4.8763,5.03313,"IDFdk3",1,5.82637,6.36523,5.00225,4.02689,956.221,956.234,956.126,956.234,1.9651901726682,1.94514007012322,1.90417427208964,1.89984423369957,216,11,216,1.46658190545
"171","216",586,"S",NA,1000,2000,NA,NA,NA,NA,NA,NA,NA,NA,NA,3,54.34,19.63,67.05,0.4,0.42,0,0,5,35,5,40,0,0,15,3.65,205.27,0.0956938102251134,586,12.136,16.5672,19.5278,19.508,4.96088,5.83297,6.07677,6.21225,"IDFdk3",1,10.0252,10.5476,6.01732,12.0505,955.136,955.169,955.024,955.169,1.97765133653315,1.95848596487244,1.94247941654045,1.94259487367361,216,11,216,1.46658190545
"172","217",159,"S",NA,NA,2000,NA,NA,NA,NA,NA,NA,NA,NA,NA,18,31.13,11.27,38.5,1.03,1.08,10,0,5,30,5,30,0,0,20,1.25,188.13,0.0100502537028945,159,13.7228,6.98508,16.5284,20.004,8.11746,10.3452,9.25639,7.56348,"IDFdk3",1,9.7193,9.86701,4.74507,3.93634,958.481,958.509,958.487,958.509,1.9714547968725,1.99257785314658,1.95867883820457,1.93966874098552,217,3,217,0.24533603874
"173","217",169,"S",NA,NA,3000,NA,NA,NA,NA,NA,NA,NA,NA,NA,15,34.84,15.47,52.84,0.97,0.94,5,0,40,0,0,5,0,0,50,2.67,282.53,1.21695077163962,169,48.8258,8.31028,13.6444,12.101,7.72963,6.75928,6.29898,6.02351,"IDFdk3",1,5.07447,5.20044,4.04162,5.63533,957.861,957.949,957.943,957.949,1.65835058471884,1.98949987277445,1.97177849097904,1.97777957807559,217,3,217,0.24533603874
"174","218",243,"S",NA,NA,1000,NA,NA,NA,NA,NA,NA,NA,NA,NA,3,21.49,8.26,28.22,1.4,1.78,5,0,5,20,55,5,0,0,10,2.18,34.51,1.82402731953298,243,58.5277,28.9801,33.2078,23.2453,5.18918,4.84606,5.40529,5.37656,"IDFdk3",1,6.57895,6.09282,4.66206,5.76462,959.332,959.429,959.231,959.429,1.52208628949402,1.87478803871261,1.83668976281267,1.91882358808357,218,1,218,0.18720600247
"175","219",507,"S",NA,NA,3000,NA,NA,NA,NA,NA,NA,NA,NA,NA,9,37.52,14.01,47.85,0.89,0.9,55,0,15,5,0,10,0,0,15,1.17,76.19,1.23870294885128,507,15.9089,5.85839,8.07355,12.6352,14.6599,11.2718,9.31427,9.01572,"IDFdk3",1,3.95859,3.34692,4.59679,2.25812,950.184,950.203,950.079,950.203,1.96169874268217,1.99477720597979,1.99008859780827,1.97578256018883,219,1,219,0.14775725283
"176","220",96,"S",NA,NA,1000,NA,NA,NA,NA,NA,NA,NA,NA,NA,3,43.72,18.48,63.12,0.69,0.69,5,0,25,15,20,20,0,0,15,2.1,161.57,0.0512893918670863,96,349.877,4.20784,4.42624,356.321,4.26253,5.28731,5.35808,5.72347,"IDFdk3",1,7.10536,6.26862,7.50094,2.61891,960.939,960.995,960.912,960.995,1.98443270393794,1.99730444642609,1.99701751231641,1.99793920356982,220,8,220,1.26868004428
"177","220",222,"S",NA,NA,19000,NA,NA,2000,NA,NA,NA,NA,NA,NA,15,24.51,6.81,23.24,1.32,1.34,10,5,5,20,5,50,0,0,5,0.84,0.3,1.99998629224743,222,49.4983,353.463,353.278,357.326,5.99807,6.57081,8.07353,8.70073,"IDFdk3",1,5.45588,5.15381,4.5565,3.87174,955.077,955.201,955.174,955.201,1.64947060974349,1.99349854506564,1.99312577797855,1.99891114834411,220,8,220,1.26868004428
"178","220",240,"S",NA,NA,3000,NA,NA,NA,NA,NA,NA,NA,NA,NA,3,45.36,19.15,65.4,0.64,0.63,0,0,20,40,15,15,0,0,10,5.06,180,0,240,306.629,327.489,354.98,353.717,12.8579,8.08552,8.06039,7.68018,"IDFdk3",1,4.36349,3.72844,2.93984,3.08272,957.333,957.427,957.446,957.427,1.59663114101566,1.84328827615077,1.99616421430725,1.99399347052883,220,8,220,1.26868004428
"179","220",378,"S",NA,NA,3000,NA,NA,NA,NA,NA,NA,NA,NA,3,12,27.58,11.42,38.99,1.22,1.24,20,5,5,45,5,15,0,0,5,0.49,225,0.292893218813452,378,347.538,345.85,356.913,356.009,6.87665,6.85195,5.35537,5.60709,"IDFdk3",1,5.91885,5.22038,4.81876,5.59765,961.41,961.443,961.424,961.443,1.97643934057696,1.96965905180872,1.99854891471705,1.9975749952741,220,8,220,1.26868004428
"180","220",411,"S",NA,NA,6000,NA,NA,NA,NA,NA,NA,NA,NA,NA,12,44,17.81,60.83,0.71,0.67,40,0,15,5,5,20,5,0,10,2.04,280.3,1.17880221511635,411,342.46,353.295,0.678687,356.065,5.55937,6.63258,7.6519,7.60544,"IDFdk3",1,4.73526,4.08726,5.76295,5.06591,957.908,957.933,957.762,957.933,1.953506786099,1.99316046431427,1.99992984498489,1.99764254451536,220,8,220,1.26868004428
"181","220",479,"S",NA,NA,1000,NA,NA,NA,NA,NA,NA,NA,NA,NA,3,46.84,19.86,67.82,0.57,0.59,5,0,15,25,5,20,0,0,30,1.57,217.93,0.211237662295191,479,16.4565,13.2343,355.172,356.374,8.03642,8.983,6.79535,7.4253,"IDFdk3",1,6.88415,7.02049,4.60045,4.78205,956.897,957.052,956.748,957.052,1.95903508813551,1.97344202664955,1.99645184755133,1.99799813223781,220,8,220,1.26868004428
"182","223",371,"S",NA,NA,2000,NA,NA,NA,NA,NA,NA,NA,NA,NA,12,26.65,9.53,32.54,1.23,1.29,35,0,20,5,5,15,0,0,20,1.05,161.57,0.0512893918670863,371,12.3536,19.6516,16.2364,20.7219,10.4165,7.28343,5.88409,5.94921,"IDFdk3",1,6.97678,4.15513,6.92377,3.53937,959.83,959.861,959.64,959.861,1.97684585775556,1.94175496650093,1.96011624889159,1.93530885483346,223,1,223,0.14995170677
"183","225",188,"S",NA,NA,8000,NA,NA,NA,NA,NA,NA,NA,NA,NA,NA,51.88,20.1,68.66,0.43,0.46,0,0,10,40,10,35,0,0,5,0.13,107.4,0.700959207743913,188,44.5163,22.0019,16.3227,14.3701,7.66844,7.44942,7.3865,7.82477,"IDFdk3",1,6.50956,6.3201,4.35746,3.50691,956.373,956.467,956.21,956.467,1.71305101955079,1.92717143163193,1.95969401937906,1.96871280890981,225,3,225,0.12514668852
"184","225",370,"S",NA,NA,1000,NA,NA,NA,NA,NA,NA,NA,NA,NA,15,34.08,9.75,33.28,0.96,0.95,35,0,5,15,5,25,0,0,15,1.73,106.03,0.723859366542748,370,22.073,8.95629,22.0008,15.5332,9.5056,9.87728,8.49374,8.5175,"IDFdk3",1,7.69567,8.04365,5.39979,5.95664,955.758,955.794,955.992,955.794,1.92670581949716,1.98780739442974,1.92717862398164,1.96347544034922,225,3,225,0.12514668852
"185","226",97,"N",NA,NA,9000,NA,NA,1000,NA,NA,NA,NA,NA,3,9,19.35,7.96,27.19,2.21,1.82,50,0,15,15,5,15,0,0,0,0.76,214.7,0.177855958969263,97,319.655,324.089,314.052,333.486,9.89216,8.72231,21.3342,7.95429,"IDFdk3",1,8.25925,8.1986,4.83582,6.06234,954.485,954.555,954.009,954.555,1.76216010701691,1.809929050107,1.69531093637312,1.89482530819372,226,2,226,0.1485125
"186","226",265,"N",NA,NA,3000,NA,NA,NA,NA,NA,NA,NA,6,NA,6,21.71,9.35,31.94,1.63,1.57,40,0,20,0,15,10,0,0,15,1.17,180,0,265,305.729,311.821,313.338,326.174,20.9355,21.714,18.3207,9.48597,"IDFdk3",1,11.747,12.2885,4.56488,4.70708,953.886,954.155,954.08,954.155,1.58395216900085,1.66680565669806,1.68630087922882,1.83073194478153,226,2,226,0.1485125
"187","227",585,"S",NA,NA,1000,NA,NA,NA,NA,NA,NA,NA,NA,NA,6,31.82,15.01,51.26,1.05,1.1,0,0,5,45,10,25,0,0,15,2.06,192.87,0.0251220459448787,585,16.8641,4.42039,3.38255,5.69615,4.18941,2.00946,4.91365,4.09554,"IDFdk3",1,4.33029,9.39536,3.26284,2.2338,963.012,963.055,962.88,963.055,1.95699554243019,1.9970253868888,1.99825784397317,1.99506224152287,227,1,227,0.12056241308
"188","228",399,"S",NA,NA,3000,NA,NA,NA,NA,NA,NA,NA,NA,NA,15,24.63,9.8,33.47,1.48,1.45,0,5,10,15,40,15,0,0,15,1.8,70.22,1.33840947026913,399,341.528,10.6231,346.975,339.38,3.7637,2.34658,2.67362,2.54249,"IDFdk3",1,4.4588,5.98057,11.1917,9.60653,964.118,964.12,964.067,964.12,1.94847860626829,1.98286110540452,1.97427181862134,1.93593666280925,228,1,228,0.38294955216
"189","229",565,"S",NA,NA,4000,NA,NA,1000,NA,NA,NA,NA,NA,NA,12,32.12,13.83,47.22,1.02,1.07,5,0,5,25,5,50,0,0,10,0.73,156.04,0.0861708092615372,565,93.5865,54.1828,17.0341,13.0955,5.34188,4.03633,3.0357,3.30565,"IDFdk3",1,10.2787,7.07301,6.01314,5.26122,964.313,964.37,964.403,964.37,0.937444636719325,1.58520112725221,1.95613057945887,1.97399376542711,229,2,229,0.59194084987
"190","230",276,"S",NA,NA,5000,NA,NA,NA,NA,NA,NA,NA,NA,NA,3,51.19,17.99,61.44,0.43,0.49,5,0,20,30,10,25,0,0,10,1.98,349.06,1.98182645988657,276,355.579,23.6491,15.6879,12.4887,7.15554,8.07857,7.74233,8.19719,"IDFdk3",1,4.39143,3.6724,4.06189,5.19187,957.134,957.174,957.11,957.174,1.99702456626494,1.91601931135657,1.96274887167024,1.97633867483037,230,2,230,0.19200855511
"191","231",567,"S",NA,NA,9000,NA,NA,NA,NA,NA,3,NA,NA,NA,3,36.39,15.09,51.55,0.95,0.92,0,0,0,40,5,50,0,0,5,0.65,56.31,1.55469921561141,567,33.3976,25.8214,21.3033,19.8042,10.8208,8.71507,8.3311,8.83848,"IDFdk3",1,5.04623,4.04764,4.3241,3.63612,956.384,956.452,956.329,956.452,1.83487092101431,1.90015614959178,1.93167030427127,1.94085593563992,231,2,231,0.11434429734
"192","232",166,"S",NA,NA,18000,NA,NA,NA,NA,NA,NA,NA,NA,3,NA,37.59,12.48,42.61,0.88,0.82,10,0,5,45,5,30,0,0,5,0.99,343.3,1.95782249484531,166,19.9267,8.2575,25.177,25.9479,0.463381,5.58039,6.0312,6.97266,"IDFdk3",1,8.25883,7.83821,4.12494,4.25957,959.973,960.102,960.071,960.102,1.94012940705928,1.98963259520072,1.9049978983204,1.89919229279194,232,2,232,0.30559720779
"193","232",559,"S",NA,NA,3000,NA,NA,NA,NA,NA,NA,NA,NA,NA,9,35.7,15.9,54.28,0.93,0.9,0,0,10,45,5,30,0,0,10,0.56,135,0.292893218813453,559,16.7231,13.8227,30.2366,22.3866,5.79868,7.6448,7.30801,7.37711,"IDFdk3",1,5.57983,4.69052,4.77482,3.03098,960.375,960.409,960.176,960.409,1.95770656155833,1.97103969918584,1.86395330127411,1.92463513082534,232,2,232,0.30559720779
"194","235",340,"S",NA,NA,3000,NA,NA,NA,NA,NA,NA,NA,NA,NA,9,24.5,12.24,41.8,1.34,1.33,10,0,5,60,5,15,0,0,5,0.22,237.26,0.459172325869913,340,64.608,62.0455,356.452,24.8445,15.5165,5.95188,2.76883,2.23984,"IDFdk3",1,13.2782,3.84745,4.23105,3.00658,964.13,964.279,964.03,964.279,1.42880899982152,1.46877024423806,1.99808330425825,1.90745142828628,235,1,235,0.10676702942
"195","236",509,"S",NA,NA,1000,NA,NA,NA,NA,NA,NA,NA,NA,NA,3,20.01,8.62,29.43,1.73,1.86,0,0,15,40,10,10,5,0,20,0.5,119.06,0.514274746132114,509,345.519,351.122,14.145,6.79623,4.59783,4.22157,3.21626,4.25959,"IDFdk3",1,6.24077,5.77488,8.26649,4.79572,966.436,966.528,966.383,966.528,1.96823061629808,1.9880191974619,1.96968038138869,1.9929732968094,236,3,236,0.33680179775
"196","237",501,"S",NA,NA,2000,NA,NA,NA,NA,NA,NA,NA,NA,NA,6,19.86,8.17,27.9,1.65,1.65,10,0,20,50,0,15,0,0,5,1.44,260.79,0.839946526964256,501,92.0573,92.9325,77.8908,61.7532,3.54919,2.31894,2.50149,3.03083,"IDFdk3",1,4.09066,3.9158,4.25955,4.22831,960.92,960.916,960.981,960.916,0.964101056472879,0.948840562507556,1.20977556313991,1.47327046822672,237,4,237,0.19370843137
"197","237",599,"N",NA,NA,1000,NA,NA,NA,NA,NA,NA,NA,NA,NA,3,18.97,6.96,23.77,1.66,1.72,40,0,20,20,0,10,0,0,10,1.75,6.71,1.9931502715267,599,67.7367,92.1131,73.0283,57.0291,4.11209,4.42806,3.55621,3.01776,"IDFdk3",1,6.23364,9.06799,2.0137,8.6486,960.58,960.592,960.566,960.592,1.37886345174677,0.963127807675997,1.29189932321168,1.54421301171165,237,4,237,0.19370843137
"198","239",383,"N",NA,NA,3000,NA,NA,NA,NA,NA,NA,NA,NA,NA,15,13.37,4.35,14.85,2.35,2.34,0,5,5,25,30,15,0,0,20,0.84,84.81,1.090458764201,383,33.2551,48.5711,24.0802,17.162,7.9721,7.74308,5.95894,5.22366,"IDFdk3",1,7.2978,6.34352,4.15176,3.11242,965.382,965.352,965.445,965.352,1.83623734797202,1.6616901373212,1.9129752316011,1.95547427301572,239,2,239,0.11888059448
"199","31",504,"S",NA,NA,5000,NA,NA,NA,NA,NA,NA,NA,NA,NA,12,29,11.88,40.57,1.12,1.21,40,0,5,10,5,40,0,0,0,1.89,303.69,1.55469921561141,504,238.238,223.217,222.211,219.647,4.96126,6.55407,6.03508,5.54684,"IDFdk3",1,4.65303,3.24554,4.54201,3.41721,912.376,912.336,912.516,912.336,0.473607990537061,0.271234513877797,0.259324378460316,0.230009898330248,31,7,31,0.62846481068
"200","35",390,"S",NA,NA,1000,NA,NA,NA,NA,NA,NA,NA,NA,NA,21,18.74,9.46,32.31,1.61,1.78,75,0,5,20,0,0,0,0,0,0.72,117.97,0.530990811825669,390,242.823,236.216,251.857,250.928,11.4638,11.2631,10.8869,11.0838,"IDFdk3",1,9.67946,7.44582,3.72429,3.44461,893.339,893.303,893.565,893.303,0.543259144375801,0.443936460827566,0.68861030387687,0.673243929229461,35,2,35,0.1229063575
"201","41",600,"S",NA,NA,1000,NA,NA,NA,NA,NA,NA,NA,NA,NA,12,43.98,18.41,62.88,0.47,0.71,30,0,15,20,5,10,10,5,5,2.17,270,1,600,177.674,177.027,165.591,162.897,15.1904,14.4531,16.1843,15.9526,"IDFxm/IDFdk3",4,5.72055,3.27043,3.56632,3.16506,837.628,837.407,838.157,837.407,0.000823918992444383,0.0013459133888718,0.0314559149367509,0.0442223824272702,41,7,41,0.40043797547
"202","48",438,"S",NA,NA,6000,NA,NA,NA,NA,NA,NA,NA,NA,NA,6,33.01,14.96,51.08,0.85,1.03,0,0,5,50,25,0,5,5,10,2.27,270.47,1.00820295548752,438,206.537,204.111,199.978,195.319,16.5405,15.4313,18.1541,21.2594,"IDFxm",1,8.91578,5.09635,4.83115,5.65194,789.25,789.077,789.111,789.077,0.10535396695656,0.0872442334100877,0.0601761221816274,0.0355301381923411,48,2,48,0.67029751776
"203","5",18,"S",NA,NA,1000,NA,NA,NA,NA,NA,NA,NA,NA,NA,9,20.84,8.73,29.8,1.51,1.71,20,5,30,0,15,20,0,0,10,0.08,168.69,0.0194195554425649,18,174.165,182.485,188.075,197.609,28.1817,36.5047,35.6834,23.7935,"IDFdk3",1,7.00124,7.88523,3.66414,3.5389,862.502,862.331,862.461,862.331,0.00518120856943849,0.000940393126206862,0.00991495676822229,0.0468568401177486,5,18,5,1.97633327563
"204","5",78,"S",NA,NA,3000,NA,NA,NA,NA,NA,NA,NA,NA,NA,6,43.35,16.98,57.98,0.61,0.72,5,0,5,5,5,25,0,0,55,3.52,333.43,1.89438856037008,78,272.03,265.938,249.637,247.867,14.7943,13.7044,14.9887,14.4282,"IDFdk3",1,6.12985,4.32787,4.13963,3.65398,877.198,877.272,877.383,877.272,1.03542277170801,0.929164099122239,0.652033295616331,0.623242157109918,5,18,5,1.97633327563
"205","5",93,"S",NA,NA,6000,NA,NA,NA,NA,NA,NA,NA,NA,NA,15,27.06,12.3,41.99,1.29,1.29,10,0,30,20,10,15,0,0,15,2.01,284.74,1.25443316297205,93,282.546,275.545,270.607,263.179,11.7201,12.5235,12.4648,11.9935,"IDFdk3",1,5.46777,5.25606,8.96102,5.29747,874.267,874.219,874.515,874.219,1.21722336476933,1.09662750522466,1.0105939503866,0.881232098787642,5,18,5,1.97633327563
"206","5",163,"S",NA,NA,2000,NA,NA,NA,NA,NA,NA,NA,NA,NA,27,45.22,16.42,56.07,0.53,0.65,60,0,10,0,10,10,0,0,10,0.13,7.12,1.99228873237546,163,256.532,265.985,279.396,265.589,10.0371,9.44701,11.2952,11.1145,"IDFdk3",1,8.32942,5.55165,5.96401,5.78027,879.832,879.863,879.781,879.863,0.767097746338026,0.929982366991726,1.16325708611355,0.923089552901472,5,18,5,1.97633327563
"207","5",221,"S",NA,NA,1000,NA,NA,NA,NA,NA,NA,NA,NA,NA,24,32.49,10.59,36.17,0.89,1.01,0,0,20,35,10,15,0,10,10,0.12,113.46,0.601891256904938,221,226.517,217.735,217.661,223.634,22.6607,23.1787,19.8028,17.389,"IDFdk3",1,4.16597,3.95905,3.61897,4.16479,899.01,898.823,898.965,898.823,0.311860677510964,0.209150175245379,0.208360397108382,0.276237494517857,5,18,5,1.97633327563
"208","5",333,"S",NA,NA,2000,NA,NA,NA,NA,NA,NA,NA,NA,NA,NA,49.69,18.29,62.46,0.36,0.53,0,0,5,40,15,20,10,0,10,0.46,170.66,0.0132573448252543,333,245.458,255.209,252.331,255.066,16.5335,13.4709,12.9211,11.2439,"IDFdk3",8,7.07074,7.85374,10.0071,10.3701,874.225,874.213,874.021,874.213,0.584639832370009,0.744706113477769,0.696482423014923,0.742293793042552,5,18,5,1.97633327563
"209","5",415,"S",NA,NA,5000,NA,NA,NA,NA,NA,NA,NA,NA,NA,12,26.22,9.74,33.26,1.26,1.26,45,0,0,30,5,15,0,0,5,2.34,304.99,1.57343345861323,415,246.006,262.721,255.611,264.099,10.2309,11.5459,12.7874,12.3088,"IDFdk3",1,6.66971,6.12665,8.67741,2.85349,875.329,875.361,875.586,875.361,0.593359025410823,0.873298948226168,0.751496072034849,0.897190102389172,5,18,5,1.97633327563
"210","52",232,"S",NA,NA,1000,NA,NA,NA,NA,NA,NA,NA,NA,NA,12,23.42,8.47,28.92,1.31,1.53,0,0,0,80,5,15,0,0,0,2,205.4,0.0966647071366993,232,188.443,186.439,189.364,184.388,9.87263,11.243,12.2173,12.5257,"IDFxm",1,10.9235,11.9266,3.22161,3.61499,791.358,791.22,791.415,791.22,0.0108375797070758,0.00630818554669643,0.0133254124126915,0.002931201645334,52,4,52,0.30794144081
"211","52",579,"S",NA,NA,3000,NA,NA,NA,NA,NA,NA,NA,NA,NA,18,69.6,26.73,91.29,0,0.1,5,0,25,60,5,0,0,0,5,0.29,0,2,579,201.335,197.042,191.894,184.388,10.3277,10.8166,12.0825,12.5257,"IDFxm",1,5.7185,3.56485,2.06488,3.67952,792.16,792.1,792.173,792.1,0.0685308437833179,0.0439098206038674,0.0214694266117376,0.002931201645334,52,4,52,0.30794144081
"212","54",44,"S",NA,NA,1000,NA,NA,NA,NA,NA,NA,NA,NA,NA,21,30.08,10.34,35.3,1.13,1.13,5,0,5,15,25,10,30,5,5,0.51,227.44,0.323638087937541,44,235.033,230.396,231.314,229.575,28.4831,28.1204,27.5898,26.3904,"IDFxm",1,10.2257,8.67195,3.29118,3.61405,784.223,784.023,783.899,784.023,0.426895456466815,0.362522219832651,0.374948057450128,0.351547876872688,54,2,54,0.12172562617
"213","55",119,"S",NA,NA,2000,NA,NA,NA,NA,NA,NA,NA,NA,NA,27,34.77,16.5,56.36,0.74,1.07,60,0,15,15,0,0,0,0,10,1.13,23.96,1.91382919073846,119,220.088,219.313,218.263,215.934,28.7661,30.0876,31.1623,29.1129,"IDFxm",1,4.96572,4.36627,6.39815,3.11094,782.272,781.856,783.016,781.856,0.234943710921607,0.226303519752445,0.214823557293573,0.190306462517996,55,2,55,0.19292078952
"214","57",11,"S",NA,NA,1000,NA,NA,NA,NA,NA,NA,NA,NA,NA,15,32.01,13.48,46.05,0.96,1,20,0,30,20,5,5,10,5,5,2.25,187.63,0.0088538449029788,11,289.349,279.774,280.176,275.692,29.9397,25.0652,22.8688,18.0477,"IDFxm",1,3.63854,2.94799,3.69753,4.10836,778.156,778.075,777.839,778.075,1.33132142101831,1.1697623177366,1.1766724659038,1.09918081280846,57,12,57,1.63200854446
"215","57",24,"S",NA,NA,15000,NA,NA,NA,NA,NA,NA,NA,NA,NA,9,27.4,11.96,40.83,1.22,1.18,0,0,35,5,10,5,0,0,45,3.44,149.39,0.139346830592795,24,293.585,272.071,299.127,285.17,13.0408,9.62772,8.43518,7.45481,"IDFxm",1,5.65428,5.34371,2.31353,2.79809,783.823,783.808,783.431,783.808,1.40010911563829,1.03613789848178,1.48674708186847,1.26168386126869,57,12,57,1.63200854446
"216","57",55,"S",NA,NA,6000,NA,NA,NA,NA,NA,NA,NA,NA,NA,27,34.37,16.77,57.28,0.91,0.98,55,0,15,10,0,5,0,0,15,0.48,21.8,1.92848582688091,55,262.433,268.306,269.076,272.079,17.1207,17.3668,16.9356,17.8236,"IDFxm",1,6.47689,6.84841,3.11952,4.16247,776.117,776.192,775.789,776.192,0.868314530815463,0.97043842974114,0.983873856734014,1.03627743326709,57,12,57,1.63200854446
"217","57",357,"S",NA,NA,2000,NA,NA,NA,NA,NA,NA,NA,NA,NA,24,39.88,18.5,63.17,0.79,0.8,40,0,20,5,0,5,0,0,30,1.74,56.31,1.55469921561141,357,253.894,260.637,263.541,261.421,10.7919,12.9692,13.7055,11.6961,"IDFxm",1,9.83947,5.47283,5.95235,5.45048,774.916,774.957,775.064,774.957,0.722584735660607,0.837311172272851,0.887507800264644,0.850827064733524,57,12,57,1.63200854446
"218","57",372,"S",NA,NA,2000,NA,NA,NA,NA,NA,NA,NA,NA,NA,6,38.12,13.54,46.24,0.76,0.83,0,0,45,30,10,10,0,0,5,4.9,230.59,0.365134629014933,372,199.466,201.371,189.701,184.49,17.6242,16.0827,14.869,13.488,"IDFxm",1,6.97192,7.5488,4.39823,4.83557,777.296,777.214,777.431,777.214,0.0571605899114445,0.0687596226695345,0.0142994717557056,0.0030689877553749,57,12,57,1.63200854446
"219","57",374,"S",NA,NA,1000,NA,NA,NA,NA,NA,NA,NA,NA,NA,18,34.67,15.18,51.84,1.03,0.92,0,0,10,15,0,15,0,0,60,0.03,56.31,1.55469921561141,374,258.001,264.43,263.541,261.421,14.925,14.7497,13.7055,11.6961,"IDFxm",1,8.67617,6.52391,8.63604,11.1623,775.191,775.232,775.064,775.232,0.792105381110109,0.902938213441565,0.887507800264644,0.850827064733524,57,12,57,1.63200854446
"220","57",510,"S",NA,NA,1000,NA,NA,NA,NA,NA,NA,NA,NA,NA,6,29.98,11.77,40.21,1.06,1.37,0,0,20,55,5,5,15,0,0,4.45,318.06,1.74384512980702,510,196.509,208.105,210.832,212.894,13.3677,12.3182,12.6985,13.9458,"IDFxm",1,7.49166,7.89432,3.95168,3.16494,783.051,782.893,782.984,782.893,0.0412248899866091,0.117914240881887,0.141326215706295,0.160323258974036,57,12,57,1.63200854446
"221","57",538,"S",NA,NA,1000,NA,NA,NA,NA,NA,3,NA,NA,NA,21,34.77,15.43,52.69,0.83,1.01,40,0,10,5,10,25,0,0,10,0.81,138.01,0.256738400519874,538,272.333,282.962,281.189,278.152,8.17175,7.91694,5.90726,6.03341,"IDFxm",1,3.82266,6.48497,2.08626,1.22133,789.607,789.654,789.618,789.654,1.04070728050237,1.2243047782179,1.19404601777149,1.14179969075508,57,12,57,1.63200854446
"222","57",590,"S",NA,NA,6000,NA,NA,NA,NA,NA,NA,NA,NA,NA,21,32.07,13.7,46.8,0.83,1.07,0,0,55,5,5,15,0,0,20,2.84,65.96,1.40737431894884,590,244.478,256.442,246.316,230.162,13.4611,11.5944,9.76102,9.1253,"IDFxm",1,9.35204,3.58708,4.4323,2.29305,775.061,774.946,775.209,774.946,0.569142367066563,0.765570434635598,0.598307940246532,0.359380896405268,57,12,57,1.63200854446
"223","61",23,"S",NA,NA,1000,NA,NA,NA,NA,NA,NA,NA,NA,NA,9,32.48,12.65,43.19,0.87,1.1,0,0,10,55,20,10,0,0,5,3.32,93.74,0.934771031001929,23,238.184,242.811,244.391,251.561,2.90451,5.12525,5.832,7.28599,"IDFxm",1,4.43947,3.80133,4.31216,3.58789,794.098,794.098,794.055,794.098,0.472806890240456,0.543072837049762,0.567772597007258,0.683705156813255,61,3,61,0.41545898169
"224","63",293,"S",NA,NA,1000,NA,NA,NA,NA,NA,NA,NA,NA,NA,12,26.34,9.64,32.92,1.21,1.29,40,5,15,5,5,20,0,0,10,0.71,50.19,1.6402437805056,293,210.984,203.438,209.583,211.195,8.32607,8.54914,9.89199,10.0555,"IDFxm",8,6.68229,8.88265,9.14918,7.24399,747.66,747.61,747.63,747.61,0.142688906958707,0.0825089745976818,0.130358553267627,0.144590536711897,63,1,63,0.1516
"225","65",225,"S",NA,NA,1000,NA,NA,NA,NA,NA,NA,NA,NA,NA,36,34.28,15.99,54.62,0.91,0.95,30,5,25,30,5,5,0,0,0,0.14,293.2,1.39394190959095,225,190.285,179.552,194.729,190.061,3.76456,2.63375,3.41435,3.87435,"IDFxm",1,5.12464,4.43168,3.64679,4.03909,788.684,788.644,788.655,788.644,0.016068185473747,3.05688115671554e-05,0.0328608095549817,0.0153776797623215,65,4,65,0.5953991811
"226","70",7,"S",NA,NA,4000,NA,NA,NA,NA,NA,NA,NA,NA,NA,30,34.03,14.25,48.67,0.98,1.22,65,0,0,30,0,5,0,0,0,0.68,181.31,0.000261365590925711,7,78.0214,27.208,24.8195,30.0493,4.12813,5.79269,8.18119,8.14233,"IDFxm",8,7.0683,5.75658,5.94059,5.16795,749.166,749.242,749.032,749.242,1.20754633774539,1.88935254171104,1.90763466997347,1.86559485958749,70,4,70,0.17140294673
"227","70",148,"S",NA,NA,10000,NA,NA,NA,NA,NA,NA,NA,NA,NA,15,28.45,12.87,43.95,1.2,1.31,5,0,50,15,10,0,5,0,15,0.58,315,1.70710678118655,148,221.502,331.671,4.51128,27.9414,2.45813,1.80715,2.12037,2.2061,"IDFxm",8,4.32251,3.44259,3.497,3.38748,745.518,745.513,745.505,745.513,0.251067409470345,1.88023728313205,1.99690186792494,1.88342728909081,70,4,70,0.17140294673
"228","70",305,"S",NA,1000,1000,NA,1000,NA,NA,NA,NA,NA,NA,NA,21,35.99,12.91,44.09,0.75,1.01,30,0,15,35,15,5,0,0,0,3.1,76.04,1.24124444249413,305,39.8691,46.2143,24.3876,26.7381,10.3152,8.62984,7.31515,4.74334,"IDFxm",8,6.1501,5.92181,4.29134,3.91755,745.971,746.12,746.017,746.12,1.76751097834181,1.69196301389388,1.91077304388063,1.89307240697738,70,4,70,0.17140294673
"229","70",592,"S",NA,NA,3000,NA,NA,NA,NA,NA,NA,NA,NA,NA,9,33.39,14.95,51.07,1.01,1.08,35,0,0,50,0,15,0,0,0,0.1,315,1.70710678118655,592,25.9357,43.7634,19.6286,23.1149,12.4568,7.57444,10.09,9.91551,"IDFxm",8,5.10604,6.02444,5.67873,4.38403,747.87,747.987,747.788,747.987,1.89928544078524,1.72220221529839,1.94188989002737,1.9197194373605,70,4,70,0.17140294673
"230","73",282,"N",NA,NA,1000,NA,NA,2000,NA,NA,NA,NA,NA,NA,12,31.62,15.14,51.71,1.12,1.05,35,0,20,25,5,10,0,0,5,0.78,225,0.292893218813452,282,296.975,301.891,290.049,292.821,8.28857,5.94184,9.83719,10.9828,"IDFdk3",1,10.0877,6.1674,2.82528,4.59249,949.591,949.667,949.476,949.667,1.4536016815976,1.5283049720427,1.34282365393255,1.38785344090805,73,1,73,0.15067074433
"231","75",233,"S",NA,NA,5000,NA,NA,NA,NA,NA,NA,NA,18,NA,NA,46.93,18.03,61.56,0.51,0.58,65,0,15,5,0,0,0,0,15,0.78,192.53,0.023817454220281,233,100.126,128.601,139.977,117.599,3.4457,3.69798,2.09915,2.17989,"IDFdk3",1,8.24498,5.43027,5.5521,2.69299,960.833,960.817,960.782,960.817,0.824186538607564,0.376106763280221,0.234213650079435,0.536719432121002,75,3,75,0.25368931101
"232","75",473,"S",NA,1000,1000,NA,NA,1000,NA,NA,NA,NA,NA,NA,3,28.52,13.74,46.92,1.12,1.23,0,0,10,5,0,0,0,0,85,0.09,123.69,0.445300784388595,473,297.245,161.127,107.39,105.162,2.84476,0.819593,2.15908,1.96404,"IDFdk3",1,9.9869,5.38232,5.89769,2.78154,959.732,959.671,959.691,959.671,1.45779633199247,0.0537621037376376,0.701125758653599,0.738450902152723,75,3,75,0.25368931101
"233","76",47,"S",1000,NA,1000,NA,1000,NA,1000,NA,3,3,NA,NA,15,19.56,6.7,22.9,1.89,1.85,10,5,10,40,10,20,0,0,5,0,180,0,47,214.451,190.443,165.952,163.078,4.00152,2.58222,2.5497,2.40676,"IDFdk3",1,4.30343,3.57608,2.52799,1.71731,957.727,957.684,957.751,957.684,0.175389715781196,0.0165642842643481,0.0299072862090644,0.0432981081027368,76,16,76,1.23202352118
"234","76",61,"S",4000,NA,11000,NA,NA,1000,NA,NA,NA,NA,3,NA,6,31.87,15.43,52.71,0.95,1.38,0,0,15,30,30,20,0,0,5,1.27,314.8,1.70463420996359,61,177.955,128.22,150.656,163.177,0.128256,1.51249,2.62922,2.21301,"IDFdk3",1,12.533,5.96139,5.83899,5.92503,957.378,957.383,957.422,957.383,0.000636891215937352,0.381317326518902,0.128306803421418,0.0427966043967911,76,16,76,1.23202352118
"235","76",123,"S",NA,NA,25000,NA,NA,16000,NA,NA,NA,NA,9,NA,NA,28.38,12.47,42.59,1.14,1.34,0,0,0,60,5,30,0,0,5,0.87,250.17,0.660769482192071,123,75.5482,117.672,166.32,173.641,3.90389,1.73889,2.20394,2.22415,"IDFdk3",1,7.78879,4.13127,3.02221,4.98894,957.998,958.037,958.036,958.037,1.24956546261027,0.535590694715435,0.0283682670853261,0.00615256978642809,76,16,76,1.23202352118
"236","76",172,"S",NA,NA,1000,NA,NA,1000,NA,NA,NA,NA,9,NA,NA,22.67,9.72,33.19,1.53,1.62,10,10,15,25,10,25,0,0,5,0.11,225,0.292893218813452,172,353.227,118.694,120.431,145.726,0.601581,1.02413,1.23186,1.08354,"IDFdk3",1,10.1829,6.00786,4.69671,2.86039,958.638,958.682,958.662,958.682,1.99302119440803,0.519868359721231,0.493499645164587,0.173646070559317,76,16,76,1.23202352118
"237","76",269,"S",3000,NA,4000,NA,NA,2000,NA,NA,3,3,NA,NA,NA,18.72,7.96,27.17,2.07,2.1,0,0,10,30,25,30,0,0,5,4.52,298.23,1.47301214948016,269,332.875,273.374,168.808,170.026,2.26736,0.719554,1.33567,1.58229,"IDFdk3",1,7.57549,5.4579,10.3386,5.2755,958.346,958.348,958.319,958.348,1.89001395091241,1.05885338062052,0.0190177339814154,0.0151135493435285,76,16,76,1.23202352118
"238","76",327,"S",3000,NA,2000,NA,NA,4000,NA,NA,NA,NA,NA,NA,NA,16.66,7.39,25.25,1.89,1.83,10,5,10,25,20,25,0,0,5,1.15,351.48,1.98896420789088,327,89.4537,119.974,120.431,145.726,1.36038,0.568074,1.23186,1.08354,"IDFdk3",1,4.89129,5.73352,4.46653,4.6081,958.656,958.659,958.662,958.659,1.00953458923537,0.500393041329106,0.493499645164587,0.173646070559317,76,16,76,1.23202352118
"239","76",339,"N",2000,NA,3000,NA,1000,8000,4000,NA,6,3,NA,NA,3,28.06,11.2,38.26,1.25,1.39,50,0,20,0,5,0,0,0,25,1.77,90,1,339,218.157,317.42,16.8555,342.194,2.11907,1.54591,0.353632,0.50147,"IDFdk3",1,7.10909,6.48191,6.27207,8.61063,958.789,958.799,958.779,958.799,0.213679217887533,1.73633331655531,1.95703907556476,1.95209737518409,76,16,76,1.23202352118
"240","76",359,"S",NA,NA,11000,NA,4000,3000,NA,NA,NA,NA,3,NA,NA,21.51,8.82,30.14,1.55,1.64,15,5,20,15,15,20,0,0,10,1.65,172.25,0.00913410261311787,359,210.439,198.815,174.859,162.819,4.39887,3.71287,2.38753,2.18067,"IDFdk3",1,9.46658,8.08552,5.27448,8.66871,957.529,957.517,957.548,957.517,0.137830976834485,0.0534351412862182,0.00402280102595143,0.0446236299010873,76,16,76,1.23202352118
"241","76",367,"N",1000,NA,5000,NA,2000,NA,2000,NA,NA,NA,NA,NA,3,15.96,6.2,21.19,1.83,1.93,15,0,20,25,10,20,0,0,10,0.28,9.46,1.98640058614185,367,150.121,164.873,169.945,174.681,5.72462,3.65011,2.45934,2.0041,"IDFdk3",1,5.99646,7.86135,2.92297,3.21912,956.579,956.534,956.619,956.534,0.1329206039972,0.0346502361731867,0.0153593909806429,0.00430598781000535,76,16,76,1.23202352118
"242","76",476,"S",NA,NA,1000,NA,NA,NA,NA,NA,NA,NA,NA,6,30,22.96,11.49,39.25,1.43,1.66,15,5,10,15,10,15,0,0,30,0.34,71.57,1.31614582397381,476,192.344,191.049,180.166,180.436,3.46527,2.56175,2.05094,1.87635,"IDFdk3",1,5.63831,4.92566,5.09265,3.36222,955.67,955.662,955.744,955.662,0.0231183092422219,0.0185363575221962,4.19701587395238e-06,2.89531368007356e-05,76,16,76,1.23202352118
"243","76",512,"S",NA,NA,3000,NA,NA,5000,NA,NA,6,NA,9,NA,3,15.58,6.26,21.38,2.17,2.47,5,0,25,15,20,15,15,0,5,0.71,138.75,0.248160192521022,512,212.987,199.518,174.021,175.35,4.32863,2.43888,1.39016,1.05871,"IDFdk3",1,6.74135,7.32314,6.6104,5.74397,958.722,958.727,958.723,958.727,0.161205878966014,0.0574634239412579,0.00543985975000327,0.00329148784441313,76,16,76,1.23202352118
"244","76",547,"S",2000,NA,1000,NA,NA,NA,NA,NA,NA,NA,NA,NA,12,21.25,6.22,21.24,1.51,2.06,0,0,20,40,20,10,5,0,5,2.61,228.95,0.343282612548269,547,119.587,148.891,163.016,172.634,5.00959,3.10099,3.03857,3.29671,"IDFdk3",1,6.48221,6.80851,5.99927,4.43841,955.389,955.366,955.288,955.366,0.506255428269766,0.143814062828675,0.0436136357431394,0.00825258337824986,76,16,76,1.23202352118
"245","8",81,"S",NA,NA,1000,NA,NA,NA,NA,NA,NA,NA,NA,NA,15,36.32,11.32,38.67,0.95,0.9,55,0,5,10,0,20,0,0,10,3.01,124.09,0.439505537767488,81,353.805,358.074,337.713,341.675,43.0677,55.8471,15.6447,25.3846,"IDFdk3",8,7.90235,6.51753,5.70816,2.9222,871.597,872.374,870.864,872.374,1.99416038490859,1.99943506769549,1.92529579044155,1.94928838221307,8,5,8,0.77892777768
"246","8",127,"S",NA,NA,1000,NA,NA,NA,NA,NA,NA,NA,NA,NA,9,38.95,16.21,55.35,0.71,0.8,5,0,30,10,5,5,0,0,45,2.6,95.97,0.895992281483809,127,242.443,247.93,257.824,273.259,13.5445,12.782,13.3114,13.9289,"IDFdk3",1,4.75418,4.74608,4.56935,4.44907,881.159,881.019,881.24,881.019,0.537369183613497,0.624260917667156,0.789084641084523,1.05684961386019,8,5,8,0.77892777768
"247","8",389,"S",NA,NA,1000,NA,NA,NA,NA,NA,NA,NA,NA,NA,6,41.68,17.7,60.45,0.48,0.87,45,0,5,5,20,20,0,0,5,3.3,36.4,1.80489379735591,389,349.031,346.628,345.157,338.021,70.8764,66.3259,65.1425,40.8899,"IDFdk3",1,9.66776,9.66284,5.62744,3.78655,868.762,869.203,867.148,869.203,1.98173027736473,1.97288901543631,1.96663140645676,1.92732109277405,8,5,8,0.77892777768
"248","83",298,"N",NA,NA,48000,NA,NA,NA,NA,NA,NA,NA,3,3,6,27.97,10.71,36.58,1.23,1.31,20,5,0,35,10,25,0,0,5,0.01,225,0.292893218813452,298,161.537,168.498,148.09,150.974,5.01585,3.92363,3.74639,4.09715,"IDFdk3",1,6.46859,6.80392,5.9474,3.65911,951.537,951.509,951.508,951.509,0.0514716361371039,0.0200822552299302,0.151120555189315,0.125600382531584,83,1,83,0.2027589935
"249","84",527,"N",NA,NA,2000,NA,NA,2000,NA,NA,3,NA,12,NA,18,18.06,9.03,30.85,1.79,1.76,10,0,5,35,5,15,0,0,30,1.22,351.72,1.98957611860265,527,260.277,213.909,161.254,152.489,5.57476,4.64426,2.9504,2.66149,"IDFdk3",1,5.82136,5.65801,5.34273,5.80346,953.396,953.388,953.353,953.388,0.831114947288403,0.170075335540985,0.0530474321044624,0.113077832538062,84,1,84,0.1696675665
"250","85",12,"N",3000,NA,10000,NA,NA,2000,NA,NA,NA,NA,3,NA,6,38.89,12.68,43.31,0.61,0.86,5,5,10,45,10,20,0,0,5,0.54,319.47,1.76006581117784,12,191.758,187.821,175.844,177.647,3.86373,3.24329,3.18372,2.91987,"IDFdk3",1,5.90929,4.11277,3.54172,4.28596,953.144,953.1,953.222,953.1,0.0209829708112369,0.00930196842942199,0.00262957396100227,0.000843155262193696,85,4,85,0.89853289098
"251","85",206,"N",NA,NA,22000,NA,NA,1000,NA,NA,NA,NA,6,3,21,19.42,9.37,32.01,1.64,1.64,30,5,5,30,10,15,0,0,5,0.58,114.78,0.580864817219387,206,112.627,112.561,134.418,153.593,6.22482,5.0359,4.01696,4.41371,"IDFdk3",1,7.254,5.37629,3.99782,2.9621,949.881,949.857,949.98,949.857,0.615269667460409,0.616333175579206,0.300112235805176,0.104342568880191,85,4,85,0.89853289098
"252","85",502,"N",3000,NA,6000,NA,NA,1000,NA,NA,NA,3,3,NA,NA,34.54,14.11,48.2,0.92,1,35,5,5,5,15,25,0,0,10,0.53,353.66,1.99388410423792,502,106.826,114.879,160.325,144.214,1.25458,1.28124,2.31811,2.1212,"IDFdk3",1,6.63875,6.44479,4.76459,4.26643,952.181,952.168,952.188,952.168,0.710533815021488,0.579296663899966,0.0583824592601719,0.188793273100597,85,4,85,0.89853289098
"253","87",523,"N",NA,NA,1000,NA,NA,1000,NA,NA,NA,NA,NA,NA,3,18.14,7.34,25.08,2.08,1.88,0,0,15,60,5,10,0,0,10,1.43,282.53,1.21695077163962,523,25.9012,7.62142,108.712,121.287,1.26627,0.862878,1.2595,1.39771,"IDFdk3",1,6.16195,8.53609,6.5958,7.33798,951.994,952.003,952.005,952.003,1.89954863040262,1.99116602699605,0.679188633190939,0.48067477205015,87,2,87,0.1328925975
"254","88",266,"S",NA,NA,1000,NA,NA,NA,NA,NA,NA,NA,NA,3,NA,49.43,18.68,63.79,0.44,0.6,0,0,10,5,5,10,0,0,70,0.62,202.12,0.0736027526152007,266,116.726,103.198,134.821,123.076,7.06417,6.4658,5.32404,5.95609,"IDFdk3",1,3.89002,3.13664,2.49003,2.42367,939.611,939.613,939.8,939.613,0.550275648583804,0.771683114343223,0.295105766113002,0.454248989680189,88,4,88,0.2739432475
"255","88",375,"S",NA,NA,33000,NA,NA,NA,NA,NA,NA,NA,NA,NA,9,29.08,9.27,31.65,1.23,1.15,55,0,0,10,10,20,0,0,5,0.49,348.69,1.98058044455744,375,105.688,121.695,80.2486,103.189,6.2327,7.73555,10.1927,7.90318,"IDFdk3",1,6.12848,9.55061,4.68368,4.06119,940.91,940.888,940.662,940.888,0.729601185645477,0.474602598204346,1.16937358547594,0.771836047827769,88,4,88,0.2739432475
"256","88",539,"N",NA,1000,2000,NA,NA,NA,NA,NA,NA,NA,NA,NA,NA,23.58,9.57,32.69,1.78,1.67,10,0,0,50,15,20,0,0,5,0.07,341.57,1.94871060813291,539,50.6559,54.9492,71.3153,98.3432,14.287,13.005,8.28002,6.26118,"IDFdk3",1,4.83381,4.70122,2.79048,3.14518,937.371,937.48,937.549,937.48,1.63397630217994,1.57430249334198,1.32036004050532,0.854897755234313,88,4,88,0.2739432475
"257","88",550,"N",NA,NA,9000,NA,NA,NA,NA,NA,NA,NA,NA,NA,12,24.43,11.17,38.13,1.42,1.45,NA,NA,NA,NA,NA,NA,NA,NA,NA,1.14,73.45,1.28485196451803,550,186.956,184.785,174.969,155.207,9.92873,10.6733,9.53702,8.15615,"IDFdk3",1,7.27649,6.99999,6.09317,3.75154,941.224,941.169,941.086,941.169,0.00736055210242581,0.00348526809186078,0.00385260351250538,0.0921712825028261,88,4,88,0.2739432475
"258","9",223,"S",NA,NA,1000,NA,NA,NA,NA,NA,NA,NA,NA,NA,3,38.93,17.33,59.18,0.71,0.78,50,0,10,20,5,10,0,0,5,0.91,315,1.70710678118655,223,291.685,283.389,275.469,262.536,12.5021,12.1556,11.2526,12.0216,"IDFdk3",1,11.4392,5.16981,3.93221,2.59818,842.199,842.276,842.201,842.276,1.36950349826717,1.23156113966279,1.09530717734596,0.870096776682383,9,1,9,0.12735993143
"259","90",205,"N",4000,NA,3000,NA,NA,NA,NA,NA,NA,NA,6,NA,21,15.54,5.33,18.19,2.04,2.04,NA,NA,NA,NA,NA,NA,NA,NA,NA,1.48,131.94,0.331647979832207,205,165.732,137.065,158.432,147.603,2.4703,3.08351,1.94053,1.93049,"IDFdk3",1,5.16838,5.12959,5.90118,3.97591,951.958,951.959,952.015,951.959,0.030846469459305,0.267873066579032,0.0700180595981471,0.155644019830006,90,2,90,0.5024190574
"260","95",560,"S",NA,NA,1000,NA,NA,NA,NA,NA,NA,NA,NA,NA,18,34.12,13.4,45.75,1.07,0.96,5,0,5,30,10,25,0,0,25,0.37,147.99,0.152044405118922,560,124.982,137.714,145.002,146.816,6.7482,6.19694,6.87977,6.41207,"IDFdk3",1,5.7105,6.75775,3.5531,2.94841,944.536,944.514,944.702,944.514,0.426680936154035,0.260204479123119,0.180827934615416,0.163082810671523,95,4,95,0.4787791712
"261","98",236,"S",NA,NA,10000,NA,NA,NA,NA,NA,NA,NA,NA,NA,24,31.96,11.27,38.49,0.94,1.11,25,0,5,55,0,5,10,0,0,0.15,116.57,0.55270915158129,236,162.992,160.312,156.27,162.756,34.3491,38.5427,38.0222,38.7453,"IDFxm/IDFdk3",4,6.28199,3.73659,3.94794,3.86797,848.842,848.457,848.614,848.457,0.0437360761497554,0.0584588747714095,0.0845479915315804,0.0449490070182388,98,5,98,1.08874605706
"262","98",361,"S",NA,NA,1000,NA,NA,NA,NA,NA,NA,NA,NA,NA,6,27.67,10.8,36.87,1.22,1.28,0,0,15,10,5,10,10,30,20,3.82,97.59,0.867916611504123,361,162.247,164.567,166.082,167.287,40.7801,42.9325,40.7199,38.0291,"IDFxm/IDFdk3",4,6.89133,6.55043,2.1589,2.63178,857.94,857.289,858.543,857.289,0.0476201643196072,0.0360577050100933,0.0293590361888491,0.0245153626856239,98,5,98,1.08874605706
"263","98",400,"S",NA,NA,3000,NA,NA,NA,NA,NA,NA,NA,NA,NA,6,29.95,11.91,40.68,1.03,1.31,25,0,5,35,5,15,5,0,10,1.88,338.43,1.92996910799275,400,193.193,192.18,196.133,198.202,34.7748,31.9138,35.1438,32.8031,"IDFxm/IDFdk3",4,7.0012,4.69333,3.72858,4.33253,848.318,847.877,848.814,847.877,0.0263932060711194,0.0225103989931981,0.0393807269666392,0.0500388515994952,98,5,98,1.08874605706
"264","98",403,"S",NA,NA,1000,NA,NA,NA,NA,NA,NA,NA,NA,NA,NA,34.12,11.71,40,0.91,0.95,0,0,0,75,5,20,0,0,0,1.89,294.78,1.41913518278061,403,244.897,240.683,237.992,201.129,46.8152,42.3706,42.0012,22.6856,"IDFxm/IDFdk3",7,7.34411,6.63282,3.86542,3.23822,854.953,854.881,856.039,854.881,0.575753162364676,0.510358821634344,0.469962331080758,0.0672287954286154,98,5,98,1.08874605706
"265","98",416,"S",NA,NA,1000,NA,NA,NA,NA,NA,NA,NA,NA,NA,6,30.21,9.29,31.74,1.13,1.27,25,0,0,70,0,5,0,0,0,2.8,313.98,1.69440723118396,416,181.025,179.057,183.692,190.778,39.0329,39.8549,39.1185,37.9856,"IDFxm/IDFdk3",7,4.64537,3.97109,3.13618,2.11078,851.033,850.415,851.396,850.415,0.000160015070679087,0.000135437310642694,0.00207538104526628,0.0176408724250388,98,5,98,1.08874605706
