,gap,plot,Height,Height growth,Diameter,Crown width,gap_type,B_At,B_Pl,B_Sx,B_Ep,B_Fd,x_site_open,trans_tot,x_trans_tot,lai_4_ring,lai_5_ring,ms,ts,wd,gs,sb,fb,sl,rk,df,near_distance,azimuth_T,slope1,slope2,slope5,slope10,twi10,twi5,twi2,twi1,dem1,dem2,dem5,dem10,aspect1,aspect2,aspect5,aspect10,Gap_area
1,100,40,17.41666667,1.333333333,NA,9,S,NA,NA,NA,NA,21,28.94,12.55,42.87,1.16,1.15,60,0,5,10,0,20,0,0,5,0.66,1.707106781,11.0627,10.7237,11.1705,11.8022,6.77321,6.72087,4.19523,4.10376,833.418,833.252,833.503,833.252,0.000693527,0.014033085,0.054982576,0.084162111,0.221297692
2,100,88,15,3.5,0.275,5.5,S,NA,NA,NA,NA,9,24.22,8.65,29.55,1.33,1.36,25,0,5,30,10,15,0,10,5,3.68,1.99897057,26.7192,21.9072,15.3627,15.1454,5.02815,4.83803,4.72659,4.81117,841.412,841.261,841.116,841.261,0.872589163,0.75839988,0.154822113,0.019708132,0.221297692
3,100,183,8,2,0.2,6,S,NA,NA,NA,NA,24,33.98,9.99,34.1,0.83,1.14,20,0,10,50,5,5,0,5,5,0.43,0.10561144,16.373,18.2953,16.6873,16.6251,8.70146,11.2057,4.45583,4.49636,844.402,844.171,844.118,844.171,0.450568795,0.43532105,0.117914241,0.039511776,0.221297692
4,103,549,5.5,1.5,0.12,NA,S,NA,NA,NA,NA,21,34.21,11.99,40.93,0.95,1.06,25,0,15,5,5,5,0,5,40,3.16,0.030000561,51.2516,39.822,34.7589,32.4094,7.49076,5.77212,4.92838,4.9726,850.411,850.169,851.412,850.169,0.012691305,0.03479157,0.019860132,0.000469613,0.133148307
5,104,511,16.16666667,4.666666667,0.286666667,6,S,NA,NA,NA,NA,3,35.86,13.83,47.24,0.77,0.97,15,0,15,10,30,5,0,0,25,1.36,0.552709152,37.173,36.3457,31.9819,26.5331,6.058,7.21936,6.80124,6.41377,847.75,847.891,848.275,847.891,0.741400123,0.720070451,0.563826328,0.181188467,0.204418431
6,105,391,4.5,NA,0.08,NA,S,15,NA,18,NA,NA,19.36,7.89,26.93,1.61,1.6,35,0,5,25,15,15,0,0,5,0.86,2,9.89564,9.79241,6.35379,4.09289,7.20186,7.77882,4.5954,4.42904,899.594,899.614,899.564,899.614,1.60106206,1.69289862,1.63957318,1.287210062,1.131988392
7,106,41,39.8125,2.9,NA,9.542857143,S,NA,NA,3,NA,9,28.95,13.02,44.48,1.14,1.28,20,0,5,35,25,5,0,0,10,0.81,1.986400586,5.35222,9.30383,7.64351,7.92159,7.43114,5.50031,3.87951,3.91835,903.366,903.392,903.283,903.392,1.840311236,1.081138331,0.72835798,0.243050564,0.16120763
8,106,492,47.75,2.833333333,0.2375,11.5,S,NA,NA,NA,NA,6,51.62,20.07,68.55,0.33,0.5,0,0,5,25,35,15,0,0,20,2.24,1.495761848,8.53147,9.00057,8.62536,7.50251,4.68719,1.91479,2.89593,3.12799,904.846,904.786,904.921,904.786,0.440720283,0.458776011,0.624519723,0.645937469,0.16120763
9,108,254,19.33333333,2,0.466666667,4.666666667,S,NA,NA,NA,NA,12,33.52,13.19,45.03,1.06,1.01,5,5,15,20,20,15,0,0,20,0.88,1.927966395,16.4019,19.1736,19.4738,19.0654,4.84784,4.35189,3.6581,2.01829,797.437,797.738,797.094,797.738,1.95788767,1.937281989,1.977390069,1.957937772,0.10144519
10,111,3,118,NA,0.773333333,NA,S,NA,NA,NA,NA,NA,45.99,17.13,58.5,0.42,0.65,0,0,20,40,20,5,10,5,0,0.27,1,5.49384,8.75177,11.4533,12.9777,4.35143,4.73571,4.54735,4.66501,788.541,788.642,788.41,788.642,1.986962679,1.992492882,1.985703087,1.999850217,1.504300554
11,111,19,100.25,7.666666667,1.17,35,S,NA,NA,NA,NA,12,42.71,16.74,57.18,0.63,0.71,5,5,75,0,5,0,5,5,0,0.93,0.723020739,31.2019,21.4253,19.3316,19.6768,8.03439,8.8184,3.03367,2.03709,802.651,802.799,802.183,802.799,1.904736371,1.925910806,1.977966884,1.991083592,1.504300554
12,111,89,7.5,1,0.1,NA,S,NA,NA,NA,NA,33,27.74,5.51,18.81,1.51,1.41,5,5,30,15,5,15,0,0,25,1.79,1.178802215,16.4542,12.0216,12.6585,14.7569,4.80353,3.34831,3.22157,2.44257,796.813,796.875,796.612,796.875,1.705154163,1.907506419,1.95829764,1.907396422,1.504300554
13,111,180,20.9516129,2.580645161,NA,7.758064516,S,NA,NA,NA,NA,15,32.49,16.37,55.92,1.05,1.05,25,5,5,25,10,25,0,0,5,1.14,0.923280972,18.222,19.7204,17.0994,17.5256,4.89252,4.0599,5.18047,4.07085,804.094,804.32,803.862,804.32,1.446572643,1.498548259,1.625814574,1.717968382,1.504300554
14,111,272,60.27272727,5.257142857,NA,10.02857143,S,NA,NA,NA,NA,6,46.34,21.55,73.59,0.53,0.63,0,5,15,50,15,10,0,0,5,1,1.910033635,29.4838,24.8301,20.6038,21.8695,4.51002,4.10386,3.49522,2.60465,796.688,796.705,795.798,796.705,1.901049015,1.945774552,1.94960179,1.94876136,1.504300554
15,111,314,12.85,1.6,0.175,4.1,S,NA,NA,12,NA,15,30.39,16.86,57.57,1.21,1.11,30,0,0,10,20,25,0,0,15,1.74,0.008761392,10.7233,12.5571,17.4573,18.3608,7.246,6.11913,7.86184,4.57745,797.729,797.883,797.272,797.883,1.950110965,1.995393321,1.9930387,1.989563095,1.504300554
16,111,393,14,2.333333333,0.21,5,S,NA,NA,NA,NA,21,41.93,15.99,54.6,0.82,0.71,10,0,35,20,10,15,0,0,10,1.04,1.411037093,13.8502,14.4764,15.5658,16.7466,4.7617,5.11374,3.21916,2.61599,804.687,804.799,804.383,804.799,1.888849262,1.903342779,1.95398947,1.937482597,1.504300554
17,111,394,41.21875,4.34375,NA,20.03125,S,NA,NA,NA,NA,9,45.87,20.93,71.46,0.62,0.65,25,10,5,15,5,15,10,0,15,3.69,1.164359008,28.1777,26.6471,23.2533,22.1315,4.14273,4.25642,3.82457,4.35975,799.648,799.776,798.763,799.776,1.999346504,1.999130116,1.998005135,1.993566026,1.504300554
18,111,413,66.3125,5.4375,1.2175,25.25,S,NA,NA,NA,NA,6,41.99,19.77,67.53,0.56,0.78,5,10,25,20,5,10,0,0,25,1,1.488468955,17.9168,24.8255,21.589,19.6768,7.48764,5.88933,3.51461,1.86327,801.09,801.427,801.302,801.427,1.952100577,1.987006128,1.989542613,1.991083592,1.504300554
19,111,425,65.875,5.166666667,0.53,10.33333333,S,NA,NA,NA,NA,NA,58.08,22.86,78.07,0.31,0.36,5,5,15,25,40,5,0,0,5,4.03,1.614560605,19.1347,19.1525,18.6833,19.0152,7.91346,5.37553,5.42654,5.01518,800.96,801.258,800.479,801.258,1.997838327,1.999759354,1.998040709,1.997339931,1.504300554
20,111,487,69,8.833333333,0.646666667,23.33333333,S,NA,NA,6,NA,9,54.93,19.97,68.2,0.41,0.43,5,0,10,30,25,25,0,0,5,0.69,1.312169112,27.5484,26.3984,23.9604,22.5344,11.5568,9.24089,7.99555,5.75366,796.739,797.097,796.85,797.097,1.936323326,1.936347838,1.926957467,1.939520584,1.504300554
21,112,29,98,7.666666667,1.096666667,29.83333333,S,NA,NA,NA,NA,3,47.3,21.36,72.95,0.5,0.58,5,5,5,20,35,15,0,0,15,1.19,0.538406206,25.0084,25.2687,20.7967,20.9691,7.37796,6.15292,3.96016,3.51715,807.051,807.108,806.389,807.108,1.931906621,1.961679125,1.90332032,1.897520207,0.787859616
22,112,144,78.5,4,0.62,9,S,NA,NA,NA,NA,6,36.05,18.45,63.01,0.79,0.97,5,0,5,65,0,25,0,0,0,2.11,2,20.758,23.5988,22.2199,23.5797,3.89721,3.66166,3.42458,3.51813,810.535,810.611,809.858,810.611,1.999816646,1.998094682,1.997091136,1.998537614,0.787859616
23,112,278,76,8.5,0.8475,17,S,NA,NA,3,NA,NA,38.86,15.15,51.75,0.72,0.92,0,0,0,75,10,15,0,0,0,1.61,1.999100767,12.9177,12.2784,13.6262,15.9123,8.59401,4.87104,2.78607,2.41478,802.113,802.301,802.216,802.301,1.99335269,1.984402013,1.969106196,1.939495475,0.787859616
24,112,421,17.8,2.4,0.262,7.4,S,NA,NA,3,NA,21,34.4,15.16,51.76,0.93,0.94,5,0,50,15,5,10,0,0,15,0.09,1,17.0946,18.54,16.3541,17.3464,7.76355,7.27557,3.31272,2.95493,799.08,799.389,799.221,799.389,1.98829504,1.921226149,1.883773797,1.920033637,0.787859616
25,113,14,9,1,0.17,3,S,NA,NA,NA,NA,21,58.93,21.95,74.97,0.31,0.39,0,0,40,30,15,5,0,0,10,3.53,0.10568952,21.1045,23.4004,23.0571,21.9207,4.70789,3.77798,2.76999,3.1519,831.023,831.405,830.333,831.405,1.960342364,1.944708795,1.931716585,1.937470448,0.242192883
26,113,347,39.78571429,3.142857143,0.641428571,14.78571429,S,NA,NA,NA,NA,18,50.13,19.63,67.05,0.54,0.57,10,0,10,20,30,10,20,0,0,3.92,0.858580412,24.8022,23.9011,21.8232,20.9321,7.28412,8.1938,2.89748,3.68275,831.286,831.517,831.501,831.517,1.862504837,1.82757077,1.865160173,1.875734306,0.242192883
27,115,86,67.16666667,6.666666667,NA,29.16666667,S,NA,NA,NA,NA,3,17.26,7.92,27.04,1.84,1.89,0,0,5,50,15,20,0,0,10,4.49,1.054078813,22.3453,20.0366,19.6588,18.9381,8.58733,10.7296,4.28838,5.18141,833.606,833.735,833.149,833.735,1.518325556,1.686986055,1.743284952,1.897366223,2.724607033
28,115,101,95.21428571,5.5,NA,17.35714286,S,NA,NA,NA,NA,NA,42.96,19.75,67.46,0.61,0.75,30,0,5,40,5,20,0,0,0,0.76,2,25.9644,24.2771,22.8765,23.4805,7.89227,8.70399,3.2814,7.73918,829.467,829.541,828.914,829.541,1.943697071,1.942349831,1.891868587,1.881954172,2.724607033
29,115,116,217.5,NA,1.05,NA,S,NA,NA,NA,NA,21,31.06,15.42,52.66,1.2,1.17,5,0,0,70,5,20,0,0,0,1.35,1.284015345,43.5156,42.7797,43.9736,41.0496,7.00768,7.8682,4.17233,4.35641,875.398,876.094,874.65,876.094,1.989239162,1.99364868,1.987297606,1.997544532,2.724607033
30,115,231,120.6,NA,0.934,NA,S,NA,NA,NA,NA,6,38.62,18.65,63.68,0.77,0.88,35,0,5,50,5,5,0,0,0,1.51,0.382964125,36.7077,35.3111,35.6489,36.7412,6.64037,4.73339,7.32208,1.68316,861.199,861.441,861.044,861.441,1.915711694,1.940495878,1.956079949,1.96452978,2.724607033
31,115,270,99,NA,1.02,NA,S,NA,NA,NA,NA,3,34.83,15.11,51.59,1.01,1.09,5,0,0,70,10,15,0,0,0,0.13,1.558179626,33.6588,33.0439,35.3115,30.5855,4.33472,3.50764,2.7071,3.86573,858.915,859.424,858.27,859.424,1.932399519,1.934223152,1.974745606,1.945217013,2.724607033
32,115,290,45,3,0.58,18,S,NA,NA,NA,NA,18,31.67,15.17,51.81,1.05,1.1,0,0,60,5,10,10,0,0,15,1.73,1.491359853,18.4576,20.9139,22.2652,22.4638,7.08375,4.83171,3.44378,3.53442,846.681,846.976,846.716,846.976,1.946277409,1.985142316,1.977205177,1.972897088,2.724607033
33,115,315,18.68571429,1.96875,NA,6.284375,S,NA,NA,NA,3,18,32.56,14.27,48.74,1.12,1.07,20,0,20,30,10,20,0,0,0,0.28,1,28.6164,28.9459,27.7419,25.3692,6.42483,7.14596,6.89796,7.29626,847.714,848.164,847.724,848.164,1.999996446,1.999989179,1.997793364,1.994071529,2.724607033
34,115,353,107.6666667,NA,0.786666667,NA,S,NA,NA,NA,NA,18,24.92,9.96,34.01,1.65,1.38,50,0,0,20,5,25,0,0,0,1.49,0.013599414,23.6295,25.3016,27.0562,29.0781,5.25703,4.52543,6.0028,3.86721,871.233,871.607,871.677,871.607,1.649567485,1.760836529,1.746638182,1.914931493,2.724607033
35,115,419,42.75,3.5,0.585,22.5,S,NA,NA,NA,6,18,26.53,11.98,40.91,1.3,1.32,20,0,35,20,5,20,0,0,0,0.49,0.00496178,25.3903,26.6327,27.8669,27.3179,9.7735,9.81799,5.83784,5.59204,849.002,849.372,849.165,849.372,1.998418276,1.996663079,1.997730344,1.996907741,2.724607033
36,118,303,91,4,0.983333333,13,S,NA,NA,NA,NA,15,29.26,13.71,46.81,1.31,1.22,15,5,10,30,15,5,0,0,20,3.76,1.683146326,26.7439,29.5241,20.5762,21.5302,8.23623,8.88672,9.00771,8.4102,844.698,845.16,844.47,845.16,1.993389185,1.999563704,1.967132978,1.957161965,0.268791924
37,119,218,39,2,0.72,13,S,NA,NA,NA,NA,36,62.38,24.33,83.08,0.02,0.25,75,0,0,15,5,5,0,0,0,1.64,0.382140387,0.924847,0.718098,1.0226,1.96366,6.41514,7.90166,3.42101,2.66278,849.885,849.873,849.899,849.873,0.121441184,0.57502628,0.268848684,0.017484553,0.493372401
38,123,135,9,1.5,0.09,1.75,S,NA,NA,NA,NA,36,42.86,18.47,63.07,0.48,0.79,60,0,0,15,10,5,0,0,10,1.15,1,7.24709,8.52377,13.497,5.26203,13.1443,13.7778,4.79371,3.61481,826.422,826.399,826.636,826.399,0.282444804,0.152099918,0.277913687,0.025728181,0.491137784
39,123,571,4.75,NA,NA,NA,S,NA,NA,NA,NA,18,21.93,8.56,29.23,1.59,1.55,0,0,25,10,5,5,35,0,20,1.98,1.89438856,18.7117,16.6134,19.9833,16.0319,9.0756,4.3546,7.77837,4.28178,821.661,821.375,821.914,821.375,0.070977175,0.033682287,0.036776442,1.19E-07,0.491137784
40,125,49,37.5,2.75,0.89375,18.25,S,NA,NA,NA,NA,21,15.68,8.46,28.88,1.79,1.91,70,5,5,5,10,5,0,0,0,0.6,0.044206985,2.2198,2.29132,1.26088,0.727401,5.94293,2.85801,3.64941,4.46672,831.262,831.268,831.283,831.268,0.025273886,1.777151453,0.576322218,1.449849057,0.315008442
41,13,77,41,NA,0.64,20,S,NA,NA,NA,NA,15,32.99,13.31,45.44,0.97,0.99,70,0,5,0,10,10,0,0,5,2.66,1.707106781,12.5822,10.6537,9.23093,9.13983,5.99565,6.00306,6.02616,2.83923,870.071,870.051,869.926,870.051,0.444212108,0.663677148,0.448572509,0.482704697,0.145857288
42,13,109,7.4,0.25,0.135,2,S,NA,NA,NA,NA,6,35.16,14.57,49.77,0.9,0.91,30,0,10,50,0,5,0,0,5,0.81,0.002867455,9.54048,11.0778,10.6616,10.0354,6.59368,6.27133,5.99907,5.38191,871.649,871.52,871.747,871.52,0.712505746,0.409014127,0.815877098,0.608995769,0.145857288
43,133,343,9.5,2,0.22,6,S,NA,NA,NA,NA,12,13.58,6.59,22.51,2.14,2.08,30,0,5,35,15,5,0,0,10,0.18,0.007732916,13.1335,11.4921,11.8379,11.3876,9.91223,4.26881,10.5331,3.58863,844.988,844.894,845.242,844.894,0.175982569,0.209118132,0.196839257,0.34375658,0.515212038
44,133,576,6,3,0.08,NA,S,NA,NA,NA,NA,3,33.13,16.14,55.11,0.89,1.02,10,0,30,20,20,10,0,0,10,3.59,0.983071115,13.6222,10.0144,12.1432,12.2641,8.16801,4.7618,6.34752,1.6482,851.993,852.062,852.147,852.062,1.315317798,1.042887035,0.955874954,0.805474602,0.515212038
45,134,87,5.266666667,2.6,0.103333333,NA,S,NA,NA,NA,NA,15,32.22,12.91,44.09,1.06,1.06,55,0,5,5,0,5,0,25,5,0.49,0.658307892,35.3072,34.536,32.5425,15.2133,6.29403,3.82705,3.56993,2.16597,855.196,854.976,854.793,854.976,0.456136989,0.475003613,0.468897154,0.226126628,0.779716566
46,140,405,26,8.5,0.4,15,S,NA,NA,NA,NA,NA,24.76,10.64,36.35,1.37,1.39,0,0,10,60,25,5,0,0,0,1.33,0.094950134,27.2182,18.5287,30.5293,19.5186,7.74831,7.17462,8.05841,3.2614,859.471,859.742,858.943,859.742,1.757895279,1.450768487,1.724075565,1.552460822,0.215781368
47,141,35,24.4,2.5,NA,15.2,S,NA,NA,NA,NA,6,21.05,9.49,32.42,1.56,1.73,10,0,5,55,20,10,0,0,0,0.39,1.403704981,11.928,11.7072,11.5877,11.7196,5.81054,5.17779,4.30298,4.82093,861.164,861.211,861.161,861.211,0.685112871,0.858494023,0.679849942,0.800803098,0.207340876
48,150,145,9,2.5,0.12,NA,S,NA,NA,NA,NA,6,16.91,5.7,19.46,1.82,1.76,30,5,10,5,5,10,15,0,20,2.92,0.544299728,9.16687,10.5748,12.0152,12.7339,6.82475,6.24556,1.53869,1.99559,849.252,849.233,849.585,849.233,0.141675278,0.160067429,0.420178342,0.589122021,0.129083256
49,154,490,6,1,0.16,2,S,NA,NA,NA,NA,30,26.04,11.45,39.11,1.39,1.73,65,0,15,15,0,5,0,0,0,0.23,1,39.1697,30.9189,29.6695,28.5245,7.78271,8.60733,5.65229,9.80714,837.567,837.714,837.669,837.714,1.972255721,1.956940336,1.978422525,1.983308935,0.122594709
50,155,104,14.05,2.9,0.265,6.1,S,NA,NA,NA,NA,9,36.91,18.02,61.53,1.02,0.89,35,0,15,10,5,20,0,0,15,6.1,0.123273244,25.4044,25.1039,24.1674,28.2189,5.67464,4.49302,4.18643,3.76212,864.148,864.486,864.113,864.486,1.936719856,1.947112868,1.935983368,1.994861395,2.175014789
51,155,143,42.5,4.166666667,0.576666667,13.83333333,S,NA,NA,3,NA,15,34.29,13.41,45.78,0.93,1.04,0,0,5,20,30,15,0,0,30,1.51,1.83069308,12.7513,12.5466,11.9812,12.2821,3.39019,2.77764,4.7213,1.51046,854.658,854.816,854.402,854.816,1.680413962,1.729362777,1.862407667,1.870570473,2.175014789
52,157,485,108.8933333,4.992307692,NA,31.46538462,S,NA,NA,NA,NA,9,21.81,7.89,26.95,1.93,1.66,30,10,0,15,10,15,0,0,20,0.55,0.011322051,22.3418,21.7219,22.2121,21.4417,4.9218,4.64007,3.29521,2.80201,850.864,850.936,850.921,850.936,1.835100458,1.937839878,1.962149056,1.958898514,0.618452048
53,157,518,69.76444444,2.367333333,NA,32.5,S,NA,NA,NA,NA,12,40.69,15.48,52.87,0.64,0.74,60,10,0,5,0,20,5,0,NA,0.63,1.799998928,16.8039,14.7874,16.6993,19.1054,7.01936,7.29592,2.23374,1.16469,854.205,854.294,854.365,854.294,1.999446158,1.999865709,1.984535913,1.968667744,0.618452048
54,161,543,12.24705882,1.873529412,NA,4.405882353,S,NA,NA,NA,NA,24,16.69,5.7,19.45,1.85,1.92,15,0,10,55,5,5,5,0,5,2.56,0.05380163,10.8206,13.8331,9.29922,8.66742,4.53145,6.62446,3.52255,3.71676,825.139,825.244,824.971,825.244,1.853006551,1.780804568,1.852889936,1.832202914,0.398901273
55,162,95,6.54,1.1,NA,0.7,S,NA,NA,NA,NA,33,36.48,16.34,55.8,0.7,0.96,50,0,10,15,5,0,5,0,15,1.34,1.915381758,79.1435,94.4575,70.7383,64.7304,8.20886,9.58368,10.0661,2.92015,867.973,869.478,868.612,869.478,1.470603836,1.633722514,1.560348467,1.522665226,0.176710213
56,17,147,17,13,0.6,7,S,NA,NA,NA,NA,3,33.55,14.8,50.53,0.89,0.96,0,0,25,25,20,15,0,0,15,2.2,0.116071085,15.8991,12.3966,12.2565,11.2577,5.82507,4.80677,7.02315,4.98294,842.396,842.352,842.394,842.352,1.046217302,1.030224499,0.869196949,0.811093083,0.994456709
57,17,498,6.6,1.5,0.1,2.1,S,NA,NA,NA,NA,12,35.81,14.37,49.07,0.76,0.98,0,0,10,60,10,15,0,0,5,2.02,0.068435628,12.8244,12.3331,7.84578,7.23924,4.571,4.45294,4.79976,4.56541,844.503,844.587,844.436,844.587,1.987617826,1.983470497,1.903455039,1.661626013,0.994456709
58,175,31,94.55882353,13.75,NA,16.5,S,NA,NA,NA,NA,3,57.5,21.03,71.81,0.28,0.32,0,5,5,50,10,20,0,0,10,1.13,0.127503993,7.27911,5.21423,3.02026,2.43867,4.20455,4.17364,3.97328,3.61468,960.553,960.553,960.516,960.553,1.714924353,1.685723082,1.824965562,1.826771428,2.037658975
59,175,45,5.5,NA,0.06,NA,S,NA,NA,NA,NA,15,33.02,15.65,53.43,0.96,1.12,5,0,15,35,5,20,0,0,20,0.57,1.059829043,8.57991,3.39954,2.05597,2.07571,6.09844,5.49349,4.63479,3.25941,958.048,958.093,958.03,958.093,1.227110258,1.307456267,1.999997183,1.932930285,2.037658975
60,175,162,81.95384615,7,1.180769231,21,S,NA,NA,NA,NA,3,57.48,21.58,73.71,0.2,0.35,0,10,5,35,20,25,0,0,5,2.25,1.425621363,5.42928,2.22903,0.568816,0.837813,14.1574,8.45027,8.98874,3.78003,959.578,959.575,959.632,959.575,0.490177609,1.253116373,0.247010563,0.281606544,2.037658975
61,175,200,15.25,2.25,0.265,8.75,S,NA,NA,3,3,21,37.05,14.44,49.3,0.73,0.94,55,5,5,5,0,20,0,0,10,0.06,0.292893219,1.74444,2.94471,4.36074,4.24591,4.837,3.45726,2.81445,2.60177,955.448,955.47,955.497,955.47,1.819601278,1.913935476,1.679249191,1.879681776,2.037658975
62,175,210,25,4.5,0.61,6.5,S,NA,NA,NA,NA,15,34.03,14.33,48.93,0.99,0.99,25,0,15,30,5,10,0,0,15,4.08,0.073865858,2.57553,2.09009,0.554711,1.55142,11.5014,4.86549,4.90889,4.42898,960.168,960.138,960.188,960.138,0.335264981,0.949267613,1.977071594,1.917837784,2.037658975
63,175,227,68.10526316,7.5,NA,19.5,S,NA,NA,NA,NA,6,52.86,20.51,70.06,0.36,0.44,5,5,5,30,20,30,0,0,5,0.85,0.051289392,2.92809,4.5274,3.43411,2.95711,6.23825,3.76467,8.6033,6.26941,960.32,960.371,960.36,960.371,1.984131566,1.97806806,1.958463567,1.953007898,2.037658975
64,175,341,37.5,2.5,0.45,6.5,S,NA,NA,3,NA,9,33.25,11.24,38.38,1.01,1,10,5,25,5,0,20,0,0,35,1.04,0.086170809,5.53821,4.76593,5.44816,5.5562,7.43503,7.1451,4.76217,4.81484,957.082,957.126,957.012,957.126,1.801900793,1.928154898,1.656151229,1.56176576,2.037658975
65,175,381,12.95833333,1.333333333,NA,4.833333333,S,NA,NA,NA,NA,9,42.79,17.19,58.72,0.63,0.72,5,0,10,45,5,30,0,0,5,3.47,1.613044952,2.74009,1.42487,2.69226,2.5271,7.69468,6.22774,5.79885,2.03301,960.147,960.211,960.085,960.211,1.914384722,0.581276863,1.725182118,1.850462416,2.037658975
66,175,433,9.25,1.25,0.25,2.25,S,NA,NA,NA,NA,9,33.63,12.52,42.75,0.94,1.02,5,0,20,25,10,15,0,0,25,0.49,0.019763338,9.97129,5.59171,5.42031,4.99432,4.96078,3.57238,3.23413,2.92788,958.422,958.394,958.239,958.394,1.56995374,1.41731202,1.685653209,1.678941713,2.037658975
67,175,443,55.66666667,7.25,0.721666667,18.125,S,NA,NA,3,NA,9,49.52,20.62,70.41,0.56,0.53,0,0,15,30,15,35,0,0,5,1.25,0.025122046,3.08432,1.69472,2.20037,2.13905,6.84222,4.91504,3.94632,2.80463,959.491,959.503,959.539,959.503,1.885547725,1.911626511,1.858787367,1.974640652,2.037658975
68,175,449,149.5,15.5,1.665,44.5,S,3,NA,3,NA,6,41.69,16.34,55.8,0.66,0.76,5,5,15,25,15,35,0,0,0,0.18,1,1.22052,0.807873,1.18207,1.6208,7.62383,7.85644,6.74898,2.23343,958.056,958.08,958.139,958.08,0.117372171,0.514122192,1.401198118,1.82704918,2.037658975
69,175,497,52,NA,0.81,NA,S,NA,NA,NA,NA,15,24.88,8.03,27.44,1.36,1.31,10,5,30,15,5,5,0,0,30,0.35,1.929776486,7.31119,6.08541,5.96652,5.50789,7.88391,4.38849,1.94205,4.56422,958.114,958.152,958.066,958.152,1.844318573,1.762826347,1.730317288,1.708906319,2.037658975
70,176,26,8.214285714,1.5,NA,1.571428571,S,NA,NA,NA,NA,30,20.15,9.12,31.13,1.71,1.58,60,5,5,15,0,5,5,0,5,1.44,0.292893219,13.9318,11.4241,11.8493,11.2162,7.32753,8.02561,2.61041,2.32266,944.874,944.954,944.707,944.954,1.841094715,1.81779731,1.832535664,1.844334472,0.573145585
71,176,125,49.53846154,5.333333333,0.733846154,13.28333333,S,NA,NA,NA,NA,6,35.44,13.73,46.89,0.78,0.98,0,0,0,65,0,30,5,0,0,2.04,0.154738167,14.5879,12.7774,11.9593,12.5794,6.85726,5.84654,4.6533,7.22302,941.997,942.219,941.889,942.219,1.820581036,1.803277185,1.833926279,1.855432062,0.573145585
72,176,228,69.42857143,7.166666667,0.908571429,25.33333333,S,NA,NA,NA,NA,9,35.55,15.13,51.68,0.73,0.97,0,0,5,70,10,15,0,0,0,0.67,1.092544373,14.9052,11.3397,11.7728,11.9479,4.40379,4.4712,2.78689,2.96515,942.085,942.261,942.105,942.261,1.809918813,1.789435614,1.869572507,1.838568842,0.573145585
73,177,195,19.3,2.2,0.258,5.2,S,NA,NA,NA,NA,12,19.69,7.33,25.03,1.67,1.64,15,0,10,20,5,30,0,0,20,2.04,1.998048586,5.80056,4.35698,4.95882,4.71852,5.9338,4.49409,5.5506,5.92179,957.161,957.257,957.119,957.257,1.850332019,1.896813294,1.316634247,1.316218679,0.402855521
74,177,505,28,1,0.42,5.75,S,NA,NA,NA,NA,6,31.57,12.7,43.36,0.95,1.12,15,5,5,50,5,15,0,0,5,1.84,1.242599231,3.74415,1.77155,1.21841,0.834831,6.41414,5.34785,5.57548,5.3741,958.583,958.577,958.51,958.577,1.640444865,1.998707852,1.92673861,1.99430639,0.402855521
75,178,320,23.25,2.3,NA,11.4,S,NA,NA,NA,NA,15,15.75,5.34,18.24,1.95,2.07,NA,NA,NA,NA,NA,NA,NA,NA,NA,0.53,0.736800402,35.6247,15.2863,11.6038,11.1254,7.17533,7.6958,5.50014,6.37253,933.447,933.601,933.327,933.601,1.3201699,1.890144418,1.995150452,1.664682862,0.182087049
76,180,113,16.38,2.1,NA,6.0476,S,NA,NA,NA,NA,18,22.57,10.37,35.41,1.53,1.51,20,0,15,60,0,5,0,0,0,0.28,1.868198814,3.95121,5.44008,7.49869,7.78784,6.77419,5.6856,4.45786,5.82614,941.226,941.312,941.092,941.312,1.851333447,1.995944776,1.983895959,1.994398596,0.149758664
77,180,264,28.4,2.45,NA,10.23333333,S,NA,NA,3,NA,15,20.51,9.29,31.74,1.68,1.66,0,0,25,70,0,5,0,0,0,1.09,1.508740929,8.6586,8.47439,7.25615,8.47623,4.91971,4.96429,4.81421,2.54364,941.429,941.496,941.448,941.496,1.956119331,1.934769885,1.972244697,1.977248508,0.149758664
78,180,311,13.71428571,2.285714286,0.291428571,6.285714286,S,NA,NA,3,NA,12,26.53,10.11,34.54,1.13,1.33,5,0,30,5,0,0,0,5,55,0.44,1.868285407,7.93816,8.50241,8.49993,8.22604,5.98068,5.22423,4.94424,4.98348,935.372,935.473,935.255,935.473,1.925254085,1.945911097,1.936969518,1.923971677,0.149758664
79,183,363,15.5,1.5,0.315,5.5,S,NA,NA,NA,NA,21,34.33,13.91,47.5,0.89,1.05,10,0,15,15,10,5,0,0,45,0.15,1.997453246,3.11034,4.23224,4.75956,4.47742,7.0303,4.79417,4.84021,3.74973,955.799,955.832,955.685,955.832,1.97061577,1.876642794,1.971075966,1.997999236,0.349061869
80,184,306,9.066666667,2.433333333,0.216666667,4.933333333,S,NA,NA,NA,NA,21,24.97,10.48,35.77,1.51,1.46,0,0,10,45,5,0,20,0,20,1.31,0.013599414,9.85229,9.28082,9.26697,10.0655,8.23444,9.12441,5.35519,10.3777,942.813,942.914,942.543,942.914,1.766479555,1.695504086,1.873525955,1.852571762,0.115594428
81,185,66,23.5,1.3,NA,9.3,S,NA,NA,NA,NA,9,27.73,10.65,36.38,1.25,1.27,15,5,10,30,5,30,0,0,5,0.34,0.858580412,8.9304,7.78998,8.5425,9.34562,6.81429,6.68061,6.70777,5.16376,948.538,948.578,948.527,948.578,1.989384808,1.998042849,1.980706887,1.974081482,1.709694031
82,185,71,32.125,NA,0.45,NA,S,NA,NA,NA,NA,6,36.59,17.01,58.1,0.79,0.97,10,0,10,25,5,20,15,5,10,5.44,0.27498615,20.2706,9.30217,9.83865,9.24687,6.6803,5.57887,7.93808,3.44678,945.353,945.432,944.982,945.432,1.98527988,1.990278122,1.943010865,1.940408072,1.709694031
83,185,117,67.5,NA,0.61,NA,S,NA,NA,NA,NA,6,28.97,14.06,48,1.13,1.44,15,0,5,15,20,35,0,0,10,5.32,0.260368905,16.5817,15.1256,13.9984,13.3329,6.58082,6.61424,4.11138,7.53611,932.643,932.802,932.336,932.802,1.66140874,1.921569355,1.90104523,1.95484899,1.709694031
84,185,142,21.22727273,3.772727273,0.358181818,7.727272727,S,NA,NA,3,NA,9,29.68,12.59,43.01,1.11,1.17,5,0,15,50,5,15,0,0,10,0.29,1.970126596,13.2107,12.7696,13.7596,15.0719,6.95871,5.14361,3.15906,1.66904,914.938,915.182,914.725,915.182,1.999389608,1.994180972,1.998881638,1.999844018,1.709694031
85,185,178,12.5,1,0.225,7.25,S,NA,NA,NA,NA,12,24.65,12.53,42.78,1.34,1.36,20,0,10,20,5,30,5,0,10,0.02,1.707106781,21.5851,23.0903,20.7278,19.3147,6.50649,4.71542,5.10512,3.13194,908.027,908.26,907.395,908.26,1.986282894,1.929838795,1.980001531,1.993311723,1.709694031
86,185,190,34.125,NA,0.4925,NA,S,NA,NA,NA,NA,NA,37.37,14.31,48.86,0.82,0.87,0,0,5,65,5,20,0,0,5,1.79,1.798530461,10.1892,10.5617,10.3219,9.57499,5.26185,4.72435,4.68135,3.6531,946.866,946.916,946.578,946.916,1.986883259,1.979487771,1.964911626,1.977201101,1.709694031
87,185,277,19.23076923,1.692307692,NA,7.461538462,S,NA,NA,NA,NA,18,22.94,9.09,31.04,1.47,1.49,30,0,0,30,5,30,0,0,5,0.49,1.28736052,12.9177,10.1242,9.67043,9.86611,4.77171,4.0907,4.24024,2.77572,945.346,945.43,944.936,945.43,1.9446859,1.996042617,1.962365645,1.971874751,1.709694031
88,185,297,50,7,0.94,17,S,NA,NA,NA,NA,NA,46.87,19.73,67.36,0.57,0.64,0,0,35,30,0,25,0,0,10,0.65,0.445300784,7.88056,9.61073,9.15615,9.10785,10.9793,7.04455,12.0471,4.04874,949.98,950.097,950.04,950.097,1.999883124,1.988967776,1.954891499,1.977471185,1.709694031
89,185,351,9.909090909,1.727272727,NA,3.681818182,S,NA,NA,NA,NA,12,19.88,10.05,34.32,1.61,1.8,25,0,5,30,10,25,0,0,5,1.45,1.733729865,23.0571,23.4459,19.6549,17.7627,8.44342,5.89546,5.05383,7.5006,911.13,911.355,911.623,911.355,1.83778257,1.925090463,1.866434393,1.903241692,1.709694031
90,185,515,80.75,6.75,1.12,30.5,S,NA,NA,NA,NA,3,37.23,17.65,60.27,0.86,0.92,0,0,5,25,35,25,0,0,10,5.85,0.445300784,8.19235,10.1698,9.2913,9.10785,7.62202,6.78437,3.29141,3.28327,950.108,950.226,950.113,950.226,1.900923319,1.959996113,1.98581989,1.977471185,1.709694031
91,185,526,52.5,NA,0.8,NA,S,NA,NA,NA,NA,NA,32.49,13.54,46.24,1.06,1.13,0,0,0,55,5,35,0,0,5,2.61,1.545955743,17.5397,18.3742,17.5152,17.5377,5.59087,3.81731,4.37547,5.36465,913.856,913.911,913.232,913.911,1.996707607,1.975941123,1.964557879,1.975311496,1.709694031
92,192,165,36.28070175,2.99122807,NA,14.42298246,S,NA,NA,NA,NA,27,36.2,15.57,53.16,0.88,0.91,50,0,5,30,0,15,0,0,0,1.29,0.038498131,4.28905,3.24461,2.17673,2.3925,11.6661,4.9126,3.74648,2.81121,958.345,958.348,958.382,958.348,1.582381222,1.721881019,1.892087936,1.999969295,0.148120795
93,193,28,16.8,2.3,NA,5.3,S,NA,NA,NA,NA,9,17.07,8.07,27.57,1.78,2.12,10,5,5,25,5,35,0,0,15,2.96,0.16056979,12.3239,13.5776,14.5995,14.8699,9.07649,8.8697,3.47716,3.01955,923.447,923.638,923.372,923.638,1.959071174,1.917092085,1.972236529,1.975625398,0.35238102
94,193,215,92,6.5,0.685714286,15.66666667,S,NA,NA,NA,NA,NA,26.99,10.79,36.86,1.31,1.61,10,0,5,45,10,25,0,0,5,0.68,1.99503822,17.4728,14.7589,16.329,15.0056,4.39945,3.48045,3.59419,5.15523,923.469,923.537,922.93,923.537,1.987775556,1.999930846,1.985265137,1.984349154,0.35238102
95,194,310,9,1,0.17,2.5,S,NA,NA,NA,NA,15,29.03,13.15,44.92,1.28,1.19,10,5,10,40,10,20,0,0,5,0.06,1.514589193,1.98898,2.73731,2.68034,2.13327,7.26557,10.2839,4.90471,4.09366,961.798,961.78,961.646,961.78,1.850783595,1.809398451,1.932660432,1.857619123,0.247111718
96,194,365,56.75,7.625,1.1225,18.25,S,NA,NA,NA,NA,NA,50.58,21.11,72.11,0.38,0.52,10,0,10,25,20,30,0,0,5,1.4,0.029873404,1.66781,1.48233,1.82865,2.09761,7.13351,6.92486,5.50603,6.15504,960.917,960.922,960.927,960.922,1.595599768,1.858762329,1.793708077,1.750495294,0.247111718
97,194,536,38.25,2.75,0.7625,10,S,NA,NA,NA,NA,3,24.23,12.98,44.32,1.42,1.36,5,0,5,60,5,25,0,0,0,2.2,0.803882709,3.0741,2.45171,2.27367,2.2957,6.04112,10.0931,5.28199,11.4431,960.995,961.025,960.954,961.025,1.911079073,1.843315478,1.839692854,1.850740483,0.247111718
98,196,286,6.272727273,1.054545455,NA,1.181818182,S,NA,NA,6,NA,18,20.58,7.96,27.19,1.65,1.64,45,0,10,10,5,20,0,0,10,0.44,0.051289392,22.6483,18.9255,17.0164,17.6725,6.0163,7.50716,3.64693,3.31331,928.951,929.339,929.07,929.339,1.998096243,1.991733403,1.999619025,1.998762546,0.828743982
99,196,313,43.5,2.5,0.69,3.25,S,NA,NA,NA,NA,9,26.13,9.85,33.63,1.3,1.57,0,5,10,30,5,40,0,0,10,0.92,2,12.7182,15.1127,16.8958,15.5301,6.68575,7.00936,3.57703,2.30546,932.744,932.809,932.594,932.809,1.97096334,1.992982031,1.989044223,1.999766197,0.828743982
100,196,424,13.25,1.375,NA,1.75,S,NA,NA,NA,NA,9,35.72,16.5,56.35,1.02,0.96,65,0,5,5,5,15,0,0,5,2.65,1.047629462,16.8839,15.6603,18.0845,18.7592,8.08777,5.52833,3.94467,2.52922,924.429,924.515,924.253,924.515,1.995344145,1.993260904,1.989109207,1.985573315,0.828743982
101,196,552,122.5,NA,1.77,NA,S,NA,NA,NA,NA,6,38.99,16.78,57.3,0.69,0.83,20,0,30,5,5,25,0,0,15,4.68,0.029873404,3.91162,6.04814,11.5709,11.6253,4.98651,4.96661,5.01191,5.35979,940.92,940.945,940.578,940.945,1.765158557,1.999946441,1.999659606,1.99991839,0.828743982
102,197,404,61.5,3.125,0.376666667,9.875,S,NA,NA,NA,NA,6,35.66,16.03,54.74,0.91,1.11,0,5,0,45,5,40,0,0,5,0.03,0.051289392,13.6511,12.7668,10.8786,9.44821,6.16263,6.75692,7.76759,9.24881,945.341,945.413,945.444,945.413,1.831008741,1.84506126,1.875952459,1.900980118,0.110505096
103,199,171,13.5,3,NA,5.75,S,NA,NA,NA,NA,6,33.68,14.54,49.66,0.88,1.06,5,0,5,40,10,35,0,0,5,3,1.30187076,8.0528,7.95933,9.40113,9.07549,6.32747,5.46431,4.56178,3.06513,950.804,950.922,950.489,950.922,1.95187296,1.998374994,1.999915239,1.999998321,0.790718983
104,199,583,47.07142857,5.357142857,0.754285714,21.57142857,S,NA,NA,NA,NA,9,36.62,15.07,51.46,0.91,0.89,0,0,0,55,15,25,0,0,5,2.4,1.447290848,7.10692,7.81248,6.82097,6.62988,8.60805,7.31754,4.52249,4.52037,958.866,958.918,958.751,958.918,1.983127444,1.999953735,1.994297068,1.991160054,0.790718983
105,2,238,33,5,0.64,10,S,NA,NA,NA,NA,12,30.34,10.94,37.37,1.08,1.09,40,5,10,40,0,5,0,0,0,2.47,0.340129462,18.776,16.1486,11.8918,11.3134,8.68294,4.89621,6.06439,5.71056,899.794,899.753,899.696,899.753,1.48520646,1.399437202,0.763433171,0.668826791,1.427806913
106,2,281,16.5,9,0.345,6,S,NA,NA,NA,NA,6,45.88,18.15,61.99,0.65,0.6,0,0,55,10,0,0,0,0,35,1.14,1.934204474,10.085,10.5889,11.0506,11.7308,10.9279,11.1236,3.80655,3.99087,904.411,904.347,904.34,904.347,0.651100801,0.673293415,0.889068764,0.794564397,1.427806913
107,2,330,4,3,0.16,NA,S,NA,NA,NA,NA,24,25.96,10.52,35.92,1.41,1.26,65,0,15,10,0,0,0,0,10,2.08,1.863747567,10.7911,10.9836,10.9891,11.3912,5.66967,10.0978,8.91026,4.69591,908.631,908.555,908.507,908.555,0.516763457,0.573289194,0.680279876,0.709114117,1.427806913
108,2,522,7.5,2.5,0.14,2.5,S,NA,NA,NA,NA,27,40.56,17.14,58.55,0.68,0.8,75,0,15,0,0,5,0,0,5,0.91,0.002546754,16.1286,13.7732,12.7077,12.383,3.96658,3.92923,2.30076,2.1917,886.051,886.088,886.234,886.088,0.566749856,0.624746201,0.610216963,0.760059985,1.427806913
109,20,164,11,2,0.35,7,S,NA,NA,NA,NA,6,22.71,9.94,33.95,1.46,1.72,60,0,15,10,10,5,0,0,0,1.97,1.429250431,12.2466,12.9915,11.5099,11.5859,5.42304,8.46167,7.57354,7.86422,896.766,896.695,896.483,896.695,0.890300385,0.951812674,1.173648178,1.260268591,1.537685424
110,20,483,66.66666667,0.5,0.566666667,NA,S,NA,NA,NA,NA,12,30.87,11.64,39.74,1.08,1.08,20,0,20,30,10,15,0,0,5,1.95,1.903410142,13.0088,12.0282,11.1768,11.536,6.21198,4.39233,4.91019,3.90543,886.144,886.228,886.286,886.228,0.902121815,0.879672568,0.99994764,0.838000043,1.537685424
111,20,484,15,1.5,0.3,9,S,NA,NA,NA,NA,9,18.06,5.87,20.06,1.78,2,20,0,20,35,15,10,0,0,0,1.27,0.934771031,14.0839,14.1632,12.3664,12.4253,5.80324,5.63906,3.81036,4.57753,892.093,892.195,892.054,892.195,0.965484244,1.070296198,0.856179205,0.766741322,1.537685424
112,200,62,8.666666667,1.044444444,NA,1.333333333,S,NA,NA,NA,3,9,20.81,7.55,25.8,1.57,1.79,10,0,15,45,5,15,0,0,10,0.91,0.51519038,11.54,10.7287,11.495,11.1137,7.99572,9.71124,3.90358,2.01699,937.179,937.348,937.031,937.348,1.918302036,1.934842409,1.945616267,1.942489334,0.390039034
113,200,329,68.1875,4.166666667,NA,10.16666667,S,NA,NA,NA,NA,3,26.25,12.18,41.6,1.39,1.51,5,0,10,40,10,30,0,0,5,5.89,1.274630574,5.04653,6.28364,8.39259,8.7802,7.29546,5.03033,4.32503,2.79452,941.094,941.128,940.911,941.128,1.884258421,1.822659372,1.920881545,1.937368958,0.390039034
114,201,355,9.011111111,1.716666667,NA,1.472222222,S,NA,NA,NA,3,9,31.41,13.33,45.52,1.02,1.2,15,0,20,30,10,20,0,0,5,0.43,0.019419555,12.1143,8.68972,9.42642,9.60594,6.06437,4.41766,4.27221,7.77227,939.51,939.678,939.374,939.678,1.939320173,1.935311325,1.87565003,1.919655019,0.311658684
115,201,529,65.5,NA,0.72,NA,S,NA,NA,NA,NA,12,20.78,8.05,27.5,1.55,1.67,5,0,15,10,5,25,0,0,40,1.87,0.219133281,7.28452,7.92255,9.19296,9.40878,5.82353,5.43121,5.7866,4.70343,939.691,939.718,939.661,939.718,1.973191318,1.926403819,1.932810835,1.925676583,0.311658684
116,202,194,8.875,1.15,NA,0.75,S,NA,NA,NA,3,15,17.72,6.61,22.57,1.96,1.92,20,0,15,20,10,25,0,0,10,1.88,0.007732916,10.4315,10.4901,12.169,11.6686,5.41758,4.97626,4.71308,4.67942,936.295,936.34,935.784,936.34,1.874364048,1.960757371,1.989457122,1.981746215,1.484699847
117,202,307,78.25,9.666666667,0.956666667,27.33333333,S,NA,NA,NA,NA,3,29.99,11.87,40.55,1.12,1.35,0,5,5,30,25,30,0,0,5,1.28,0.188528001,8.75662,7.97292,10.1824,10.3708,12.1477,9.93706,10.7928,2.64157,935.408,935.432,935.374,935.432,1.771158106,1.999878272,1.972782349,1.98930754,1.484699847
118,204,48,10,1.5,0.12,4.5,S,NA,NA,NA,NA,6,37.16,14.74,50.32,0.92,0.92,0,0,0,40,25,30,0,0,5,3.56,1.975840556,10.3287,7.0353,7.28021,7.44233,3.80268,3.59903,3.35052,3.14749,952.954,953.075,952.91,953.075,1.997560396,1.999911796,1.942726521,1.940951693,0.140092964
119,204,401,11.8125,2.3125,NA,3.25,S,NA,NA,NA,NA,9,28.95,13.9,47.48,1.28,1.23,5,0,5,50,20,15,0,0,5,1.91,0.757400769,7.70794,7.95762,7.18393,7.60072,10.1021,6.66654,9.6853,11.0215,953.415,953.501,953.204,953.501,1.993669442,1.913068496,1.948627809,1.940615027,0.140092964
120,205,106,5.5,1,0.07,NA,S,NA,NA,NA,NA,6,46.11,19.15,65.39,0.79,0.65,20,0,25,15,0,25,0,0,15,0.3,0.086170809,8.91939,8.54707,7.09848,6.49231,6.43834,6.81667,3.85373,4.09347,960.655,960.687,960.533,960.687,1.984275865,1.999793783,1.940572953,1.965826376,1.111797978
121,205,584,13.27777778,2.555555556,0.367777778,5.388888889,S,NA,NA,NA,NA,9,33.79,13.2,45.08,1.15,1.02,10,5,10,25,15,30,0,0,5,1.47,0.502723162,9.28624,10.7406,9.64498,9.85822,4.27545,4.26562,8.23201,3.50203,945.245,945.368,945.336,945.368,1.995672953,1.999968051,1.990629315,1.986057211,1.111797978
122,205,588,14.28571429,2.785714286,NA,6.642857143,S,NA,NA,NA,NA,15,35.93,16.44,56.15,0.97,0.94,10,5,5,25,5,40,0,0,10,3.32,1.622241417,11.9211,8.36942,10.5153,11.2528,6.65834,6.02234,5.41958,5.84791,944.316,944.382,944.016,944.382,1.953264522,1.955288684,1.997549419,1.999746947,1.111797978
123,206,111,9.764705882,1.576470588,NA,3,S,NA,NA,9,NA,12,36.98,17.03,58.16,0.92,0.88,45,0,0,10,0,35,5,0,5,2.67,1.447290848,11.5294,8.42326,10.2344,10.5153,5.77432,5.77907,5.13258,5.57106,947.37,947.522,947.182,947.522,1.894996654,1.869029014,1.999926432,1.999376121,0.620467293
124,206,138,7.666666667,2.833333333,0.215,3.416666667,S,NA,NA,6,3,12,24.36,9.21,31.44,1.27,1.35,50,0,10,15,5,10,0,0,10,1.33,1.989041646,12.9272,11.7212,10.0555,9.52724,5.87613,4.33029,3.60615,5.95195,951.277,951.338,950.935,951.338,1.975508829,1.98566495,1.996798515,1.999924743,0.620467293
125,206,319,12,2.75,0.255,7,S,NA,NA,3,NA,6,24.49,11.01,37.6,1.23,1.4,10,0,5,50,5,25,0,0,5,1.04,0.038498131,3.83346,3.48072,5.36045,6.04062,7.08828,6.01706,4.72647,3.28498,960.46,960.452,960.33,960.452,1.665126098,1.998412382,1.956386364,1.981161391,0.620467293
126,206,524,12.625,2.125,0.235,3.125,S,NA,NA,NA,NA,6,36.03,16.87,57.6,0.96,0.9,25,0,5,55,5,5,0,0,5,2.56,0.698794877,9.66221,10.5325,8.63748,9.18639,11.2476,3.29923,2.42065,1.52058,950.236,950.321,950.055,950.321,1.837623391,1.880220718,1.99781648,1.999910166,0.620467293
127,206,548,8.5,1.833333333,0.16,2.583333333,S,NA,NA,NA,NA,21,24.53,10.68,36.46,1.39,1.32,15,0,5,10,5,25,0,0,40,1.07,0.200001072,6.50114,8.04546,8.4201,8.5027,4.92417,3.83654,3.85545,3.31893,952.785,952.803,952.73,952.803,1.878049805,1.848860993,1.99066951,1.995750454,0.620467293
128,208,467,94,NA,1.38,NA,S,NA,NA,NA,NA,3,45.98,19.55,66.77,0.49,0.62,0,0,10,5,0,5,0,0,80,1.68,1.98836151,11.8341,11.633,11.3387,10.2262,9.45442,4.51481,4.14415,1.58471,945.764,945.935,945.588,945.935,1.908377586,1.952247767,1.986874804,1.98099446,0.159517341
129,209,6,13.58333333,2.75,0.348333333,3.583333333,S,NA,NA,NA,6,3,37.31,15.39,52.56,0.85,0.9,5,0,15,20,5,40,0,0,15,2.71,0.835640992,13.3268,12.0502,11.6574,11.0046,5.96447,8.49102,5.16323,2.88273,945.966,946.167,945.602,946.167,1.992403306,1.999938967,1.998009463,1.999216957,0.467242213
130,21,377,11.675,1.425,0.2,6.125,S,NA,NA,NA,NA,15,38.7,13.12,44.8,0.71,0.87,40,0,10,15,0,10,0,0,25,0.42,0.503935033,13.4882,13.7272,9.95833,10.2549,6.25541,4.12765,3.20824,2.74436,874.749,874.932,874.641,874.932,1.425131702,1.625923472,1.083869155,1.084634369,0.374814731
131,210,323,42,2.8,2.496,14.914,S,NA,NA,NA,NA,21,23.5,6.95,23.72,1.45,1.34,0,0,10,25,35,10,0,0,20,2.01,1.399229186,2.98602,8.53607,8.07842,6.61487,5.96128,4.7548,3.67821,3.02005,961.243,961.307,961.196,961.307,1.768556051,1.80360036,1.833636239,1.868660914,0.114465364
132,210,450,14.67857143,1.928571429,NA,6.285714286,S,NA,NA,NA,NA,12,27.36,10.37,35.41,1.27,1.27,15,5,5,30,20,20,0,0,5,0.91,1.825113498,7.35022,4.53607,3.23437,3.53064,8.53534,6.13807,7.1067,3.55969,960.818,960.827,960.879,960.827,1.773504042,1.861488282,1.986234077,1.987795191,0.114465364
133,211,33,13.38888889,3.333333333,0.213333333,3.777777778,S,NA,NA,NA,NA,12,18.08,10.05,34.32,1.73,1.92,15,5,10,40,5,20,0,0,5,0.43,1.062442139,14.8404,11.1487,9.92268,11.4474,4.89482,4.07301,3.99857,2.51981,940.232,940.39,940.073,940.39,1.962236525,1.912660916,1.976898478,1.985322337,0.303784275
134,211,69,6.714285714,1.857142857,NA,0.5,S,NA,NA,NA,NA,18,28.68,12.27,41.89,1.14,1.2,25,10,10,5,0,0,0,0,50,1.48,1.606404826,8.33935,8.90453,8.43296,9.07171,5.37186,6.10394,4.49664,4.65134,942.903,942.892,942.949,942.892,1.793921426,1.939265678,1.996683989,1.982046725,0.303784275
135,211,141,18.75,2.555555556,NA,9.305555556,S,NA,NA,NA,NA,9,29.83,12.96,44.27,1.15,1.16,5,5,15,10,5,15,0,0,45,3.53,1.156951596,8.06957,8.16947,9.40507,9.15733,4.83128,4.12372,5.11231,3.96395,946.584,946.601,946.263,946.601,1.980244603,1.990998464,1.997370401,1.981871149,0.303784275
136,211,283,19.51851852,2.444444444,NA,8.759259259,S,NA,NA,NA,NA,6,23.4,10.81,36.92,1.62,1.56,25,5,10,10,5,10,0,0,35,2.44,1.050070005,14.6191,7.99774,9.0203,8.55109,5.40945,3.58195,3.14007,3.10261,944.583,944.784,944.3,944.784,1.854262008,1.892318893,1.900628469,1.95113469,0.303784275
137,213,356,23.25,3,0.47,7.25,S,NA,NA,NA,NA,12,44.73,17.13,58.52,0.55,0.68,5,5,10,65,5,5,0,0,5,0.41,0.858580412,8.43788,10.0629,8.09678,8.04302,4.84375,4.12512,7.22383,6.37977,953.604,953.808,953.704,953.808,1.911779247,1.980998185,1.969243367,1.970238275,1.001596392
138,213,460,11.16666667,1.666666667,0.22,4.1,S,NA,NA,NA,NA,9,25.92,8.32,28.42,1.29,1.29,10,0,20,30,5,20,0,0,15,1.44,1.447290848,6.02809,5.78883,6.80011,7.17541,7.75697,5.65413,3.99681,4.22561,955.79,955.812,955.726,955.812,1.980367651,1.994064012,1.882662285,1.932359141,1.001596392
139,214,43,12.16666667,2.166666667,0.18,3.833333333,S,NA,NA,NA,NA,18,22.4,8.9,30.39,1.53,1.6,0,0,5,25,10,30,0,0,30,1.46,1.49924406,7.97656,9.1897,8.08916,7.51171,7.29566,6.89954,4.11054,3.46634,956.403,956.547,956.119,956.547,1.999709537,1.994386063,1.964307833,1.926735331,0.203699711
140,216,124,22.75,2.75,0.55,12.83333333,S,NA,NA,NA,NA,NA,24.17,9.23,31.53,1.41,1.4,5,0,5,60,10,20,0,0,0,1.76,1.780866719,3.56594,4.03369,3.4407,2.94876,7.59535,7.96479,5.02107,3.6031,960.329,960.335,960.286,960.335,1.804676244,1.88471118,1.897250664,1.971383539,1.466581905
141,216,157,95,NA,0.8475,NA,S,NA,NA,NA,3,6,30.73,13.9,47.46,1.12,1.1,5,5,35,20,0,10,0,0,25,1.71,0.010050254,6.27497,4.94364,5.41501,5.21078,5.16976,4.38781,3.72998,2.54366,955.878,955.927,955.782,955.927,1.895470281,1.85728863,1.936208673,1.926971871,1.466581905
142,216,344,9,5.5,0.19,3,S,NA,NA,NA,NA,3,40.93,16.29,55.61,0.69,0.77,5,0,15,45,5,20,0,0,10,1.41,0.142473344,3.87086,4.46556,4.8763,5.03313,5.82637,6.36523,5.00225,4.02689,956.221,956.234,956.126,956.234,1.965190173,1.94514007,1.904174272,1.899844234,1.466581905
143,216,586,39.83333333,3,0.61,2.5,S,NA,NA,NA,NA,3,54.34,19.63,67.05,0.4,0.42,0,0,5,35,5,40,0,0,15,3.65,0.09569381,4.96088,5.83297,6.07677,6.21225,10.0252,10.5476,6.01732,12.0505,955.136,955.169,955.024,955.169,1.977651337,1.958485965,1.942479417,1.942594874,1.466581905
144,217,159,13.25,1.75,0.2,4.5,S,NA,NA,NA,NA,18,31.13,11.27,38.5,1.03,1.08,10,0,5,30,5,30,0,0,20,1.25,0.010050254,8.11746,10.3452,9.25639,7.56348,9.7193,9.86701,4.74507,3.93634,958.481,958.509,958.487,958.509,1.971454797,1.992577853,1.958678838,1.939668741,0.245336039
145,217,169,13.5,1.333333333,0.21,6.166666667,S,NA,NA,NA,NA,15,34.84,15.47,52.84,0.97,0.94,5,0,40,0,0,5,0,0,50,2.67,1.216950772,7.72963,6.75928,6.29898,6.02351,5.07447,5.20044,4.04162,5.63533,957.861,957.949,957.943,957.949,1.658350585,1.989499873,1.971778491,1.977779578,0.245336039
146,218,243,36,5,0.64,12,S,NA,NA,NA,NA,3,21.49,8.26,28.22,1.4,1.78,5,0,5,20,55,5,0,0,10,2.18,1.82402732,5.18918,4.84606,5.40529,5.37656,6.57895,6.09282,4.66206,5.76462,959.332,959.429,959.231,959.429,1.522086289,1.874788039,1.836689763,1.918823588,0.187206002
147,219,507,5.666666667,1.166666667,0.08,NA,S,NA,NA,NA,NA,9,37.52,14.01,47.85,0.89,0.9,55,0,15,5,0,10,0,0,15,1.17,1.238702949,14.6599,11.2718,9.31427,9.01572,3.95859,3.34692,4.59679,2.25812,950.184,950.203,950.079,950.203,1.961698743,1.994777206,1.990088598,1.97578256,0.147757253
148,220,96,15.5,5.5,0.18,6.5,S,NA,NA,NA,NA,3,43.72,18.48,63.12,0.69,0.69,5,0,25,15,20,20,0,0,15,2.1,0.051289392,4.26253,5.28731,5.35808,5.72347,7.10536,6.26862,7.50094,2.61891,960.939,960.995,960.912,960.995,1.984432704,1.997304446,1.997017512,1.997939204,1.268680044
149,220,222,17.02380952,2.095238095,NA,7.833333333,S,NA,NA,NA,NA,15,24.51,6.81,23.24,1.32,1.34,10,5,5,20,5,50,0,0,5,0.84,1.999986292,5.99807,6.57081,8.07353,8.70073,5.45588,5.15381,4.5565,3.87174,955.077,955.201,955.174,955.201,1.64947061,1.993498545,1.993125778,1.998911148,1.268680044
150,220,240,12.5,5.333333333,0.163333333,3.666666667,S,NA,NA,NA,NA,3,45.36,19.15,65.4,0.64,0.63,0,0,20,40,15,15,0,0,10,5.06,0,12.8579,8.08552,8.06039,7.68018,4.36349,3.72844,2.93984,3.08272,957.333,957.427,957.446,957.427,1.596631141,1.843288276,1.996164214,1.993993471,1.268680044
151,220,378,8,2.666666667,NA,3,S,NA,NA,NA,3,12,27.58,11.42,38.99,1.22,1.24,20,5,5,45,5,15,0,0,5,0.49,0.292893219,6.87665,6.85195,5.35537,5.60709,5.91885,5.22038,4.81876,5.59765,961.41,961.443,961.424,961.443,1.976439341,1.969659052,1.998548915,1.997574995,1.268680044
152,220,411,9.416666667,1.966666667,NA,4.75,S,NA,NA,NA,NA,12,44,17.81,60.83,0.71,0.67,40,0,15,5,5,20,5,0,10,2.04,1.178802215,5.55937,6.63258,7.6519,7.60544,4.73526,4.08726,5.76295,5.06591,957.908,957.933,957.762,957.933,1.953506786,1.993160464,1.999929845,1.997642545,1.268680044
153,220,479,20,3,0.19,5,S,NA,NA,NA,NA,3,46.84,19.86,67.82,0.57,0.59,5,0,15,25,5,20,0,0,30,1.57,0.211237662,8.03642,8.983,6.79535,7.4253,6.88415,7.02049,4.60045,4.78205,956.897,957.052,956.748,957.052,1.959035088,1.973442027,1.996451848,1.997998132,1.268680044
154,223,371,10.25,1.75,NA,3.25,S,NA,NA,NA,NA,12,26.65,9.53,32.54,1.23,1.29,35,0,20,5,5,15,0,0,20,1.05,0.051289392,10.4165,7.28343,5.88409,5.94921,6.97678,4.15513,6.92377,3.53937,959.83,959.861,959.64,959.861,1.976845858,1.941754967,1.960116249,1.935308855,0.149951707
155,225,188,15.9375,1.5625,NA,7,S,NA,NA,NA,NA,NA,51.88,20.1,68.66,0.43,0.46,0,0,10,40,10,35,0,0,5,0.13,0.700959208,7.66844,7.44942,7.3865,7.82477,6.50956,6.3201,4.35746,3.50691,956.373,956.467,956.21,956.467,1.71305102,1.927171432,1.959694019,1.968712809,0.125146689
156,225,370,12,1.5,0.24,7.5,S,NA,NA,NA,NA,15,34.08,9.75,33.28,0.96,0.95,35,0,5,15,5,25,0,0,15,1.73,0.723859367,9.5056,9.87728,8.49374,8.5175,7.69567,8.04365,5.39979,5.95664,955.758,955.794,955.992,955.794,1.926705819,1.987807394,1.927178624,1.96347544,0.125146689
157,227,585,6.5,2,0.12,NA,S,NA,NA,NA,NA,6,31.82,15.01,51.26,1.05,1.1,0,0,5,45,10,25,0,0,15,2.06,0.025122046,4.18941,2.00946,4.91365,4.09554,4.33029,9.39536,3.26284,2.2338,963.012,963.055,962.88,963.055,1.956995542,1.997025387,1.998257844,1.995062242,0.120562413
158,228,399,35.5,4,0.533333333,13.33333333,S,NA,NA,NA,NA,15,24.63,9.8,33.47,1.48,1.45,0,5,10,15,40,15,0,0,15,1.8,1.33840947,3.7637,2.34658,2.67362,2.54249,4.4588,5.98057,11.1917,9.60653,964.118,964.12,964.067,964.12,1.948478606,1.982861105,1.974271819,1.935936663,0.382949552
159,229,565,7,1.5,NA,0.5,S,NA,NA,NA,NA,12,32.12,13.83,47.22,1.02,1.07,5,0,5,25,5,50,0,0,10,0.73,0.086170809,5.34188,4.03633,3.0357,3.30565,10.2787,7.07301,6.01314,5.26122,964.313,964.37,964.403,964.37,0.937444637,1.585201127,1.956130579,1.973993765,0.59194085
160,230,276,19.7,4.8,0.332,5.4,S,NA,NA,NA,NA,3,51.19,17.99,61.44,0.43,0.49,5,0,20,30,10,25,0,0,10,1.98,1.98182646,7.15554,8.07857,7.74233,8.19719,4.39143,3.6724,4.06189,5.19187,957.134,957.174,957.11,957.174,1.997024566,1.916019311,1.962748872,1.976338675,0.192008555
161,231,567,13.72222222,3.611111111,NA,7.166666667,S,3,NA,NA,NA,3,36.39,15.09,51.55,0.95,0.92,0,0,0,40,5,50,0,0,5,0.65,1.554699216,10.8208,8.71507,8.3311,8.83848,5.04623,4.04764,4.3241,3.63612,956.384,956.452,956.329,956.452,1.834870921,1.90015615,1.931670304,1.940855936,0.114344297
162,232,166,15.05555556,4.722222222,NA,6,S,NA,NA,NA,3,NA,37.59,12.48,42.61,0.88,0.82,10,0,5,45,5,30,0,0,5,0.99,1.957822495,0.463381,5.58039,6.0312,6.97266,8.25883,7.83821,4.12494,4.25957,959.973,960.102,960.071,960.102,1.940129407,1.989632595,1.904997898,1.899192293,0.305597208
163,232,559,12.83333333,2.333333333,0.356666667,3.5,S,NA,NA,NA,NA,9,35.7,15.9,54.28,0.93,0.9,0,0,10,45,5,30,0,0,10,0.56,0.292893219,5.79868,7.6448,7.30801,7.37711,5.57983,4.69052,4.77482,3.03098,960.375,960.409,960.176,960.409,1.957706562,1.971039699,1.863953301,1.924635131,0.305597208
164,235,340,14.5,1,0.273333333,4.333333333,S,NA,NA,NA,NA,9,24.5,12.24,41.8,1.34,1.33,10,0,5,60,5,15,0,0,5,0.22,0.459172326,15.5165,5.95188,2.76883,2.23984,13.2782,3.84745,4.23105,3.00658,964.13,964.279,964.03,964.279,1.428809,1.468770244,1.998083304,1.907451428,0.106767029
165,236,509,9,3.25,0.13,2,S,NA,NA,NA,NA,3,20.01,8.62,29.43,1.73,1.86,0,0,15,40,10,10,5,0,20,0.5,0.514274746,4.59783,4.22157,3.21626,4.25959,6.24077,5.77488,8.26649,4.79572,966.436,966.528,966.383,966.528,1.968230616,1.988019197,1.969680381,1.992973297,0.336801798
166,237,501,40,5,1.01,20.5,S,NA,NA,NA,NA,6,19.86,8.17,27.9,1.65,1.65,10,0,20,50,0,15,0,0,5,1.44,0.839946527,3.54919,2.31894,2.50149,3.03083,4.09066,3.9158,4.25955,4.22831,960.92,960.916,960.981,960.916,0.964101056,0.948840563,1.209775563,1.473270468,0.193708431
167,31,504,47.2,3.3,NA,26.2,S,NA,NA,NA,NA,12,29,11.88,40.57,1.12,1.21,40,0,5,10,5,40,0,0,0,1.89,1.554699216,4.96126,6.55407,6.03508,5.54684,4.65303,3.24554,4.54201,3.41721,912.376,912.336,912.516,912.336,0.473607991,0.271234514,0.259324378,0.230009898,0.628464811
168,35,390,24,1,0.4,8,S,NA,NA,NA,NA,21,18.74,9.46,32.31,1.61,1.78,75,0,5,20,0,0,0,0,0,0.72,0.530990812,11.4638,11.2631,10.8869,11.0838,9.67946,7.44582,3.72429,3.44461,893.339,893.303,893.565,893.303,0.543259144,0.443936461,0.688610304,0.673243929,0.122906358
169,41,600,17,2.5,0.23,4,S,NA,NA,NA,NA,12,43.98,18.41,62.88,0.47,0.71,30,0,15,20,5,10,10,5,5,2.17,1,15.1904,14.4531,16.1843,15.9526,5.72055,3.27043,3.56632,3.16506,837.628,837.407,838.157,837.407,0.000823919,0.001345913,0.031455915,0.044222382,0.400437975
170,48,438,12.91666667,1.1,NA,5.3,S,NA,NA,NA,NA,6,33.01,14.96,51.08,0.85,1.03,0,0,5,50,25,0,5,5,10,2.27,1.008202955,16.5405,15.4313,18.1541,21.2594,8.91578,5.09635,4.83115,5.65194,789.25,789.077,789.111,789.077,0.105353967,0.087244233,0.060176122,0.035530138,0.670297518
171,5,78,13.4,NA,0.275,7,S,NA,NA,NA,NA,6,43.35,16.98,57.98,0.61,0.72,5,0,5,5,5,25,0,0,55,3.52,1.89438856,14.7943,13.7044,14.9887,14.4282,6.12985,4.32787,4.13963,3.65398,877.198,877.272,877.383,877.272,1.035422772,0.929164099,0.652033296,0.623242157,1.976333276
172,5,93,55.08333333,1.5,0.893333333,17.33333333,S,NA,NA,NA,NA,15,27.06,12.3,41.99,1.29,1.29,10,0,30,20,10,15,0,0,15,2.01,1.254433163,11.7201,12.5235,12.4648,11.9935,5.46777,5.25606,8.96102,5.29747,874.267,874.219,874.515,874.219,1.217223365,1.096627505,1.01059395,0.881232099,1.976333276
173,5,163,17.25,0.5,0.23,5,S,NA,NA,NA,NA,27,45.22,16.42,56.07,0.53,0.65,60,0,10,0,10,10,0,0,10,0.13,1.992288732,10.0371,9.44701,11.2952,11.1145,8.32942,5.55165,5.96401,5.78027,879.832,879.863,879.781,879.863,0.767097746,0.929982367,1.163257086,0.923089553,1.976333276
174,5,221,12,1,0.18,NA,S,NA,NA,NA,NA,24,32.49,10.59,36.17,0.89,1.01,0,0,20,35,10,15,0,10,10,0.12,0.601891257,22.6607,23.1787,19.8028,17.389,4.16597,3.95905,3.61897,4.16479,899.01,898.823,898.965,898.823,0.311860678,0.209150175,0.208360397,0.276237495,1.976333276
175,5,333,7.5,1.5,NA,NA,S,NA,NA,NA,NA,NA,49.69,18.29,62.46,0.36,0.53,0,0,5,40,15,20,10,0,10,0.46,0.013257345,16.5335,13.4709,12.9211,11.2439,7.07074,7.85374,10.0071,10.3701,874.225,874.213,874.021,874.213,0.584639832,0.744706113,0.696482423,0.742293793,1.976333276
176,5,415,17.2,1.8,NA,6,S,NA,NA,NA,NA,12,26.22,9.74,33.26,1.26,1.26,45,0,0,30,5,15,0,0,5,2.34,1.573433459,10.2309,11.5459,12.7874,12.3088,6.66971,6.12665,8.67741,2.85349,875.329,875.361,875.586,875.361,0.593359025,0.873298948,0.751496072,0.897190102,1.976333276
177,52,232,49,2.5,0.7,24,S,NA,NA,NA,NA,12,23.42,8.47,28.92,1.31,1.53,0,0,0,80,5,15,0,0,0,2,0.096664707,9.87263,11.243,12.2173,12.5257,10.9235,11.9266,3.22161,3.61499,791.358,791.22,791.415,791.22,0.01083758,0.006308186,0.013325412,0.002931202,0.307941441
178,52,579,31,2.833333333,0.416666667,15.66666667,S,NA,NA,NA,NA,18,69.6,26.73,91.29,0,0.1,5,0,25,60,5,0,0,0,5,0.29,2,10.3277,10.8166,12.0825,12.5257,5.7185,3.56485,2.06488,3.67952,792.16,792.1,792.173,792.1,0.068530844,0.043909821,0.021469427,0.002931202,0.307941441
179,54,44,21,4,0.31,3,S,NA,NA,NA,NA,21,30.08,10.34,35.3,1.13,1.13,5,0,5,15,25,10,30,5,5,0.51,0.323638088,28.4831,28.1204,27.5898,26.3904,10.2257,8.67195,3.29118,3.61405,784.223,784.023,783.899,784.023,0.426895456,0.36252222,0.374948057,0.351547877,0.121725626
180,55,119,13,1,0.29,5,S,NA,NA,NA,NA,27,34.77,16.5,56.36,0.74,1.07,60,0,15,15,0,0,0,0,10,1.13,1.913829191,28.7661,30.0876,31.1623,29.1129,4.96572,4.36627,6.39815,3.11094,782.272,781.856,783.016,781.856,0.234943711,0.22630352,0.214823557,0.190306463,0.19292079
181,57,11,19,6.5,0.42,10.5,S,NA,NA,NA,NA,15,32.01,13.48,46.05,0.96,1,20,0,30,20,5,5,10,5,5,2.25,0.008853845,29.9397,25.0652,22.8688,18.0477,3.63854,2.94799,3.69753,4.10836,778.156,778.075,777.839,778.075,1.331321421,1.169762318,1.176672466,1.099180813,1.632008544
182,57,24,14,2.566666667,NA,4.666666667,S,NA,NA,NA,NA,9,27.4,11.96,40.83,1.22,1.18,0,0,35,5,10,5,0,0,45,3.44,0.139346831,13.0408,9.62772,8.43518,7.45481,5.65428,5.34371,2.31353,2.79809,783.823,783.808,783.431,783.808,1.400109116,1.036137898,1.486747082,1.261683861,1.632008544
183,57,55,15.75,2.083333333,NA,4.333333333,S,NA,NA,NA,NA,27,34.37,16.77,57.28,0.91,0.98,55,0,15,10,0,5,0,0,15,0.48,1.928485827,17.1207,17.3668,16.9356,17.8236,6.47689,6.84841,3.11952,4.16247,776.117,776.192,775.789,776.192,0.868314531,0.97043843,0.983873857,1.036277433,1.632008544
184,57,134,87.2,NA,NA,NA,S,NA,NA,NA,NA,NA,50.13,21.44,73.22,0.35,0.51,0,0,30,20,20,5,15,0,10,3.17,0.757400769,13.6859,12.4772,12.0957,11.816,3.91012,3.63761,3.63765,3.291,773.976,773.835,774.299,773.835,0.152099918,0.105978655,0.068727826,0.061621534,1.632008544
185,57,357,13.25,2.35,0.205,4.25,S,NA,NA,NA,NA,24,39.88,18.5,63.17,0.79,0.8,40,0,20,5,0,5,0,0,30,1.74,1.554699216,10.7919,12.9692,13.7055,11.6961,9.83947,5.47283,5.95235,5.45048,774.916,774.957,775.064,774.957,0.722584736,0.837311172,0.8875078,0.850827065,1.632008544
186,57,372,16.5,6.75,0.225,5,S,NA,NA,NA,NA,6,38.12,13.54,46.24,0.76,0.83,0,0,45,30,10,10,0,0,5,4.9,0.365134629,17.6242,16.0827,14.869,13.488,6.97192,7.5488,4.39823,4.83557,777.296,777.214,777.431,777.214,0.05716059,0.068759623,0.014299472,0.003068988,1.632008544
187,57,374,15,3,0.28,6.5,S,NA,NA,NA,NA,18,34.67,15.18,51.84,1.03,0.92,0,0,10,15,0,15,0,0,60,0.03,1.554699216,14.925,14.7497,13.7055,11.6961,8.67617,6.52391,8.63604,11.1623,775.191,775.232,775.064,775.232,0.792105381,0.902938213,0.8875078,0.850827065,1.632008544
188,57,510,7,1,0.19,3,S,NA,NA,NA,NA,6,29.98,11.77,40.21,1.06,1.37,0,0,20,55,5,5,15,0,0,4.45,1.74384513,13.3677,12.3182,12.6985,13.9458,7.49166,7.89432,3.95168,3.16494,783.051,782.893,782.984,782.893,0.04122489,0.117914241,0.141326216,0.160323259,1.632008544
189,57,538,11,1,0.14,3,S,3,NA,NA,NA,21,34.77,15.43,52.69,0.83,1.01,40,0,10,5,10,25,0,0,10,0.81,0.256738401,8.17175,7.91694,5.90726,6.03341,3.82266,6.48497,2.08626,1.22133,789.607,789.654,789.618,789.654,1.040707281,1.224304778,1.194046018,1.141799691,1.632008544
190,57,590,11.83333333,3.503333333,0.686666667,2.333333333,S,NA,NA,NA,NA,21,32.07,13.7,46.8,0.83,1.07,0,0,55,5,5,15,0,0,20,2.84,1.407374319,13.4611,11.5944,9.76102,9.1253,9.35204,3.58708,4.4323,2.29305,775.061,774.946,775.209,774.946,0.569142367,0.765570435,0.59830794,0.359380896,1.632008544
191,61,23,10,2,0.09,NA,S,NA,NA,NA,NA,9,32.48,12.65,43.19,0.87,1.1,0,0,10,55,20,10,0,0,5,3.32,0.934771031,2.90451,5.12525,5.832,7.28599,4.43947,3.80133,4.31216,3.58789,794.098,794.098,794.055,794.098,0.47280689,0.543072837,0.567772597,0.683705157,0.415458982
192,63,293,12,1,0.16,NA,S,NA,NA,NA,NA,12,26.34,9.64,32.92,1.21,1.29,40,5,15,5,5,20,0,0,10,0.71,1.640243781,8.32607,8.54914,9.89199,10.0555,6.68229,8.88265,9.14918,7.24399,747.66,747.61,747.63,747.61,0.142688907,0.082508975,0.130358553,0.144590537,0.1516
193,65,225,11,2,0.1,3,S,NA,NA,NA,NA,36,34.28,15.99,54.62,0.91,0.95,30,5,25,30,5,5,0,0,0,0.14,1.39394191,3.76456,2.63375,3.41435,3.87435,5.12464,4.43168,3.64679,4.03909,788.684,788.644,788.655,788.644,0.016068185,3.06E-05,0.03286081,0.01537768,0.595399181
194,70,7,26.625,1.25,0.49,11.125,S,NA,NA,NA,NA,30,34.03,14.25,48.67,0.98,1.22,65,0,0,30,0,5,0,0,0,0.68,0.000261366,4.12813,5.79269,8.18119,8.14233,7.0683,5.75658,5.94059,5.16795,749.166,749.242,749.032,749.242,1.207546338,1.889352542,1.90763467,1.86559486,0.171402947
195,70,148,11.65,1.25,0.15,2.95,S,NA,NA,NA,NA,15,28.45,12.87,43.95,1.2,1.31,5,0,50,15,10,0,5,0,15,0.58,1.707106781,2.45813,1.80715,2.12037,2.2061,4.32251,3.44259,3.497,3.38748,745.518,745.513,745.505,745.513,0.251067409,1.880237283,1.996901868,1.883427289,0.171402947
196,70,305,84.5,6,0.88,25.5,S,NA,NA,NA,NA,21,35.99,12.91,44.09,0.75,1.01,30,0,15,35,15,5,0,0,0,3.1,1.241244442,10.3152,8.62984,7.31515,4.74334,6.1501,5.92181,4.29134,3.91755,745.971,746.12,746.017,746.12,1.767510978,1.691963014,1.910773044,1.893072407,0.171402947
197,70,592,13.16666667,1.5,0.243333333,2.666666667,S,NA,NA,NA,NA,9,33.39,14.95,51.07,1.01,1.08,35,0,0,50,0,15,0,0,0,0.1,1.707106781,12.4568,7.57444,10.09,9.91551,5.10604,6.02444,5.67873,4.38403,747.87,747.987,747.788,747.987,1.899285441,1.722202215,1.94188989,1.919719437,0.171402947
198,75,233,14,1,0.235,7.625,S,NA,NA,18,NA,NA,46.93,18.03,61.56,0.51,0.58,65,0,15,5,0,0,0,0,15,0.78,0.023817454,3.4457,3.69798,2.09915,2.17989,8.24498,5.43027,5.5521,2.69299,960.833,960.817,960.782,960.817,0.824186539,0.376106763,0.23421365,0.536719432,0.253689311
199,75,473,25,1.75,NA,6,S,NA,NA,NA,NA,3,28.52,13.74,46.92,1.12,1.23,0,0,10,5,0,0,0,0,85,0.09,0.445300784,2.84476,0.819593,2.15908,1.96404,9.9869,5.38232,5.89769,2.78154,959.732,959.671,959.691,959.671,1.457796332,0.053762104,0.701125759,0.738450902,0.253689311
200,76,47,45,4.5,0.675,14.5,S,3,3,NA,NA,15,19.56,6.7,22.9,1.89,1.85,10,5,10,40,10,20,0,0,5,0,0,4.00152,2.58222,2.5497,2.40676,4.30343,3.57608,2.52799,1.71731,957.727,957.684,957.751,957.684,0.175389716,0.016564284,0.029907286,0.043298108,1.232023521
201,76,61,20.19,1.541666667,NA,8.916666667,S,NA,NA,3,NA,6,31.87,15.43,52.71,0.95,1.38,0,0,15,30,30,20,0,0,5,1.27,1.70463421,0.128256,1.51249,2.62922,2.21301,12.533,5.96139,5.83899,5.92503,957.378,957.383,957.422,957.383,0.000636891,0.381317327,0.128306803,0.042796604,1.232023521
202,76,123,39.87804878,3.975609756,NA,14.15853659,S,NA,NA,9,NA,NA,28.38,12.47,42.59,1.14,1.34,0,0,0,60,5,30,0,0,5,0.87,0.660769482,3.90389,1.73889,2.20394,2.22415,7.78879,4.13127,3.02221,4.98894,957.998,958.037,958.036,958.037,1.249565463,0.535590695,0.028368267,0.00615257,1.232023521
203,76,136,9,1,0.08,2,S,NA,NA,3,NA,24,26.32,13.24,45.22,1.31,1.46,55,0,15,5,5,15,0,0,5,0.06,0.803882709,3.8071,0.926165,0.855629,0.712451,4.61366,3.90307,3.96669,2.77605,958.89,958.889,958.93,958.889,0.060331259,0.582354929,1.792338626,1.167697952,1.232023521
204,76,172,35,3.5,0.56,12,S,NA,NA,9,NA,NA,22.67,9.72,33.19,1.53,1.62,10,10,15,25,10,25,0,0,5,0.11,0.292893219,0.601581,1.02413,1.23186,1.08354,10.1829,6.00786,4.69671,2.86039,958.638,958.682,958.662,958.682,1.993021194,0.51986836,0.493499645,0.173646071,1.232023521
205,76,252,108.6666667,1,0.6,6,S,NA,NA,3,6,NA,14.52,6.81,23.25,2.59,2.33,5,5,25,25,15,20,0,0,5,2.97,0.504692944,4.44934,3.14733,1.75811,1.35405,5.1757,5.39354,5.55062,4.92133,958.712,958.677,958.71,958.677,0.06616337,0.076300905,0.220968345,0.184356899,1.232023521
206,76,269,46.11111111,2.5,0.641111111,8.833333333,S,3,3,NA,NA,NA,18.72,7.96,27.17,2.07,2.1,0,0,10,30,25,30,0,0,5,4.52,1.473012149,2.26736,0.719554,1.33567,1.58229,7.57549,5.4579,10.3386,5.2755,958.346,958.348,958.319,958.348,1.890013951,1.058853381,0.019017734,0.015113549,1.232023521
207,76,327,59.66666667,2.5,0.554444444,11.83333333,S,NA,NA,NA,NA,NA,16.66,7.39,25.25,1.89,1.83,10,5,10,25,20,25,0,0,5,1.15,1.988964208,1.36038,0.568074,1.23186,1.08354,4.89129,5.73352,4.46653,4.6081,958.656,958.659,958.662,958.659,1.009534589,0.500393041,0.493499645,0.173646071,1.232023521
208,76,359,33.44444444,3.166666667,NA,10.55882353,S,NA,NA,3,NA,NA,21.51,8.82,30.14,1.55,1.64,15,5,20,15,15,20,0,0,10,1.65,0.009134103,4.39887,3.71287,2.38753,2.18067,9.46658,8.08552,5.27448,8.66871,957.529,957.517,957.548,957.517,0.137830977,0.053435141,0.004022801,0.04462363,1.232023521
209,76,441,67.66666667,NA,0.473333333,NA,S,NA,NA,24,NA,NA,15.58,6.26,21.38,2.17,2.47,30,5,15,10,10,10,0,0,20,0.64,1,3.11096,1.86866,0.998835,0.434903,8.54406,6.28545,2.83321,2.08942,958.891,958.884,958.924,958.884,0.063419527,0.005628721,0.928046457,1.528562795,1.232023521
210,76,476,16,1,0.21,8,S,NA,NA,NA,6,30,22.96,11.49,39.25,1.43,1.66,15,5,10,15,10,15,0,0,30,0.34,1.316145824,3.46527,2.56175,2.05094,1.87635,5.63831,4.92566,5.09265,3.36222,955.67,955.662,955.744,955.662,0.023118309,0.018536358,4.20E-06,2.90E-05,1.232023521
211,76,512,32.14285714,2.928571429,NA,12.14285714,S,6,NA,9,NA,3,15.58,6.26,21.38,2.17,2.47,5,0,25,15,20,15,15,0,5,0.71,0.248160193,4.32863,2.43888,1.39016,1.05871,6.74135,7.32314,6.6104,5.74397,958.722,958.727,958.723,958.727,0.161205879,0.057463424,0.00543986,0.003291488,1.232023521
212,76,547,114,3,1.39,37,S,NA,NA,NA,NA,12,21.25,6.22,21.24,1.51,2.06,0,0,20,40,20,10,5,0,5,2.61,0.343282613,5.00959,3.10099,3.03857,3.29671,6.48221,6.80851,5.99927,4.43841,955.389,955.366,955.288,955.366,0.506255428,0.143814063,0.043613636,0.008252583,1.232023521
213,8,81,21,2,0.34,12,S,NA,NA,NA,NA,15,36.32,11.32,38.67,0.95,0.9,55,0,5,10,0,20,0,0,10,3.01,0.439505538,43.0677,55.8471,15.6447,25.3846,7.90235,6.51753,5.70816,2.9222,871.597,872.374,870.864,872.374,1.994160385,1.999435068,1.92529579,1.949288382,0.778927778
214,8,127,11,1,0.2,2,S,NA,NA,NA,NA,9,38.95,16.21,55.35,0.71,0.8,5,0,30,10,5,5,0,0,45,2.6,0.895992281,13.5445,12.782,13.3114,13.9289,4.75418,4.74608,4.56935,4.44907,881.159,881.019,881.24,881.019,0.537369184,0.624260918,0.789084641,1.056849614,0.778927778
215,8,389,14,1,0.24,6,S,NA,NA,NA,NA,6,41.68,17.7,60.45,0.48,0.87,45,0,5,5,20,20,0,0,5,3.3,1.804893797,70.8764,66.3259,65.1425,40.8899,9.66776,9.66284,5.62744,3.78655,868.762,869.203,867.148,869.203,1.981730277,1.972889015,1.966631406,1.927321093,0.778927778
216,88,266,23,4,0.26,11.5,S,NA,NA,NA,3,NA,49.43,18.68,63.79,0.44,0.6,0,0,10,5,5,10,0,0,70,0.62,0.073602753,7.06417,6.4658,5.32404,5.95609,3.89002,3.13664,2.49003,2.42367,939.611,939.613,939.8,939.613,0.550275649,0.771683114,0.295105766,0.45424899,0.273943248
217,88,375,9.492307692,1.280769231,NA,2.715384615,S,NA,NA,NA,NA,9,29.08,9.27,31.65,1.23,1.15,55,0,0,10,10,20,0,0,5,0.49,1.980580445,6.2327,7.73555,10.1927,7.90318,6.12848,9.55061,4.68368,4.06119,940.91,940.888,940.662,940.888,0.729601186,0.474602598,1.169373585,0.771836048,0.273943248
218,9,223,84,3,1.8,42,S,NA,NA,NA,NA,3,38.93,17.33,59.18,0.71,0.78,50,0,10,20,5,10,0,0,5,0.91,1.707106781,12.5021,12.1556,11.2526,12.0216,11.4392,5.16981,3.93221,2.59818,842.199,842.276,842.201,842.276,1.369503498,1.23156114,1.095307177,0.870096777,0.127359931
219,90,114,76.66666667,NA,0.776666667,NA,S,NA,NA,NA,3,3,55.69,16.79,57.36,0.45,0.45,20,0,10,10,5,25,0,0,30,0.09,0.552709152,4.1701,2.60463,1.55302,1.75378,5.37557,5.25417,7.35554,5.10566,951.219,951.276,951.22,951.276,1.631742522,1.525052833,0.547845479,0.393567418,0.502419057
220,95,560,7,2,0.15,NA,S,NA,NA,NA,NA,18,34.12,13.4,45.75,1.07,0.96,5,0,5,30,10,25,0,0,25,0.37,0.152044405,6.7482,6.19694,6.87977,6.41207,5.7105,6.75775,3.5531,2.94841,944.536,944.514,944.702,944.514,0.426680936,0.260204479,0.180827935,0.163082811,0.478779171
221,98,236,14.1,1.85,NA,9.95,S,NA,NA,NA,NA,24,31.96,11.27,38.49,0.94,1.11,25,0,5,55,0,5,10,0,0,0.15,0.552709152,34.3491,38.5427,38.0222,38.7453,6.28199,3.73659,3.94794,3.86797,848.842,848.457,848.614,848.457,0.043736076,0.058458875,0.084547992,0.044949007,1.088746057
222,98,361,16,1,0.33,7,S,NA,NA,NA,NA,6,27.67,10.8,36.87,1.22,1.28,0,0,15,10,5,10,10,30,20,3.82,0.867916612,40.7801,42.9325,40.7199,38.0291,6.89133,6.55043,2.1589,2.63178,857.94,857.289,858.543,857.289,0.047620164,0.036057705,0.029359036,0.024515363,1.088746057
223,98,400,10.33333333,2.333333333,0.243333333,7.333333333,S,NA,NA,NA,NA,6,29.95,11.91,40.68,1.03,1.31,25,0,5,35,5,15,5,0,10,1.88,1.929969108,34.7748,31.9138,35.1438,32.8031,7.0012,4.69333,3.72858,4.33253,848.318,847.877,848.814,847.877,0.026393206,0.022510399,0.039380727,0.050038852,1.088746057
224,98,403,44,3,0.74,13,S,NA,NA,NA,NA,NA,34.12,11.71,40,0.91,0.95,0,0,0,75,5,20,0,0,0,1.89,1.419135183,46.8152,42.3706,42.0012,22.6856,7.34411,6.63282,3.86542,3.23822,854.953,854.881,856.039,854.881,0.575753162,0.510358822,0.469962331,0.067228795,1.088746057
225,98,416,27,3,0.05,16,S,NA,NA,NA,NA,6,30.21,9.29,31.74,1.13,1.27,25,0,0,70,0,5,0,0,0,2.8,1.694407231,39.0329,39.8549,39.1185,37.9856,4.64537,3.97109,3.13618,2.11078,851.033,850.415,851.396,850.415,0.000160015,0.000135437,0.002075381,0.017640872,1.088746057
226,105,107,99.15384615,4.571428571,NA,19.92857143,N,NA,NA,12,NA,NA,17.29,7.77,26.53,1.94,1.87,40,0,5,30,5,15,0,0,5,0.62,1.058783688,6.12308,3.2765,3.83744,4.03984,4.33094,3.64943,3.38193,4.31991,897.676,897.652,897.744,897.652,0.000454757,0.048330523,0.341284276,0.425437494,1.131988392
227,105,196,12.9,2.1,0.18,4.1,N,9,NA,9,NA,6,20.11,8.73,29.8,1.69,1.67,5,0,5,30,5,40,0,0,15,0.08,0.8895718,2.28219,2.22157,1.71074,1.55798,5.28965,3.57291,2.75301,3.2468,898.877,898.853,898.9,898.853,0.017487803,0.434730615,0.394192103,0.256096548,1.131988392
228,105,267,21,2.5,0.38,7,N,12,NA,12,NA,NA,21.14,8.95,30.56,1.47,1.6,5,0,5,45,10,5,0,0,30,1.88,1.928291252,19.9142,19.1107,13.9974,8.28624,6.33428,3.48907,2.379,2.91072,898.822,899.104,898.858,899.104,1.675307064,1.566636354,1.794107098,1.872828399,1.131988392
229,105,418,26.1,3.05,0.45,10.1,N,NA,NA,NA,NA,9,36.33,14.65,50.04,0.8,0.87,5,0,10,45,15,5,0,0,20,3.32,1.788010754,21.4466,18.2493,11.2185,10.4017,9.6115,5.96944,2.90604,2.06268,903.568,903.524,903.673,903.524,1.251081179,1.003658202,0.956924644,0.775389079,1.131988392
230,105,570,20,1,0.46,15,N,3,NA,NA,NA,NA,14.91,6.9,23.55,1.79,2.27,0,0,10,15,15,10,0,0,50,1.7,0.18074786,5.99789,5.12433,2.69963,2.97828,7.07311,6.71484,3.9826,2.75607,900.765,900.73,900.814,900.73,0.756029528,0.773178705,0.193947744,0.049821009,1.131988392
231,111,474,4.4,1.25,0.065,0.75,N,NA,NA,3,6,3,22.06,11.73,40.06,1.71,1.58,10,25,10,15,20,10,0,0,10,1.22,1.196117291,13.8887,21.1241,18.091,18.9649,7.71842,7.9237,3.94155,3.80125,806.48,806.728,805.94,806.728,1.932091344,1.963311673,1.991681208,1.987006773,1.504300554
232,115,36,49,3.5,0.72,28,N,NA,NA,NA,NA,12,25.46,12.81,43.75,1.42,1.45,60,0,0,20,5,15,0,0,0,1.81,0.060188049,33.7346,34.7968,33.6044,32.1744,6.39534,4.48516,4.20775,2.77443,866.715,866.834,866.243,866.834,1.947333314,1.97360281,1.991898877,1.999939495,2.724607033
233,115,152,64.8,4,0.998,25.3,N,NA,NA,NA,NA,9,23.49,9.72,33.18,1.68,1.4,65,0,0,20,0,15,0,0,0,3,1.987986853,39.8823,39.2754,39.4002,38.4428,4.83816,4.18075,3.06789,2.92766,872.326,872.486,871.113,872.486,1.990158066,1.984924818,1.979941751,1.978165378,2.724607033
234,115,461,10.5,3.5,0.14,4,N,NA,NA,NA,NA,21,44.49,18.05,61.63,0.71,0.68,10,0,0,70,5,10,0,5,0,2.64,1.939573176,17.3567,20.4172,23.5727,22.4251,8.85577,8.99338,3.2286,6.11593,840.211,840.244,840.221,840.244,1.854032379,1.865545039,1.9362191,1.936861533,2.724607033
235,115,564,47,3.75,0.705,21.5,N,NA,NA,NA,NA,12,58.61,23.97,81.85,0.07,0.34,10,0,10,65,0,15,0,0,0,0.05,1.997731519,21.9281,22.9033,22.5959,21.7229,4.928,4.70628,4.56493,5.3886,831.066,831.191,831.109,831.191,1.999943324,1.999257547,1.999961465,1.996633095,2.724607033
236,118,259,67,NA,NA,NA,N,3,NA,NA,9,18,16.59,6.36,21.71,1.95,1.88,30,0,5,15,20,10,0,0,20,0.01,0.271509454,23.8051,23.3787,17.6212,19.0312,10.6657,10.7954,11.7998,4.54811,853.907,854.126,854.329,854.126,1.17396443,1.616014875,1.555961992,1.494877911,0.268791924
237,118,294,97.45,1,2.555,NA,N,3,NA,6,NA,12,20.48,7.68,26.21,1.68,1.6,40,0,20,10,10,5,0,0,15,0.08,0.136252433,19.2021,17.5186,26.2176,30.621,7.08472,6.77881,4.49675,3.60651,853.648,853.919,853.584,853.919,1.912765035,1.866954165,1.798681724,1.674110326,0.268791924
238,118,517,53,2.8,NA,37.2,N,NA,NA,NA,NA,33,22.96,10.77,36.78,1.54,1.49,60,0,5,15,10,5,0,0,5,0.84,0.418728826,26.2115,17.1814,20.3323,23.177,7.34668,3.07664,2.83871,2.24883,866.649,866.901,866.111,866.901,1.983381892,1.989473318,1.770275111,1.702688467,0.268791924
239,124,556,16.5,2.7,0.3,4,N,NA,NA,NA,NA,18,24.73,9.67,33.03,1.58,1.38,35,0,0,25,15,5,0,0,20,1.17,1.798740534,27.8058,26.7523,20.5625,32.6305,4.89619,5.69357,3.38055,2.8498,915.213,915.542,914.536,915.542,1.956603283,1.920425046,1.980184146,1.951216571,0.147440583
240,155,63,50,4.818181818,NA,35.54545455,N,NA,NA,NA,NA,15,18.37,9.74,33.27,1.83,1.81,15,5,5,45,10,0,0,0,20,1.2,0.10561144,15.5669,15.6569,18.2252,10.9255,3.25075,2.57644,5.38422,5.99585,844.518,844.58,844.299,844.58,1.981630514,1.990507064,1.99987963,1.961573299,2.175014789
241,155,108,31,2.666666667,0.466666667,19.33333333,N,NA,NA,NA,NA,15,27.17,12.98,44.34,1.21,1.24,0,0,0,30,35,30,0,0,5,0.92,0.007951059,19.0623,18.637,17.5853,16.9519,5.0954,4.18061,5.79699,2.83611,853.74,853.984,853.535,853.984,1.979771312,1.982215229,1.996588588,1.99591755,2.175014789
242,155,181,18.58823529,3,NA,12.94117647,N,NA,NA,NA,3,12,17.24,7.29,24.88,2.08,1.74,20,0,0,20,0,25,0,0,35,0.12,0.219133281,51.6699,39.8503,37.3496,35.4899,11.8118,6.47247,5.05049,4.37837,866.893,867.207,866.171,867.207,1.932777496,1.950526576,1.924605881,1.946446588,2.175014789
243,155,369,104.4285714,6.8,NA,87.4,N,NA,NA,NA,NA,9,32.8,12.59,43,1.03,1.11,5,5,5,55,5,10,0,0,15,1.88,2,13.062,15.2067,15.5992,15.1583,7.56343,5.11416,3.59225,2.62048,850.976,851.069,850.919,851.069,1.8799945,1.976257082,1.994943202,1.996470581,2.175014789
244,155,471,35.25,2.425,0.4725,32,N,NA,NA,NA,NA,9,27.13,12.3,42.01,1.63,1.31,60,0,5,5,10,15,0,0,5,1.58,1.360485252,44.9098,46.4833,44.75,48.4805,7.09842,5.10417,4.59613,4.72135,870.026,870.676,870.384,870.676,1.97573749,1.969436786,1.961434694,1.957324542,2.175014789
245,156,354,30.33333333,2.166666667,0.6,25.66666667,N,NA,NA,NA,NA,18,15.59,5.14,17.54,2.07,2.19,0,5,35,10,5,10,5,NA,30,1.35,1.35118807,16.5268,12.4358,9.19984,10.0759,5.98304,4.68244,4.34809,4.45706,843.109,843.106,843.201,843.106,0.061627566,0.080267545,0.131991783,0.064069484,0.194868467
246,163,295,25.5,2.5,0.28,33,N,NA,NA,NA,9,NA,12.86,4.87,16.63,2.13,2.24,0,0,40,30,30,0,0,0,0,0.59,0.284795027,7.23888,6.89994,6.61255,7.3047,7.64486,5.43678,5.21993,3.84225,855.604,855.596,855.617,855.596,1.689075865,1.742595684,1.541957588,1.40274669,0.119593989
247,173,51,17.5,2,0.325,10.5,N,NA,NA,18,NA,NA,23.12,10.58,36.12,1.46,1.48,60,5,20,5,0,5,0,0,5,2.18,0.447771967,12.2289,10.5866,9.80502,10.1792,11.5108,5.96491,3.77797,3.75545,868.796,868.93,868.57,868.93,1.866321957,1.998879987,1.986567087,1.976423143,0.517045142
248,173,65,68.5,5.666666667,1.243333333,27,N,NA,NA,9,NA,NA,27.19,10.86,37.1,1.15,1.3,50,0,15,5,5,20,0,0,5,1.5,1.032631863,7.28311,5.52103,7.03641,6.6079,6.02198,5.81673,3.70738,2.80897,865.762,865.861,865.711,865.861,1.995273274,1.924752077,1.912762896,1.941382261,0.517045142
249,173,68,11.4,3.6,NA,5.6,N,NA,NA,9,NA,6,18.08,8.76,29.9,1.91,1.79,65,0,20,0,0,10,0,0,5,0.94,0.240728693,13.0133,14.2409,14.3442,14.102,4.60332,4.1633,2.76326,3.28897,872.439,872.521,871.992,872.521,1.939623954,1.975390831,1.99821011,1.999219158,0.517045142
250,173,216,14.21428571,2.821428571,NA,4.821428571,N,NA,NA,NA,NA,NA,40.29,17.03,58.15,0.72,0.84,30,0,20,5,10,30,0,0,5,0.4,1.999853726,17.8628,14.6182,9.07383,8.58092,4.19628,3.43407,2.31793,1.56062,865.798,866.078,865.944,866.078,1.980303589,1.986201417,1.989065236,1.9785205,0.517045142
251,173,263,14.66666667,3.333333333,0.373333333,8,N,NA,3,3,NA,3,24.04,11.57,39.51,1.31,1.4,55,5,10,10,5,15,0,0,0,0.43,1.439155326,11.7493,12.1156,10.7992,10.1792,6.11686,5.96993,5.01119,6.32011,868.111,868.168,867.957,868.168,1.996291821,1.991048816,1.96584085,1.976423143,0.517045142
252,173,296,28.33333333,4.666666667,NA,10.38888889,N,NA,NA,6,NA,NA,28.78,12.43,42.46,1.2,1.28,55,0,10,5,5,20,0,0,5,3.21,0.138725378,8.72726,10.5869,11.3732,11.5762,7.65885,7.94565,3.82654,6.95809,867.966,868.042,867.818,868.042,1.972901124,1.99218019,1.987853298,1.94747575,0.517045142
253,174,201,27,4.625,0.4675,11.25,N,NA,NA,3,NA,NA,26.29,12.29,41.96,1.27,1.39,10,5,5,30,15,30,0,0,5,2.79,0.900506582,23.9941,32.2644,25.0479,27.3629,4.92387,4.47941,4.40027,4.53219,874.296,874.476,873.95,874.476,1.781411573,1.78705024,1.953268213,1.980774042,0.641080788
254,174,285,9.833333333,1.166666667,0.19,3.666666667,N,NA,NA,18,NA,6,15.06,8.34,28.47,2.2,2.1,50,5,5,20,5,10,0,0,5,0.61,0,25.183,27.2812,24.0645,23.5185,6.88829,6.04492,4.65435,2.66414,868.003,868.403,867.39,868.403,1.968557113,1.984380511,1.999145341,1.998486219,0.641080788
255,174,291,16,3.333333333,0.336666667,6.333333333,N,3,NA,15,NA,NA,28.46,12.75,43.54,1.26,1.23,45,0,0,25,5,25,0,0,0,1.09,0.7051257,23.2916,24.3621,23.9712,25.5397,6.17954,4.69295,8.01584,3.49829,872.433,872.59,872.494,872.59,1.975965471,1.989605907,1.991245361,1.993172034,0.641080788
256,178,153,50,5,0.8,18,N,NA,NA,NA,NA,21,20.03,8.53,29.12,1.8,1.74,30,0,15,25,0,10,5,5,10,1.49,1.832050948,51.1849,55.8355,40.0932,25.9947,6.02947,7.22454,5.44828,3.2185,937.843,937.628,936.812,937.628,0.381920838,0.57059194,0.646819052,0.967298361,0.182087049
257,185,577,11,1.95,NA,3.2,N,NA,NA,3,NA,12,35.17,15.03,51.34,0.95,0.96,55,0,5,20,0,15,0,0,5,1.41,2,14.2632,13.407,15.6462,15.8003,4.17488,4.18419,6.06369,8.50363,922.735,922.807,922.472,922.807,1.900930135,1.954853138,1.969144927,1.969422654,1.709694031
258,187,414,27.25,4.25,0.305,10.5,N,NA,NA,NA,NA,NA,24.33,12.01,41.02,1.45,1.46,20,0,5,15,5,40,0,5,10,0.99,1.707106781,16.0531,15.7577,14.0444,14.015,9.55439,6.57613,3.80192,6.24743,877.527,877.639,877.284,877.639,1.787128831,1.834145824,1.804748774,1.822054609,0.322953688
259,187,463,19.66666667,2.633333333,0.302666667,6.666666667,N,NA,NA,3,NA,12,16.44,7.27,24.83,2.04,1.85,35,0,15,10,5,30,0,0,5,0.36,0.013599414,22.0838,22.7747,18.0745,19.8328,6.79763,6.47902,5.29196,6.26791,881.869,882.231,881.223,882.231,1.792800519,1.89012533,1.879066832,1.967629933,0.322953688
260,187,466,88.5,7.227272727,NA,35.90909091,N,NA,NA,6,NA,3,20.99,11.26,38.47,1.54,1.65,20,5,10,15,5,40,0,0,5,2.18,1.514439534,16.3548,17.2999,9.7461,9.91015,6.95261,10.2032,3.94131,6.55765,887.175,887.223,886.605,887.223,1.949408488,1.973635069,1.999999588,1.999990096,0.322953688
261,188,146,71,1.5,0.655,NA,N,NA,NA,NA,NA,18,18.13,5.5,18.77,1.89,2.01,15,0,5,50,5,5,0,0,20,1.39,1.780866719,6.04984,5.28307,4.57984,4.14274,4.67058,3.87927,3.56488,3.20469,955.624,955.593,955.498,955.593,0.890538055,1.323194085,1.379751648,1.33968855,0.150490264
262,189,250,15,2.13,NA,3.2,N,NA,NA,NA,NA,18,20.11,7.14,24.37,1.79,1.71,35,5,5,25,5,20,0,0,5,3.66,1.898487786,14.3905,15.6826,16.8741,16.5867,5.51966,5.40345,2.80053,2.07928,923.645,923.868,923.75,923.868,1.846730301,1.850430281,1.82864698,1.92004116,0.192237385
263,189,284,17.73684211,2.368421053,NA,7.5,N,NA,NA,12,NA,9,21.19,10.67,36.43,1.61,1.61,15,5,0,65,5,10,0,0,0,1.21,0.00496178,16.6161,17.4623,14.1729,15.8794,8.09174,7.06869,5.25007,3.55761,925.233,925.51,924.757,925.51,1.931122031,1.962704497,1.903182514,1.912193793,0.192237385
264,189,557,20.39583333,2.02173913,NA,6.956521739,N,NA,NA,NA,NA,15,22.19,10.59,36.16,1.51,1.6,40,5,5,10,10,15,0,0,15,1.12,0.64881193,17.3594,17.8818,16.2992,16.5981,4.65831,4.70549,2.94105,4.74668,922.921,923.052,923.225,923.052,1.625316207,1.728303998,1.883639011,1.91162149,0.192237385
265,196,445,77.6,14.5,NA,22.6,N,NA,NA,NA,NA,12,28.91,11.28,38.52,1.17,1.5,5,5,0,5,60,10,0,0,15,1.3,0.167078759,12.3759,11.7647,14.9057,15.3811,7.77056,3.32011,3.55896,3.81291,930.278,930.379,930.316,930.379,1.911271794,1.963538512,1.998719357,1.999527173,0.828743982
266,201,364,29.875,0.925,NA,15,N,NA,NA,NA,NA,15,23.8,8.44,28.82,1.48,1.4,25,5,10,25,5,20,0,0,10,0.86,0.503935033,12.7113,10.9384,8.94485,8.30232,6.79637,6.00671,8.47196,3.95435,949.652,949.752,949.712,949.752,1.888664457,1.952348965,1.984238231,1.968974764,0.311658684
267,202,129,10.18333333,1.541666667,NA,1.95,N,NA,NA,NA,6,12,23.32,9.71,33.15,1.41,1.45,5,0,10,30,0,30,0,0,25,1.04,0.044206985,12.0274,10.4016,6.10292,5.93312,7.07843,4.65046,3.53427,2.7528,958.02,958.067,957.857,958.067,1.99025835,1.972010227,1.976570978,1.973940353,1.484699847
268,202,131,107,2,1.06,32,N,NA,NA,NA,NA,12,23.43,9.02,30.8,1.46,1.45,15,0,15,40,0,25,0,0,5,0.08,1.536857936,12.5769,11.0325,7.18539,6.86353,5.36699,5.07579,5.12774,4.84674,953.795,953.793,953.514,953.793,1.809655638,1.879639441,1.999975296,1.988554527,1.484699847
269,202,168,17.75,2,0.335,8,N,NA,NA,NA,NA,6,30.78,11.71,39.98,1.21,1.16,30,0,15,10,5,35,0,0,5,1.94,1.83952505,7.46029,7.87326,8.08077,7.87745,6.19061,4.89382,4.62445,2.99257,949.617,949.651,949.556,949.651,1.954662134,1.982932138,1.986930551,1.955977577,1.484699847
270,202,184,8.75,1.5,0.125,1,N,NA,NA,NA,NA,9,26.45,9.93,33.9,1.34,1.32,40,0,10,15,5,25,0,0,5,0.31,1,6.71846,7.23474,9.48349,9.58477,11.7054,5.48706,3.42613,3.04443,940.782,940.881,940.575,940.881,1.996817952,1.994545587,1.998681106,1.997424885,1.484699847
271,202,288,12.17857143,1.778571429,NA,5.928571429,N,NA,NA,3,NA,18,19.03,7.34,25.08,1.71,1.68,35,0,10,20,5,20,0,0,10,0.57,0.167949052,5.85675,7.55863,6.63341,6.0335,7.49425,8.50395,5.80175,6.00374,955.541,955.599,955.523,955.599,1.909388623,1.960658061,1.983881917,1.98266137,1.484699847
272,202,423,9.5,2.5,0.18,4,N,NA,NA,NA,NA,24,28.21,12.26,41.86,1.28,1.24,60,5,5,5,5,10,0,0,10,0.79,1.35118807,7.16074,8.52888,8.65991,8.43724,8.42303,5.42584,6.2224,5.24862,945.834,945.938,945.592,945.938,1.967427003,1.948969074,1.959375549,1.963969228,1.484699847
273,202,437,15.25454545,2.354545455,0.209090909,6.181818182,N,NA,NA,3,3,15,20.51,9.74,33.28,1.66,1.58,25,0,10,40,0,20,0,0,5,0.53,1.447290848,7.25558,4.84661,5.95295,5.99501,7.4565,5.33883,3.45839,2.55534,957.261,957.359,957.138,957.359,1.865300184,1.875944881,1.927379871,1.977171817,1.484699847
274,202,468,13,3,0.22,3.5,N,NA,NA,NA,NA,15,17.73,7.92,27.04,1.77,1.94,35,0,15,30,0,20,0,0,0,1.24,0.066669989,16.1086,9.31528,6.01232,5.73891,9.65529,10.5094,3.51315,3.5428,957.755,957.781,957.612,957.781,1.954916374,1.943714391,1.999991126,1.999241321,1.484699847
275,202,530,13.91666667,2.536585366,NA,5.341463415,N,NA,NA,NA,NA,12,26.44,12.58,42.96,1.21,1.3,50,0,10,10,0,10,0,0,20,1.65,7.90E-05,6.02965,6.79378,5.6471,5.40941,8.34816,7.36455,6.12333,3.89977,958.689,958.703,958.782,958.703,1.944554166,1.917657557,1.984358995,1.99409996,1.484699847
276,203,245,84.25,6.283333333,0.775,24.5,N,NA,NA,6,3,NA,28.27,13.8,47.12,1.31,1.39,10,0,10,35,10,35,0,0,0,2.16,1.979994237,8.15996,6.36153,11.1434,10.2163,4.45672,4.43365,3.88945,3.71116,941.978,941.998,941.756,941.998,1.983410398,1.999258696,1.989504337,1.97088312,0.196088592
277,216,53,23.5,2.2,0.61,10.1,N,NA,NA,6,NA,9,21.88,9.46,32.3,1.55,1.47,10,0,15,45,15,15,0,0,0,2.12,0.718328339,2.73977,1.91695,2.6556,3.44901,5.74508,4.97963,5.29797,4.03507,959.387,959.427,959.374,959.427,1.971853785,1.91459728,1.997257708,1.983921529,1.466581905
278,216,128,16.17407407,2.411111111,NA,3.611111111,N,NA,NA,3,NA,15,27.28,8.63,29.46,1.18,1.37,10,0,5,55,5,25,0,0,0,2.66,1.139518761,3.02791,3.57144,3.68367,3.94498,5.70122,5.67227,3.1212,2.99751,958.965,959.004,959.03,959.004,0.951118852,1.967707851,1.994726526,1.999425815,1.466581905
279,216,185,79.33333333,4.666666667,1.39,18.5,N,NA,NA,NA,NA,12,19.13,4.8,16.41,1.63,1.64,15,0,15,15,15,40,0,0,0,0.1,0.552709152,2.35242,1.58109,4.13893,3.53867,9.79237,6.48952,4.1666,3.68696,960.181,960.202,960.048,960.202,1.046705467,1.871711157,1.97213188,1.999330311,1.466581905
280,216,246,37.58928571,4.589285714,NA,11.10714286,N,NA,NA,NA,NA,12,29.82,12.19,41.62,1.01,1.14,10,15,5,25,5,35,0,0,5,1.21,1.941764357,4.65031,3.96526,3.50045,3.72105,5.22042,4.91735,4.14333,3.60736,958.809,958.864,958.914,958.864,1.999959288,1.996951745,1.978833469,1.989101628,1.466581905
281,216,322,65,NA,1.08,NA,N,NA,NA,NA,NA,3,15.26,5.34,18.23,1.86,2.04,5,5,5,10,5,35,0,0,35,0.41,0.029873404,3.32198,2.22698,4.19205,3.81761,7.55396,7.99277,5.00646,3.11401,959.845,959.875,959.893,959.875,0.806621767,1.634132861,1.409493162,1.815796558,1.466581905
282,226,97,14.05,0.95,0.29,6.15,N,NA,NA,NA,3,9,19.35,7.96,27.19,2.21,1.82,50,0,15,15,5,15,0,0,0,0.76,0.177855959,9.89216,8.72231,21.3342,7.95429,8.25925,8.1986,4.83582,6.06234,954.485,954.555,954.009,954.555,1.762160107,1.80992905,1.695310936,1.894825308,0.1485125
283,226,265,7.833333333,6,0.16,1.5,N,NA,NA,6,NA,6,21.71,9.35,31.94,1.63,1.57,40,0,20,0,15,10,0,0,15,1.17,0,20.9355,21.714,18.3207,9.48597,11.747,12.2885,4.56488,4.70708,953.886,954.155,954.08,954.155,1.583952169,1.666805657,1.686300879,1.830731945,0.1485125
284,237,84,235,NA,0.94,NA,N,NA,NA,3,NA,3,38.42,13.68,46.73,0.8,0.86,10,0,30,0,30,10,0,0,20,1.65,1.974409311,10.1156,9.37623,4.71248,3.64229,6.3854,7.01184,3.61919,2.42904,960.261,960.477,960.341,960.477,1.991872384,1.992138308,1.83720461,1.673016386,0.193708431
285,237,599,92,NA,1.1,NA,N,NA,NA,NA,NA,3,18.97,6.96,23.77,1.66,1.72,40,0,20,20,0,10,0,0,10,1.75,1.993150272,4.11209,4.42806,3.55621,3.01776,6.23364,9.06799,2.0137,8.6486,960.58,960.592,960.566,960.592,1.378863452,0.963127808,1.291899323,1.544213012,0.193708431
286,239,383,17.16666667,2,0.336666667,4.5,N,NA,NA,NA,NA,15,13.37,4.35,14.85,2.35,2.34,0,5,5,25,30,15,0,0,20,0.84,1.090458764,7.9721,7.74308,5.95894,5.22366,7.2978,6.34352,4.15176,3.11242,965.382,965.352,965.445,965.352,1.836237348,1.661690137,1.912975232,1.955474273,0.118880594
287,73,282,98.83333333,28.33333333,1.066666667,23.33333333,N,NA,NA,NA,NA,12,31.62,15.14,51.71,1.12,1.05,35,0,20,25,5,10,0,0,5,0.78,0.292893219,8.28857,5.94184,9.83719,10.9828,10.0877,6.1674,2.82528,4.59249,949.591,949.667,949.476,949.667,1.453601682,1.528304972,1.342823654,1.387853441,0.150670744
288,76,339,47.35294118,1.818181818,NA,9.272727273,N,6,3,NA,NA,3,28.06,11.2,38.26,1.25,1.39,50,0,20,0,5,0,0,0,25,1.77,1,2.11907,1.54591,0.353632,0.50147,7.10909,6.48191,6.27207,8.61063,958.789,958.799,958.779,958.799,0.213679218,1.736333317,1.957039076,1.952097375,1.232023521
289,76,367,43.6,2.142857143,NA,9,N,NA,NA,NA,NA,3,15.96,6.2,21.19,1.83,1.93,15,0,20,25,10,20,0,0,10,0.28,1.986400586,5.72462,3.65011,2.45934,2.0041,5.99646,7.86135,2.92297,3.21912,956.579,956.534,956.619,956.534,0.132920604,0.034650236,0.015359391,0.004305988,1.232023521
290,77,519,118.6666667,NA,NA,NA,N,NA,NA,NA,NA,12,32.32,15.61,53.29,0.99,1.03,25,5,15,20,10,10,0,0,15,1.57,0.292893219,2.5913,1.77034,0.906044,0.573715,3.86471,7.39932,4.37133,3.4654,956.663,956.676,956.69,956.676,0.04812704,0.335251942,0.146995271,1.466102541,0.31360501
291,83,298,18.37083333,2.114583333,NA,5.427083333,N,NA,NA,3,3,6,27.97,10.71,36.58,1.23,1.31,20,5,0,35,10,25,0,0,5,0.01,0.292893219,5.01585,3.92363,3.74639,4.09715,6.46859,6.80392,5.9474,3.65911,951.537,951.509,951.508,951.509,0.051471636,0.020082255,0.151120555,0.125600383,0.202758994
292,84,527,15.75,1.625,0.325,6.25,N,3,NA,12,NA,18,18.06,9.03,30.85,1.79,1.76,10,0,5,35,5,15,0,0,30,1.22,1.989576119,5.57476,4.64426,2.9504,2.66149,5.82136,5.65801,5.34273,5.80346,953.396,953.388,953.353,953.388,0.831114947,0.170075336,0.053047432,0.113077833,0.169667567
293,85,12,49.76666667,3.875,NA,11.25,N,NA,NA,3,NA,6,38.89,12.68,43.31,0.61,0.86,5,5,10,45,10,20,0,0,5,0.54,1.760065811,3.86373,3.24329,3.18372,2.91987,5.90929,4.11277,3.54172,4.28596,953.144,953.1,953.222,953.1,0.020982971,0.009301968,0.002629574,0.000843155,0.898532891
294,85,206,10.7826087,1.326086957,NA,3.695652174,N,NA,NA,6,3,21,19.42,9.37,32.01,1.64,1.64,30,5,5,30,10,15,0,0,5,0.58,0.580864817,6.22482,5.0359,4.01696,4.41371,7.254,5.37629,3.99782,2.9621,949.881,949.857,949.98,949.857,0.615269667,0.616333176,0.300112236,0.104342569,0.898532891
295,85,502,43.05,3.357142857,NA,8.714285714,N,NA,3,3,NA,NA,34.54,14.11,48.2,0.92,1,35,5,5,5,15,25,0,0,10,0.53,1.993884104,1.25458,1.28124,2.31811,2.1212,6.63875,6.44479,4.76459,4.26643,952.181,952.168,952.188,952.168,0.710533815,0.579296664,0.058382459,0.188793273,0.898532891
296,87,408,97.75,4,0.88,51,N,NA,NA,NA,NA,12,23.54,8.89,30.36,1.42,1.66,5,0,5,30,10,15,0,0,35,0.21,1.004363309,5.80067,2.47344,1.66029,1.4947,5.36196,4.91185,3.30333,3.92319,952.167,952.097,952.184,952.097,0.427725304,0.740590953,0.771887027,0.53740013,0.132892598
297,87,523,62,3.25,0.7,21,N,NA,NA,NA,NA,3,18.14,7.34,25.08,2.08,1.88,0,0,15,60,5,10,0,0,10,1.43,1.216950772,1.26627,0.862878,1.2595,1.39771,6.16195,8.53609,6.5958,7.33798,951.994,952.003,952.005,952.003,1.89954863,1.991166027,0.679188633,0.480674772,0.132892598
298,88,539,91.33333333,3.75,0.456666667,11.5,N,NA,NA,NA,NA,NA,23.58,9.57,32.69,1.78,1.67,10,0,0,50,15,20,0,0,5,0.07,1.948710608,14.287,13.005,8.28002,6.26118,4.83381,4.70122,2.79048,3.14518,937.371,937.48,937.549,937.48,1.633976302,1.574302493,1.320360041,0.854897755,0.273943248
299,88,550,11.22222222,1.5,NA,2.944444444,N,NA,NA,NA,NA,12,24.43,11.17,38.13,1.42,1.45,NA,NA,NA,NA,NA,NA,NA,NA,NA,1.14,1.284851965,9.92873,10.6733,9.53702,8.15615,7.27649,6.99999,6.09317,3.75154,941.224,941.169,941.086,941.169,0.007360552,0.003485268,0.003852604,0.092171283,0.273943248
300,90,205,43.28571429,1,0.38,2.333333333,N,NA,NA,6,NA,21,15.54,5.33,18.19,2.04,2.04,NA,NA,NA,NA,NA,NA,NA,NA,NA,1.48,0.33164798,2.4703,3.08351,1.94053,1.93049,5.16838,5.12959,5.90118,3.97591,951.958,951.959,952.015,951.959,0.030846469,0.267873067,0.07001806,0.15564402,0.502419057
