No.,Date,Gap_type,Gap_ No. ,VRP_BAF3,SPP,n
1,31/5/2019,N,203-245,1Ep,Ep,1
1,31/5/2019,N,203-245,2Sx,Sx,2
2,31/5/2019,S,237-501,2 Fd,Fd,2
3,31/5/2019,N,237-542,1Sx,Sx,1
3,31/5/2019,N,237-542,3Fd,Fd,3
4,31/5/2019,N,237-599,1Fd,Fd,1
5,31/5/2019,N,216-322,1Fd,Fd,1
6,31/5/2019,N,237-084,1Sx,Sx,1
6,31/5/2019,N,237-084,1Fd,Fd,1
7,3/6/2019,S,216-124,0,,
8,3/6/2019,N,216-185,4Fd,Fd,4
9,3/6/2019,N,216-128,5Fd,Fd,5
9,3/6/2019,N,216-128,1Sx,Sx,1
10,3/6/2019,N,216-246,4Fd,Fd,4
11,3/6/2019,N,216-053,3Fd,Fd,3
11,3/6/2019,N,216-053,2Sx,Sx,2
12,3/6/2019,N,216-553,3 Fd,Fd,3
13,3/6/2019,S,216-379,3Fd,Fd,3
14,3/6/2019,S,216-344,1Fd,Fd,1
15,3/6/2019,S,216-157,1Ep,Ep,1
15,3/6/2019,S,216-157,2Fd,Fd,2
16,3/6/2019,N,226-097,1Ep,Ep,1
16,3/6/2019,N,226-097,3Fd,Fd,3
17,3/6/2019,N,226-265,2Sx,Sx,2
17,3/6/2019,N,226-265,2Fd,Fd,2
18,3/6/2019,N,202-468,5Fd,Fd,5
19,3/6/2019,N,202-530,4Fd,Fd,4
20,4/6/2019,N,202-129,4Fd,Fd,4
20,4/6/2019,N,202-129,2Ep,Ep,2
21,4/6/2019,N,202-437,5Fd,Fd,5
21,4/6/2019,N,202-437,1Sx,Sx,1
21,4/6/2019,N,202-437,1Ep,Ep,1
22,4/6/2019,N,202-288,1Sx,Sx,1
22,4/6/2019,N,202-288,6Fd,Fd,6
23,4/6/2019,N,202-131,4Fd,Fd,4
24,4/6/2019,S,199-171,2Fd,Fd,2
25,4/6/2019,S,206-548,7Fd,Fd,7
26,4/6/2019,S,206-138,4Fd,Fd,4
26,4/6/2019,S,206-138,1Ep,Ep,1
26,4/6/2019,S,206-138,2Sx,Sx,2
27,4/6/2019,S,206-524,2Fd,Fd,2
28,4/6/2019,S,206-111,4Fd,Fd,4
28,4/6/2019,S,206-111,3Sx,Sx,3
29,4/6/2019,S,220-479,1Fd,Fd,1
30,4/6/2019,S,220-240,1Fd,Fd,1
31,4/6/2019,S,220-411,4Fd,Fd,4
32,4/6/2019,S,213-573,2Fd,Fd,2
33,4/6/2019,S,238-208,4Fd,Fd,4
34,5/6/2019,S,220-274,3Fd,Fd,3
35,5/6/2019,S,220-436,0,,
36,5/6/2019,S,205-2,0,,
37,5/6/2019,S,205_106,2Fd,Fd,2
38,5/6/2019,S,205-514,0,,0
39,5/6/2019,S,230-276,1Fd,Fd,1
40,5/6/2019,S,230-318,6Fd,Fd,6
41,5/6/2019,S,225-370,5Fd,Fd,5
42,5/6/2019,S,225-212,2Fd,Fd,2
43,5/6/2019,S,225-188,0,,
44,5/6/2019,S,232-166,1 Ep,Ep,1
45,5/6/2019,S,232-559,3 Fd,Fd,3
46,5/6/2019,S,231-150,4Fd,Fd,4
47,5/6/2019,S,231-567,1At ,At,1
47,5/6/2019,S,231-567,1Fd,Fd,1
48,5/6/2019,S,236-455,1 Ep ,Ep,1
48,5/6/2019,S,236-455,2Fd,Fd,2
49,5/6/2019,S,236-209,3Fd,Fd,3
50,5/6/2019,S,236-509,1Fd,Fd,1
51,5/6/2019,N,239-383,5Fd,Fd,5
52,5/6/2019,S,239-316,2Fd,Fd,2
53,6/6/2019,S,219-507,3Fd,Fd,3
54,6/6/2019,S,220-96,1Fd,Fd,1
55,6/6/2019,S,220-378,4Fd ,Fd,4
55,6/6/2019,S,220-378,1Ep,Ep,1
56,6/6/2019,S,206-319,2Fd ,Fd,2
56,6/6/2019,S,206-319,1Sx,Sx,1
57,6/6/2019,N,206-72,2Fd,Fd,2
58,6/6/2019,S,199-583,3Fd ,Fd,3
59,6/6/2019,S,199-386,2Fd,Fd,2
60,6/6/2019,S,220-222,5Fd,Fd,5
61,6/6/2019,S,205-472,2Fd ,Fd,2
62,6/6/2019,S,205-211,2Fd,Fd,2
63,6/6/2019,S,205-588,5Fd,Fd,5
64,6/6/2019,S,209-6,1Fd ,Fd,1
64,6/6/2019,S,209-6,2Ep,Ep,2
65,6/6/2019,S,196-177,3Fd,Fd,3
66,6/6/2019,S,196-552,2Fd,Fd,2
67,6/6/2019,S,196-575,3Fd,Fd,3
68,6/6/2019,S,196-286,6Fd ,Fd,6
68,6/6/2019,S,196-286,2Sx,Sx,2
69,6/6/2019,S,196-424,3Fd,Fd,3
70,6/6/2019,N,196-445,4Fd,Fd,4
71,6/6/2019,S,196-313,3 Fd,Fd,3
72,6/6/2019,S,199-506,1Fd,Fd,1
73,6/6/2019,S,202-194,5Fd ,Fd,5
73,6/6/2019,S,202-194,1Ep,Ep,1
74,6/6/2019,N,202-184,3Fd,Fd,3
75,6/6/2019,S,202-257,0,,
76,6/6/2019,S,202-307,1Fd,Fd,1
77,6/6/2019,N,202-423,8Fd,Fd,8
78,7/6/2019,N,202-168,2Fd,Fd,2
79,7/6/2019,S,213-435,1Ep ,Ep,1
79,7/6/2019,S,213-435,2Fd,Fd,2
80,7/6/2019,S,213-422,3Fd,Fd,3
81,7/6/2019,S,213-460,3Fd,Fd,3
82,7/6/2019,S,213-356,4Fd,Fd,4
83,7/6/2019,S,185-297,0,,
84,7/6/2019,S,185-515,1Fd,Fd,1
85,7/6/2019,S,185-66,3Fd,Fd,3
86,7/6/2019,S,185-190,0,,
87,7/6/2019,S,185-277,6Fd,Fd,6
88,7/6/2019,S,208-467,1Fd,Fd,1
89,7/6/2019,S,185-71,2Fd,Fd,2
90,7/6/2019,N,201-364,5Fd,Fd,5
91,10/6/2019,S,227-585,2Fd,Fd,2
92,10/6/2019,S,233-392,2Fd,Fd,2
93,10/6/2019,S,229-565,4Fd,Fd,4
94,10/6/2019,S,229-406,3Fd,Fd,3
95,10/6/2019,S,223-371,4Fd,Fd,4
96,10/6/2019,S,217-169,5Fd,Fd,5
97,10/6/2019,S,217-589,6Fd,Fd,6
98,10/6/2019,S,217-159,6Fd,Fd,6
99,10/6/2019,S,214-43,6Fd,Fd,6
100,10/6/2019,S,218-243,1 Fd,Fd,1
101,10/6/2019,S,204-48,2Fd,Fd,2
102,10/6/2019,S,204-401,3Fd,Fd,3
103,10/6/2019,S,210-450,4Fd,Fd,4
104,10/6/2019,S,210-323,7Fd,Fd,7
105,10/6/2019,S,228-399,5Fd,Fd,5
106,10/6/2019,S,235-340,3Fd,Fd,3
107,10/6/2019,S,197-404,2Fd,Fd,2
108,10/6/2019,S,185-117,2Fd,Fd,2
109,10/6/2019,N,189-284,4Sx ,Sx,4
109,10/6/2019,N,189-284,3Fd,Fd,3
110,10/6/2019,N,189-250,6Fd,Fd,6
111,10/6/2019,S,211-141,3Fd,Fd,3
112,11/6/2019,S,211-283,2Fd,Fd,2
113,11/6/2019,S,211-69,6Fd,Fd,6
114,11/6/2019,S,211-33,4Fd,Fd,4
115,11/6/2019,S,196-248,3Fd ,Fd,3
115,11/6/2019,S,196-248,2Sx,Sx,2
116,11/6/2019,S,205-584,3Fd,Fd,3
117,11/6/2019,S,205-237,5Fd,Fd,5
118,11/6/2019,S,216-586,1Fd,Fd,1
119,11/6/2019,N,189-557,5Fd,Fd,5
120,11/6/2019,N,185-577,4Fd ,Fd,4
120,11/6/2019,N,185-577,1Sx,Sx,1
121,11/6/2019,S,185-526,0,,
122,11/6/2019,S,185-142,3Fd,Fd,3
122,11/6/2019,S,185-142,1 Sx,Sx,1
123,11/6/2019,S,185-178,4Fd,Fd,4
124,11/6/2019,S,185-351,4 Fd,Fd,4
125,11/6/2019,S,193-215,,,
126,11/6/2019,S,193-28,3Fd,Fd,3
127,13/6/2019,S,201-355,3 Fd,Fd,3
127,13/6/2019,S,201-355,1 Ep,Ep,1
128,13/6/2019,S,201-529,4 Fd,Fd,4
129,13/6/2019,S,200-62,3 Fd,Fd,3
129,13/6/2019,S,200-62,1 Ep,Ep,1
130,13/6/2019,S,200-329,1 Fd,Fd,1
131,13/6/2019,N,174-285,2Fd,Fd,2
131,13/6/2019,N,174-285, 6Sx,Sx,6
132,13/6/2019,N,187-466,2Sx,Sx,2
132,13/6/2019,N,187-466,1Fd ,Fd,1
133,13/6/2019,N,187-463,4Fd,Fd,4
133,13/6/2019,N,187-463, 1Sx,Sx,1
134,13/6/2019,N,187-414,,,
135,13/6/2019,N,182-368,2Fd,Fd,2
135,13/6/2019,N,182-368, 1Sx,Sx,1
136,13/6/2019,N,179-555,6Sx,Sx,6
137,13/6/2019,N,172-410,0,,
138,13/6/2019,N,172-326,1Sx,Sx,1
139,13/6/2019,N,172-582,3Sx,Sx,3
141,13/6/2019,N,172-13,3Sx,Sx,3
142,13/6/2019,N,172-268,7Sx,Sx,7
143,27/6/2019,S,88-375,3Fd,Fd,3
144,27/6/2019,N,88-550,4Fd,Fd,4
145,27/6/2019,S,88-266,1 Ep,Ep,1
146,27/6/2019,N,88-539,0,,
147,27/6/2019,S,95-224,0,,
148,27/6/2019,S,95-454,2 Ep,Ep,2
149,27/6/2019,S,103-321,6Fd,Fd,6
150,27/6/2019,S,103-118,7Fd,Fd,7
151,27/6/2019,S,103-549,7Fd,Fd,7
152,27/6/2019,S,104-511,1Fd,Fd,1
153,27/6/2019,S,95-560,6 Fd,Fd,6
154,27/6/2019,S,95-126,5Fd,Fd,5
155,27/6/2019,S,94-30,0,,
156,27/6/2019,S,94-442,1 Ep,Ep,1
157,27/6/2019,S,94-52,1 Ep,Ep,1
158,27/6/2019,S,94-360,0,,
159,28/6/2019,N,105-572,2Fd,Fd,2
159,28/6/2019,N,105-572,1Sx,Sx,1
159,28/6/2019,N,105-572,1At,At,1
159,28/6/2019,N,105-572,2Pl,Pl,2
160,28/6/2019,N,105-110,8Sx,Sx,8
160,28/6/2019,N,105-110,6At,At,6
161,28/6/2019,S,105_391,6Sx,Sx,6
161,28/6/2019,S,105_391,5At,At,5
162,28/6/2019,N,105-196,3Sx,Sx,3
162,28/6/2019,N,105-196,2Fd,Fd,2
162,28/6/2019,N,105-196,3At,At,3
163,28/6/2019,N,105-107,4Sx,Sx,4
164,4/7/2019,S,98-361,2Fd,Fd,2
165,4/7/2019,S,98-236,8Fd,Fd,8
166,4/7/2019,S,98-416,2Fd,Fd,2
167,4/7/2019,S,98-400,2Fd,Fd,2
168,4/7/2019,S,98-403,0,,
169,4/7/2019,S,100-183,8 Fd,Fd,8
170,4/7/2019,S,100-88,3Fd,Fd,3
171,4/7/2019,S,100-345,6Fd,Fd,6
172,4/7/2019,S,100-478,6Fd,Fd,6
173,4/7/2019,S,100-199,9Fd,Fd,9
174,4/7/2019,S,100-40,7Fd,Fd,7
175,4/7/2019,S,41-73,10Fd,Fd,10
176,4/7/2019,S,41-558,6Fd,Fd,6
177,4/7/2019,S,41-100,6Fd,Fd,6
178,4/7/2019,S,41-58,7Fd,Fd,7
179,4/7/2019,S,41-362,9Fd,Fd,9
180,4/7/2019,S,42-574,3Fd,Fd,3
181,4/7/2019,S,41-493,5Fd,Fd,5
182,4/7/2019,S,42-173,4Fd,Fd,4
183,4/7/2019,S,41-600,4Fd,Fd,4
184,4/7/2019,S,43_5,7Fd,Fd,7
185,4/7/2019,S,43-38,9 Fd,Fd,9
186,4/7/2019,S,43-551,2Fd,Fd,2
187,4/7/2019,S,43-395,10Fd,Fd,10
188,4/7/2019,S,43-50,2Fd,Fd,2
189,4/7/2019,S,43-593,4Fd,Fd,4
190,4/7/2019,S,43-568,4Fd,Fd,4
191,4/7/2019,S,2-292,5Fd,Fd,5
192,4/7/2019,S,5-221,8Fd,Fd,8
193,4/7/2019,S,2-486,6Fd,Fd,6
194,4/7/2019,S,2-503,7Fd,Fd,7
195,4/7/2019,S,7-204,2 At,At,2
195,4/7/2019,S,7-204,4Fd,Fd,4
196,4/7/2019,S,2-154,3Fd,Fd,3
197,4/7/2019,S,2-330,8Fd,Fd,8
198,4/7/2019,S,2-59,10Fd,Fd,10
199,4/7/2019,S,2-281,2Fd,Fd,2
200,4/7/2019,S,2-317,2Fd,Fd,2
201,4/7/2019,S,2-434,0,,
202,4/7/2019,S,2-238,4Fd,Fd,4
203,4/7/2019,S,2-522,9Fd,Fd,9
204,4/7/2019,S,4-580,5Fd,Fd,5
205,4/7/2019,S,5-93,5 Fd,Fd,5
206,4/7/2019,S,5-415,4Fd,Fd,4
207,8/7/2019,S,176-161,4Fd,Fd,4
208,8/7/2019,S,176-26,10Fd,Fd,10
209,8/7/2019,S,176-262,2Ep,Ep,2
210,8/7/2019,S,176-228,3Fd,Fd,3
211,8/7/2019,S,176-125,2Fd,Fd,2
212,8/7/2019,S,184-306,7Fd,Fd,7
213,8/7/2019,N,178-153,7Fd,Fd,7
214,8/7/2019,S,180-113,6Fd,Fd,6
215,8/7/2019,S,180-264,5Fd,Fd,5
215,8/7/2019,S,180-264,1Sx,Sx,1
216,8/7/2019,S,180-311,4Fd,Fd,4
216,8/7/2019,S,180-311,1Sx,Sx,1
217,9/7/2019,N,115-152,3Fd,Fd,3
218,9/7/2019,N,115-36,4Fd,Fd,4
219,9/7/2019,S,115-525,1Fd,Fd,1
220,9/7/2019,S,115-353,6Fd,Fd,6
221,9/7/2019,S,115-116,7Fd,Fd,7
222,9/7/2019,S,115-231,2Fd,Fd,2
223,9/7/2019,S,115-270,1Fd,Fd,1
224,9/7/2019,S,115-419,6Fd,Fd,6
224,9/7/2019,S,115-419,2Ep,Ep,2
225,9/7/2019,S,115-315,6Fd,Fd,6
225,9/7/2019,S,115-315,1Ep,Ep,1
226,9/7/2019,S,115-251,4Fd,Fd,4
227,9/7/2019,S,115-290,6Fd,Fd,6
228,9/7/2019,S,115-132,2Fd,Fd,2
229,9/7/2019,S,115-101,0,,
230,9/7/2019,S,113-347,6Fd,Fd,6
231,9/7/2019,S,113-14,7Fd,Fd,7
232,9/7/2019,N,109-64,3Fd,Fd,3
232,9/7/2019,N,109-64,3Sx,Sx,3
233,9/7/2019,N,109-99,3At ,At,3
234,9/7/2019,S,111-3,0,,
235,9/7/2019,S,112-421,7Fd,Fd,7
235,9/7/2019,S,112-421,1Sx,Sx,1
236,9/7/2019,S,112-388,1Fd,Fd,1
237,9/7/2019,S,112-278,1Sx,Sx,1
238,9/7/2019,S,112-192,1Fd,Fd,1
239,9/7/2019,S,112-144,2Fd,Fd,2
240,9/7/2019,N,115-564,4Fd,Fd,4
241,10/7/2019,S,51-325,6Fd,Fd,6
242,10/7/2019,S,171-587,5Fd,Fd,5
243,10/7/2019,S,55-426,12Fd,Fd,12
244,10/7/2019,S,55-119,9Fd,Fd,9
245,10/7/2019,S,54-402,7Fd,Fd,7
246,10/7/2019,S,54-44,7Fd,Fd,7
247,10/7/2019,S,162-229,5Fd,Fd,5
248,10/7/2019,S,162-95,11Fd,Fd,11
249,10/7/2019,S,111-272,2Fd,Fd,2
250,10/7/2019,S,111-487,3Fd ,Fd,3
250,10/7/2019,S,111-487, 2Sx,Sx,2
251,10/7/2019,S,114-366,2Fd,Fd,2
252,10/7/2019,N,129-140,4Fd,Fd,4
253,10/7/2019,S,154-490,10Fd,Fd,10
254,10/7/2019,S,52-579,6Fd,Fd,6
255,10/7/2019,S,161-543,8Fd,Fd,8
256,10/7/2019,S,111-314,4Sx ,Sx,4
256,10/7/2019,S,111-314, 5Fd,Fd,5
257,10/7/2019,S,52-232,4Fd,Fd,4
258,10/7/2019,S,52-247,3Fd,Fd,3
259,10/7/2019,S,52-569,1Fd,Fd,1
260,10/7/2019,S,48-438,2Fd,Fd,2
261,10/7/2019,S,48-230,6Fd,Fd,6
262,11/7/2019,S,70-592,3Fd,Fd,3
263,11/7/2019,S,70_7,10Fd,Fd,10
264,11/7/2019,S,70-305,7Fd,Fd,7
265,11/7/2019,S,70-148,5Fd,Fd,5
266,11/7/2019,S,57-55,9Fd,Fd,9
267,11/7/2019,S,57-357,8Fd,Fd,8
268,11/7/2019,S,57-374,6Fd,Fd,6
269,11/7/2019,S,57_11,5Fd,Fd,5
270,11/7/2019,S,57-590,7Fd,Fd,7
271,11/7/2019,S,57-372,2Fd,Fd,2
272,11/7/2019,S,57-510,2Fd,Fd,2
273,11/7/2019,S,57-17,2Fd,Fd,2
274,11/7/2019,S,57-24,3Fd,Fd,3
275,11/7/2019,S,57-160,6Fd,Fd,6
276,11/7/2019,S,61-22,10Fd,Fd,10
278,11/7/2019,S,61-23,3Fd,Fd,3
279,11/7/2019,S,57-538,7Fd,Fd,7
279,11/7/2019,S,57-538,1At,At,1
280,11/7/2019,S,65-225,12Fd,Fd,12
281,12/7/2019,S,192-165,9Fd,Fd,9
282,12/7/2019,S,49-241,11Fd,Fd,11
283,12/7/2019,S,49-182,8Fd,Fd,8
284,12/7/2019,S,49-475,4Fd,Fd,4
285,12/7/2019,S,49-220,6Fd,Fd,6
286,12/7/2019,S,49-459,13Fd,Fd,13
287,12/7/2019,S,46-60,15Fd,Fd,15
288,12/7/2019,S,44-563,8Fd,Fd,8
289,12/7/2019,S,46-103,11Fd,Fd,11
290,12/7/2019,S,49-596,9Fd,Fd,9
292,15/7/2019,S,114-56,0,,
293,15/7/2019,S,114-98,0,,
294,15/7/2019,S,114-488,0,,
295,15/7/2019,S,114-54,0,,
296,15/7/2019,S,114-300,3 Fd,Fd,3
297,15/7/2019,S,114-179,0,,
298,15/7/2019,S,114-337,1Fd,Fd,1
299,15/7/2019,S,119-57,4Fd,Fd,4
300,15/7/2019,S,119-480,0,,
301,15/7/2019,S,119-218,12Fd,Fd,12
302,15/7/2019,S,119-217,0,,
303,15/7/2019,S,123-135,12Fd,Fd,12
304,15/7/2019,S,123-302,8Fd,Fd,8
305,15/7/2019,S,123-571,6Fd,Fd,6
306,15/7/2019,S,127-76,7Fd,Fd,7
307,15/7/2019,S,127-193,7Fd,Fd,7
308,15/7/2019,S,126-279,2Fd,Fd,2
309,15/7/2019,S,126-94,2Fd,Fd,2
310,15/7/2019,S,126-25,4Fd,Fd,4
311,15/7/2019,S,125-387,5Fd,Fd,5
312,15/7/2019,S,125-49,7Fd,Fd,7
313,18/7/2019,S,57-134,0,,
314,18/7/2019,S,63-293,4Fd,Fd,4
315,18/7/2019,S,58-481,3Fd,Fd,3
316,18/7/2019,S,58-253,4Fd,Fd,4
317,18/7/2019,S,71-287,4Fd,Fd,4
318,18/7/2019,S,65-234,0,,
319,18/7/2019,S,64-349,6Fd,Fd,6
319,18/7/2019,S,64-349,2At,At,2
320,18/7/2019,S,64-469,0,,
321,18/7/2019,S,64-598,1Fd,Fd,1
322,18/7/2019,S,65-335,2Fd,Fd,2
323,18/7/2019,S,65-213,5Fd,Fd,5
324,19/7/2019,S,76-547,4Fd,Fd,4
325,19/7/2019,S,76-476,2Ep,Ep,2
325,19/7/2019,S,76-476,10Fd,Fd,10
326,19/7/2019,N,76-367,1Fd,Fd,1
327,19/7/2019,S,76-61,2Fd,Fd,2
327,19/7/2019,S,76-61,1Sx,Sx,1
328,19/7/2019,S,76-359,1Sx,Sx,1
329,19/7/2019,S,76-47,5Fd,Fd,5
329,19/7/2019,S,76-47,1Pl,Pl,1
329,19/7/2019,S,76-47,1At,At,1
330,19/7/2019,S,76-269,1Pl,Pl,1
330,19/7/2019,S,76-269,1At,At,1
331,19/7/2019,S,76-172,3Sx,Sx,3
332,19/7/2019,S,76-327,,,
333,19/7/2019,S,76-252,2Ep,Ep,2
333,19/7/2019,S,76-252,1 Sx,Sx,1
334,19/7/2019,S,76-512,3Sx,Sx,3
334,19/7/2019,S,76-512,1Fd,Fd,1
334,19/7/2019,S,76-512,2At,At,2
335,19/7/2019,S,76-441,8Sx,Sx,8
336,19/7/2019,S,76-136,8Fd ,Fd,8
336,19/7/2019,S,76-136,1Sx,Sx,1
337,19/7/2019,N,76-339,1Pl,Pl,1
337,19/7/2019,N,76-339, 2At,At,2
337,19/7/2019,N,76-339,1Fd,Fd,1
338,19/7/2019,S,75-561,2Fd,Fd,2
339,19/7/2019,S,75-473,1Fd,Fd,1
340,19/7/2019,S,76-258,6Fd,Fd,6
341,19/7/2019,S,75-233,6Sx,Sx,6
342,19/7/2019,S,76-123,3Sx,Sx,3
343,24/7/2019,S,151-566,1 Fd,Fd,1
344,24/7/2019,S,151-499,3 Fd,Fd,3
345,24/7/2019,S,151-338,3 Fd,Fd,3
346,24/7/2019,S,147-255,2 Fd,Fd,2
347,24/7/2019,S,151-350,2 Fd,Fd,2
348,24/7/2019,S,145-546,0,,
349,24/7/2019,S,144-358,2 Fd,Fd,2
350,24/7/2019,S,144-112,0,,
351,24/7/2019,S,141-35,2 Fd,Fd,2
277,24/7/2019,S,140-405,0,,
492,24/7/2019,S,137-174,7 Fd,Fd,7
352,24/7/2019,S,134-87,5 Fd,Fd,5
353,24/7/2019,S,134-430,5 Fd,Fd,5
354,24/7/2019,S,134-376,1 Fd,Fd,1
355,24/7/2019,S,134-260,5 Fd,Fd,5
356,24/7/2019,S,132-158,0,,
357,24/7/2019,S,131-15,1 Fd,Fd,1
358,24/7/2019,S,133-576,1 Fd,Fd,1
359,24/7/2019,S,133-275,2 Fd,Fd,2
360,24/7/2019,S,133-343,4 Fd,Fd,4
361,24/7/2019,S,138-92,6 Fd,Fd,6
362,24/7/2019,S,136-342,5 Fd,Fd,5
140,24/7/2019,S,136-520,1 Fd,Fd,1
363,25/7/2019,S,150-145,2 Fd,Fd,2
364,25/7/2019,S,150-544,3 Fd,Fd,3
365,25/7/2019,S,149-249,1 Fd,Fd,1
291,25/7/2019,S,149-102,0,,
366,25/7/2019,S,149-289,2 Fd,Fd,2
367,25/7/2019,S,149-83,1 Fd,Fd,1
368,25/7/2019,S,148-187,3 Fd,Fd,3
369,25/7/2019,S,148-352,2 Fd,Fd,2
370,25/7/2019,S,148-346,4 Fd,Fd,4
371,25/7/2019,S,151-149,2 At,At,2
371,25/7/2019,S,151-149,1 Fd,Fd,1
372,25/7/2019,S,142-427,2 Fd,Fd,2
373,25/7/2019,S,142-447,3 Fd,Fd,3
374,25/7/2019,S,143-156,2 Fd,Fd,2
375,25/7/2019,S,135-214,,,
376,25/7/2019,S,134-380,2 Fd,Fd,2
377,25/7/2019,S,134-334,1 Fd,Fd,1
378,25/7/2019,S,134-534,3 Fd,Fd,3
379,25/7/2019,S,138-70,8 Fd,Fd,8
380,25/7/2019,S,138-120,4 Fd,Fd,4
381,25/7/2019,S,139-495,5 Fd,Fd,5
382,25/7/2019,S,139-105,3 Fd,Fd,3
383,25/7/2019,S,14-331,1 Fd,Fd,1
384,25/7/2019,S,22-532,6 Fd,Fd,6
385,25/7/2019,S,29-398,1 Fd,Fd,1
386,25/7/2019,S,30-42,4 Fd,Fd,4
387,25/7/2019,S,30-170,5 Fd,Fd,5
388,25/7/2019,S,33-167,2 Fd,Fd,2
389,25/7/2019,S,33-74,1 Fd,Fd,1
390,25/7/2019,S,34-407,1 Fd,Fd,1
391,25/7/2019,S,34-137,3 Fd,Fd,3
392,25/7/2019,S,36-397,4 Fd,Fd,4
393,26/7/2019,N,155-446,8Fd,Fd,8
394,26/7/2019,N,155-369,3Fd,Fd,3
395,26/7/2019,N,155-451,1Fd,Fd,1
396,26/7/2019,N,155-108,5Fd,Fd,5
397,26/7/2019,N,155-63,5Fd,Fd,5
398,26/7/2019,N,156-354,6Fd,Fd,6
399,26/7/2019,N,155-181,1Ep,Ep,1
399,26/7/2019,N,155-181,4Fd,Fd,4
400,26/7/2019,N,155-471,3Fd,Fd,3
401,26/7/2019,N,155-528,7Fd,Fd,7
402,26/7/2019,N,155-545,0,,
403,26/7/2019,N,155-299,2Ep,Ep,2
403,26/7/2019,N,155-299,2Fd,Fd,2
404,26/7/2019,N,160-115,1Fd,Fd,1
404,26/7/2019,N,160-115,2Ep,Ep,2
405,26/7/2019,N,160-373,1Fd,Fd,1
406,26/7/2019,N,160-197,4Fd,Fd,4
407,26/7/2019,N,163-295,3Ep,Ep,3
408,26/7/2019,S,157-485,3Fd,Fd,3
409,26/7/2019,S,157-518,4Fd,Fd,4
410,31/7/2019,S,5-219,7Fd,Fd,7
411,31/7/2019,S,5-34,3Fd,Fd,3
412,31/7/2019,S,5-163,9Fd,Fd,9
413,31/7/2019,S,5-78,2Fd,Fd,2
414,31/7/2019,S,5-409,1Fd,Fd,1
415,31/7/2019,S,5-333,0,,
416,31/7/2019,S,5-477,2Fd,Fd,2
417,31/7/2019,S,5-420,2Fd,Fd,2
418,31/7/2019,S,8-81,5Fd,Fd,5
419,31/7/2019,S,8-127,3Fd,Fd,3
420,31/7/2019,S,13-109,2Fd,Fd,2
421,31/7/2019,S,13-531,3Fd,Fd,3
422,31/7/2019,S,13-77,5Fd,Fd,5
424,31/7/2019,S,8-389,2Fd,Fd,2
425,31/7/2019,S,8_16,2Fd,Fd,2
426,31/7/2019,S,5-562,1Fd,Fd,1
427,31/7/2019,S,5_18,3Fd,Fd,3
428,31/7/2019,S,5-595,5Fd,Fd,5
429,31/7/2019,S,6-79,6Fd,Fd,6
430,31/7/2019,S,6-578,2Fd,Fd,2
431,31/7/2019,S,6-591,1Fd,Fd,1
432,31/7/2019,S,4-191,3Fd,Fd,3
433,31/7/2019,S,5-91,4Fd,Fd,4
434,31/7/2019,S,5_8,4Fd,Fd,4
435,31/7/2019,S,5-186,1Fd,Fd,1
436,31/7/2019,S,5-261,3Fd,Fd,3
437,31/7/2019,S,8-385,1Fd,Fd,1
438,31/7/2019,S,20_9,6Fd,Fd,6
439,31/7/2019,S,19-336,4Fd,Fd,4
440,31/7/2019,S,20-491,6Fd,Fd,6
441,31/7/2019,S,21-304,3Fd,Fd,3
442,31/7/2019,S,21-377,5Fd,Fd,5
443,31/7/2019,S,20-324,2Fd,Fd,2
444,31/7/2019,S,20-312,7Fd,Fd,7
445,31/7/2019,S,20-428,4Fd,Fd,4
446,31/7/2019,S,20-239,10Fd,Fd,10
447,31/7/2019,S,20-155,7Fd,Fd,7
448,31/7/2019,S,20-235,4Fd,Fd,4
449,31/7/2019,S,20-189,7Fd,Fd,7
450,1/8/2019,S,9-223,1Fd,Fd,1
451,1/8/2019,S,10--10,3Fd,Fd,3
452,1/8/2019,S,17-280,3Fd,Fd,3
453,1/8/2019,S,17-581,3Fd,Fd,3
454,1/8/2019,S,17-37,1Fd,Fd,1
455,1/8/2019,S,17-498,4Fd,Fd,4
456,1/8/2019,S,17-147,1Fd,Fd,1
457,1/8/2019,S,17-541,7Fd,Fd,7
458,1/8/2019,S,17-203,7Fd,Fd,7
459,1/8/2019,S,12-382,6Fd,Fd,6
460,1/8/2019,S,26-535,4Fd,Fd,4
461,1/8/2019,S,26-494,5Fd,Fd,5
462,1/8/2019,N,21-432,9Fd,Fd,9
463,1/8/2019,S,20-484,3Fd,Fd,3
464,1/8/2019,S,20-20,3Fd,Fd,3
465,1/8/2019,S,20-164,2Fd,Fd,2
466,1/8/2019,S,31-75,7Fd,Fd,7
467,1/8/2019,S,31-130,3Fd,Fd,3
468,1/8/2019,S,31-504,4Fd,Fd,4
469,1/8/2019,S,31-597,3Fd,Fd,3
470,1/8/2019,S,31-429,3Fd,Fd,3
471,1/8/2019,S,31-470,3Fd,Fd,3
472,1/8/2019,S,31-139,13Fd,Fd,13
473,1/8/2019,S,35-448,2Fd,Fd,2
474,1/8/2019,S,35-390,7Fd,Fd,7
475,2/8/2019,S,115-86,1Fd,Fd,1
476,2/8/2019,N,170-242,11Fd,Fd,11
477,2/8/2019,N,170-67,13Fd,Fd,13
478,6/8/2019,N,170-465,7Fd,Fd,7
479,6/8/2019,N,170-332,10Fd,Fd,10
480,6/8/2019,N,170-513,13Fd,Fd,13
481,6/8/2019,N,169-309,6Sx,Sx,6
481,6/8/2019,N,169-309, 4Fd,Fd,4
482,6/8/2019,N,169-301,9Fd,Fd,9
483,6/8/2019,N,165-85,6Sx ,Sx,6
483,6/8/2019,N,165-85,1Fd,Fd,1
484,6/8/2019,N,167-464,6Sx ,Sx,6
484,6/8/2019,N,167-464,6Fd,Fd,6
485,6/8/2019,N,167-396,13Fd,Fd,13
486,6/8/2019,N,167-122,9Fd,Fd,9
487,7/8/2019,S,175-431,3Fd,Fd,3
488,7/8/2019,S,177-226,2Fd,Fd,2
489,7/8/2019,S,183-363,7Fd,Fd,7
490,7/8/2019,N,188-121,2Fd,Fd,1
490,7/8/2019,N,188-121,1Sx,Sx,1
491,7/8/2019,N,188-146,6Fd,Fd,6
492,7/8/2019,N,173-296,2 Sx,Sx,2
493,7/8/2019,N,173-263,1Fd ,Fd,1
493,7/8/2019,N,173-263,1 Sx ,Sx,1
493,7/8/2019,N,173-263,1 Pl,Pl,1
494,7/8/2019,N,173-51,6 Sx,Sx,6
495,7/8/2019,N,173-216,0,,
496,7/8/2019,N,173-65,3 Sx,Sx,3
497,7/8/2019,N,173-68,3Sx ,Sx,3
497,7/8/2019,N,173-68,2Fd,Fd,2
498,7/8/2019,N,174-201,1Sx,Sx,1
499,7/8/2019,N,174-291,1At,At,1
499,7/8/2019,N,174-291, 5Sx,Sx,5
500,7/8/2019,N,174-27,5Sx,Sx,5
501,7/8/2019,N,174-328,3Sx,Sx,3
501,7/8/2019,N,174-328, 1Fd,Fd,1
502,8/8/2019,N,87-523,1Fd,Fd,1
503,8/8/2019,N,87-408,4Fd,Fd,4
504,8/8/2019,S,90-114,1Ep ,Ep,1
504,8/8/2019,S,90-114,1Fd,Fd,1
505,8/8/2019,N,90-205,7Fd ,Fd,7
505,8/8/2019,N,90-205,2Sx,Sx,2
506,8/8/2019,N,84-527,6Fd ,Fd,6
506,8/8/2019,N,84-527,4Sx ,Sx,4
506,8/8/2019,N,84-527,1At,At,1
507,8/8/2019,N,85-176,7Sx ,Sx,7
507,8/8/2019,N,85-176,1Fd,Fd,1
508,8/8/2019,N,85-502,1Sx ,Sx,1
508,8/8/2019,N,85-502,1Pl,Pl,1
509,8/8/2019,N,85_12,2Fd ,Fd,2
509,8/8/2019,N,85_12,1Sx,Sx,1
510,8/8/2019,N,83-298,2Fd,Fd,2
510,8/8/2019,N,83-298, 1Sx ,Sx,1
510,8/8/2019,N,83-298,1Ep,Ep,1
511,8/8/2019,N,85-206,7Fd ,Fd,7
511,8/8/2019,N,85-206,2Sx ,Sx,2
511,8/8/2019,N,85-206,1Ep,Ep,1
512,8/8/2019,N,115-461,7Fd,Fd,7
513,8/8/2019,S,112-29,1Fd,Fd,1
514,8/8/2019,S,111-180,5Fd,Fd,5
515,8/8/2019,S,111-393,7Fd,Fd,7
516,8/8/2019,S,111-425,0,,
517,8/8/2019,S,111-394,3Fd,Fd,3
518,8/8/2019,S,111-439,1Fd,Fd,1
518,8/8/2019,S,111-439,1Sx,Sx,1
519,8/8/2019,S,111-413,2Fd,Fd,2
520,8/8/2019,S,111-19,4Fd,Fd,4
521,8/8/2019,N,111-474,2Ep,Ep,2
521,8/8/2019,N,111-474,1Sx,Sx,1
521,8/8/2019,N,111-474,1Fd,Fd,1
522,8/8/2019,S,20-483,4Fd,Fd,4
523,6/8/2019,S,175-200,7 Fd,Fd,7
523,6/8/2019,S,175-200,1 Sx,Sx,1
523,6/8/2019,S,175-200,1 Ep,Ep,1
524,6/8/2019,S,175-341,3 Fd,Fd,3
524,6/8/2019,S,175-341,1 Sx,Sx,1
525,6/8/2019,S,175-497,5 Fd,Fd,5
526,6/8/2019,S,175-433,3 Fd,Fd,3
527,6/8/2019,S,175-162,1 Fd,Fd,1
528,6/8/2019,S,175-443,3 Fd,Fd,3
528,6/8/2019,S,175-443,1 Sx,Sx,1
529,6/8/2019,S,175-227,2 Fd,Fd,2
530,6/8/2019,S,175-31,1 Fd,Fd,1
531,6/8/2019,S,194-365,0,,
532,6/8/2019,S,194-536,1Fd,Fd,1
533,6/8/2019,S,194-310,5 Fd,Fd,5
534,6/8/2019,S,175-21,2 Fd,Fd,2
535,6/8/2019,S,175-210,5 Fd,Fd,5
536,6/8/2019,S,175-381,3 Fd,Fd,3
537,6/8/2019,S,175-457,0,,
538,6/8/2019,S,177-505,2 Fd,Fd,2
539,6/8/2019,S,175-449,2 Fd ,Fd,2
539,6/8/2019,S,175-449,1 Sx,Sx,1
539,6/8/2019,S,175-449, 1 At,At,1
540,6/8/2019,S,175-45,5 Fd,Fd,5
541,6/8/2019,S,175-500,5 Fd,Fd,5
542,6/8/2019,S,177- 195,4 Fd,Fd,4
543,7/8/2019,S,178-320,5Fd,Fd,5
544,7/8/2019,N,105-570,1At,At,1
545,7/8/2019,N,105-348,9Fd,Fd,9
545,7/8/2019,N,105-348,3Sx,Sx,6
545,7/8/2019,N,105-348,1At,At,1
546,7/8/2019,N,105-418,3Fd,Fd,3
547,7/8/2019,N,105-267,4Sx,Sx,4
547,7/8/2019,N,105-267,4At,At,4
548,7/8/2019,S,106-492,2Fd,Fd,2
550,7/8/2019,S,106-41,1Sx,Sx,1
550,7/8/2019,S,106-41,3Fd,Fd,3
551,7/8/2019,S,118-303,5Fd,Fd,5
552,7/8/2019,N,118-294,4Fd,Fd,4
552,7/8/2019,N,118-294,2Sx ,Sx,2
552,7/8/2019,N,118-294,1At,At,1
553,7/8/2019,N,118-259,3Ep,Ep,3
553,7/8/2019,N,118-259,1At,At,1
553,7/8/2019,N,118-259,6Fd,Fd,6
554,7/8/2019,N,118-202,6Fd,Fd,6
554,7/8/2019,N,118-202,1Ep,Ep,1
554,7/8/2019,N,118-202,2Sx,Sx,2
555,7/8/2019,N,118-517,11Fd,Fd,11
556,7/8/2019,N,124-244,5Fd,Fd,5
557,7/8/2019,N,124-556,6Fd,Fd,6
558,9/8/2019,S,67-516,1Fd,Fd,1
559,9/8/2019,S,67-39,2Fd,Fd,2
560,9/8/2019,S,67-198,5Fd,Fd,5
561,9/8/2019,S,66-458,3Fd,Fd,3
561,9/8/2019,S,66-458,2Sx,Sx,2
562,9/8/2019,S,66-533,2Fd,Fd,2
563,9/8/2019,S,68-489,2Sx,Sx,2
564,9/8/2019,S,68-151,2Fd,Fd,2
565,9/8/2019,S,61-452,0,,
566,9/8/2019,S,155-440,2Fd,Fd,2
567,9/8/2019,S,155-104,3Fd,Fd,3
568,9/8/2019,S,155-444,6Fd,Fd,6
568,9/8/2019,S,155-444,1Sx,Sx,1
569,9/8/2019,S,155-143,5Fd ,Fd,5
569,9/8/2019,S,155-143,1Sx,Sx,1
570,9/8/2019,S,156-554,1Fd,Fd,1
571,12/8/2019,S,91_4,3Fd,Fd,3
572,12/8/2019,S,92-417,5Fd,Fd,5
573,12/8/2019,S,89-32,2Fd,Fd,2
574,12/8/2019,S,89-456,3Fd,Fd,3
575,12/8/2019,S,81-540,3Fd,Fd,3
576,12/8/2019,S,81-80,5Fd,Fd,5
577,12/8/2019,S,81-412,2Fd,Fd,2
578,12/8/2019,S,81-453,3Fd,Fd,3
579,12/8/2019,S,81-482,5Fd,Fd,5
580,12/8/2019,N,77-519,4Fd,Fd,4
581,12/8/2019,N,73-282,4Fd,Fd,4
582,12/8/2019,S,39-508,7Fd,Fd,7
583,12/8/2019,S,39-537,4Fd,Fd,4
584,12/8/2019,S,39-273,9Fd,Fd,9
585,12/8/2019,S,38-256,7Fd,Fd,7
586,12/8/2019,S,37-271,6Fd,Fd,6
587,12/8/2019,S,28-308,5Fd,Fd,5
588,12/8/2019,S,23-594,3Fd,Fd,3
589,12/8/2019,S,11-133,3Fd,Fd,3
590,12/8/2019,S,11-462,5Fd,Fd,5
549,12/8/2019,N,107-384,0,,
591,12/8/2019,S,108-254,4Fd,Fd,4
592,12/8/2019,S,117-521,4Fd,Fd,4
592,12/8/2019,S,117-521,1Sx,Sx,1
593,12/8/2019,N,121-82,12Fd,Fd,12
594,12/8/2019,N,122-46,11Fd,Fd,11
595,12/8/2019,N,122-90,5Fd,Fd,5
596,12/8/2019,N,122-175,6Fd,Fd,6
597,12/8/2019,N,122-207,9Fd,Fd,9
598,12/8/2019,S,111-89,11Fd,Fd,11
599,12/8/2019,S,111-496,5Sx ,Sx,5
599,12/8/2019,S,111-496,5Fd,Fd,5
600,12/8/2019,S,111-1,10Fd ,Fd,10
600,12/8/2019,S,111-1,1Sx ,Sx,1
