"","OBJECTID","gap","plot_id","gap_type","Fd","ZO0L_UNIT","SS1","SS1_","SI1","SS2","SS2_","SI2","SS3","SS3_","SI3","SST","SIT","tphg","mean_density","sem_density"
"1",10,"10","10_ 10","S",0,"IDFdk3",1,0.6,17.1,4,0.4,12,0,0,0,2.2,15.06,0,0,NA
"2",183,"100","100_ 183","S",1000,"IDFxm/IDFdk3",4,0.7,13.4,1,0.3,16.75,0,0,0,3.1,14.405,8000,1600,1363.81816969859
"3",199,"100","100_ 199","S",0,"IDFxm/IDFdk3",1,1,16.75,0,0,0,0,0,0,1,16.75,8000,1600,1363.81816969859
"4",345,"100","100_ 345","S",0,"IDFxm/IDFdk3",4,0.7,13.4,1,0.3,16.75,0,0,0,3.1,14.405,8000,1600,1363.81816969859
"5",40,"100","100_ 40","S",7000,"IDFxm/IDFdk3",1,1,16.75,0,0,0,0,0,0,1,16.75,8000,1600,1363.81816969859
"6",478,"100","100_ 478","S",0,"IDFxm/IDFdk3",4,0.7,13.4,1,0.3,16.75,0,0,0,3.1,14.405,8000,1600,1363.81816969859
"7",88,"100","100_ 88","S",0,"IDFxm/IDFdk3",4,0.7,13.4,1,0.3,16.75,0,0,0,3.1,14.405,8000,1600,1363.81816969859
"8",118,"103","103_ 118","S",0,"IDFxm/IDFdk3",1,0.8,16.75,4,0.2,13.4,0,0,0,1.6,16.08,1000,333.333333333333,333.333333333333
"9",321,"103","103_ 321","S",0,"IDFxm/IDFdk3",4,0.8,13.4,2,0.2,12,0,0,0,3.6,13.12,1000,333.333333333333,333.333333333333
"10",549,"103","103_ 549","S",1000,"IDFxm/IDFdk3",4,0.8,13.4,2,0.2,12,0,0,0,3.6,13.12,1000,333.333333333333,333.333333333333
"11",511,"104","104_ 511","S",3000,"IDFxm/IDFdk3",4,0.8,13.4,2,0.2,12,0,0,0,3.6,13.12,3000,3000,NA
"12",107,"105","105_ 107","N",0,"IDFdk3",8,0.6,21.9,7,0.2,20.2,1,0.2,17.1,6.4,20.6,11000,1833.33333333333,1447.21955640616
"13",110,"105","105_ 110","N",0,"IDFdk3",8,0.6,21.9,7,0.2,20.2,1,0.2,17.1,6.4,20.6,11000,1833.33333333333,1447.21955640616
"14",196,"105","105_ 196","N",0,"IDFdk3",8,0.6,21.9,7,0.2,20.2,1,0.2,17.1,6.4,20.6,11000,1833.33333333333,1447.21955640616
"15",267,"105","105_ 267","N",0,"IDFdk3",8,0.6,21.9,7,0.2,20.2,1,0.2,17.1,6.4,20.6,11000,1833.33333333333,1447.21955640616
"16",348,"105","105_ 348","N",0,"IDFdk3",8,0.6,21.9,7,0.2,20.2,1,0.2,17.1,6.4,20.6,11000,1833.33333333333,1447.21955640616
"17",391,"105","105_ 391","S",1000,"IDFdk3",8,0.6,21.9,7,0.2,20.2,1,0.2,17.1,6.4,20.6,11000,1833.33333333333,1447.21955640616
"18",418,"105","105_ 418","N",9000,"IDFdk3",8,0.6,21.9,7,0.2,20.2,1,0.2,17.1,6.4,20.6,11000,1833.33333333333,1447.21955640616
"19",570,"105","105_ 570","N",1000,"IDFdk3",8,0.6,21.9,7,0.2,20.2,1,0.2,17.1,6.4,20.6,11000,1833.33333333333,1447.21955640616
"20",572,"105","105_ 572","N",0,"IDFdk3",8,0.6,21.9,7,0.2,20.2,1,0.2,17.1,6.4,20.6,11000,1833.33333333333,1447.21955640616
"21",41,"106","106_ 41","S",7000,"IDFdk3",8,0.6,21.9,7,0.2,20.2,1,0.2,17.1,6.4,20.6,10000,5000,2000
"22",492,"106","106_ 492","S",3000,"IDFdk3",8,0.6,21.9,7,0.2,20.2,1,0.2,17.1,6.4,20.6,10000,5000,2000
"23",384,"107","107_ 384","N",0,"IDFdk3",0,0,0,0,0,0,0,0,0,NA,NA,0,0,NA
"24",254,"108","108_ 254","S",3000,"IDFdk3",8,0.5,21.9,1,0.3,17.1,7,0.2,20.2,5.7,20.12,3000,3000,NA
"25",64,"109","109_ 64","N",0,"IDFdk3",8,0.7,21.9,1,0.2,17.1,7,0.1,20.2,6.5,20.77,0,0,0
"26",99,"109","109_ 99","N",0,"IDFdk3",1,0.9,17.1,5,0.1,15,0,0,0,1.4,16.89,0,0,0
"27",133,"11","11_ 133","S",0,"IDFxm",1,0.8,16.4,3,0.1,13,0.1,0,14.8,1.1,14.42,0,0,0
"28",462,"11","11_ 462","S",0,"IDFxm",1,0.8,16.4,3,0.1,13,0.1,0,14.8,1.1,14.42,0,0,0
"29",1,"111","111_ 1","S",0,"IDFdk3",8,0.7,21.9,1,0.2,17.1,7,0.1,20.2,6.5,20.77,70000,5000,2277.45761471277
"30",180,"111","111_ 180","S",31000,"IDFdk3",1,0.8,17.1,8,0.2,21.9,0,0,0,2.4,18.06,70000,5000,2277.45761471277
"31",19,"111","111_ 19","S",3000,"IDFdk3",8,0.7,21.9,1,0.2,17.1,7,0.1,20.2,6.5,20.77,70000,5000,2277.45761471277
"32",272,"111","111_ 272","S",1000,"IDFdk3",8,0.7,21.9,1,0.2,17.1,7,0.1,20.2,6.5,20.77,70000,5000,2277.45761471277
"33",3,"111","111_ 3","S",0,"IDFdk3",8,0.7,21.9,1,0.2,17.1,7,0.1,20.2,6.5,20.77,70000,5000,2277.45761471277
"34",314,"111","111_ 314","S",2000,"IDFdk3",8,0.7,21.9,1,0.2,17.1,7,0.1,20.2,6.5,20.77,70000,5000,2277.45761471277
"35",393,"111","111_ 393","S",3000,"IDFdk3",1,0.8,17.1,8,0.2,21.9,0,0,0,2.4,18.06,70000,5000,2277.45761471277
"36",394,"111","111_ 394","S",16000,"IDFdk3",8,0.7,21.9,1,0.2,17.1,7,0.1,20.2,6.5,20.77,70000,5000,2277.45761471277
"37",413,"111","111_ 413","S",6000,"IDFdk3",8,0.7,21.9,1,0.2,17.1,7,0.1,20.2,6.5,20.77,70000,5000,2277.45761471277
"38",425,"111","111_ 425","S",2000,"IDFdk3",8,0.7,21.9,1,0.2,17.1,7,0.1,20.2,6.5,20.77,70000,5000,2277.45761471277
"39",439,"111","111_ 439","S",0,"IDFdk3",8,0.7,21.9,1,0.2,17.1,7,0.1,20.2,6.5,20.77,70000,5000,2277.45761471277
"40",474,"111","111_ 474","N",2000,"IDFdk3",1,0.8,17.1,8,0.2,21.9,0,0,0,2.4,18.06,70000,5000,2277.45761471277
"41",487,"111","111_ 487","S",3000,"IDFdk3",8,0.7,21.9,1,0.2,17.1,7,0.1,20.2,6.5,20.77,70000,5000,2277.45761471277
"42",496,"111","111_ 496","S",0,"IDFdk3",8,0.7,21.9,1,0.2,17.1,7,0.1,20.2,6.5,20.77,70000,5000,2277.45761471277
"43",89,"111","111_ 89","S",1000,"IDFdk3",8,0.7,21.9,1,0.2,17.1,7,0.1,20.2,6.5,20.77,70000,5000,2277.45761471277
"44",144,"112","112_ 144","S",0,"IDFdk3",1,0.8,17.1,8,0.2,21.9,0,0,0,2.4,18.06,9000,1800,800
"45",192,"112","112_ 192","S",0,"IDFdk3",1,0.8,17.1,8,0.2,21.9,0,0,0,2.4,18.06,9000,1800,800
"46",278,"112","112_ 278","S",2000,"IDFdk3",1,0.8,17.1,8,0.2,21.9,0,0,0,2.4,18.06,9000,1800,800
"47",29,"112","112_ 29","S",3000,"IDFdk3",1,0.8,17.1,8,0.2,21.9,0,0,0,2.4,18.06,9000,1800,800
"48",388,"112","112_ 388","S",0,"IDFdk3",1,0.8,17.1,8,0.2,21.9,0,0,0,2.4,18.06,9000,1800,800
"49",421,"112","112_ 421","S",4000,"IDFdk3",8,0.7,21.9,1,0.2,17.1,7,0.1,20.2,6.5,20.77,9000,1800,800
"50",14,"113","113_ 14","S",1000,"IDFdk3",1,0.8,17.1,8,0.2,21.9,0,0,0,2.4,18.06,8000,4000,3000
"51",347,"113","113_ 347","S",7000,"IDFdk3",1,0.8,17.1,8,0.2,21.9,0,0,0,2.4,18.06,8000,4000,3000
"52",179,"114","114_ 179","S",0,"IDFdk3",0,0,0,0,0,0,0,0,0,NA,NA,0,0,0
"53",300,"114","114_ 300","S",0,"IDFdk3",0,0,0,0,0,0,0,0,0,NA,NA,0,0,0
"54",337,"114","114_ 337","S",0,"IDFdk3",0,0,0,0,0,0,0,0,0,NA,NA,0,0,0
"55",366,"114","114_ 366","S",0,"IDFdk3",0,0,0,0,0,0,0,0,0,NA,NA,0,0,0
"56",488,"114","114_ 488","S",0,"IDFdk3",0,0,0,0,0,0,0,0,0,NA,NA,0,0,0
"57",54,"114","114_ 54","S",0,"IDFdk3",0,0,0,0,0,0,0,0,0,NA,NA,0,0,0
"58",56,"114","114_ 56","S",0,"IDFdk3",0,0,0,0,0,0,0,0,0,NA,NA,0,0,0
"59",98,"114","114_ 98","S",0,"IDFdk3",0,0,0,0,0,0,0,0,0,NA,NA,0,0,0
"60",101,"115","115_ 101","S",7000,"IDFdk3",1,0.8,17.1,8,0.2,21.9,0,0,0,2.4,18.06,60000,5000,2549.50975679639
"61",116,"115","115_ 116","S",0,"IDFdk3",5,0.7,15,8,0.2,21.9,1,0.1,17.1,5.2,16.59,60000,5000,2549.50975679639
"62",132,"115","115_ 132","S",0,"IDFdk3",5,0.5,15,1,0.4,17.1,8,0.1,21.9,3.7,16.53,60000,5000,2549.50975679639
"63",152,"115","115_ 152","N",5000,"IDFdk3",5,0.5,15,1,0.4,17.1,8,0.1,21.9,3.7,16.53,60000,5000,2549.50975679639
"64",231,"115","115_ 231","S",0,"IDFdk3",5,0.5,15,1,0.4,17.1,8,0.1,21.9,3.7,16.53,60000,5000,2549.50975679639
"65",251,"115","115_ 251","S",1000,"IDFdk3",5,0.5,15,1,0.4,17.1,8,0.1,21.9,3.7,16.53,60000,5000,2549.50975679639
"66",270,"115","115_ 270","S",0,"IDFdk3",5,0.5,15,1,0.4,17.1,8,0.1,21.9,3.7,16.53,60000,5000,2549.50975679639
"67",290,"115","115_ 290","S",1000,"IDFdk3",5,0.5,15,1,0.4,17.1,8,0.1,21.9,3.7,16.53,60000,5000,2549.50975679639
"68",315,"115","115_ 315","S",32000,"IDFdk3",5,0.5,15,1,0.4,17.1,8,0.1,21.9,3.7,16.53,60000,5000,2549.50975679639
"69",353,"115","115_ 353","S",0,"IDFdk3",5,0.5,15,1,0.4,17.1,8,0.1,21.9,3.7,16.53,60000,5000,2549.50975679639
"70",36,"115","115_ 36","N",1000,"IDFdk3",5,0.5,15,1,0.4,17.1,8,0.1,21.9,3.7,16.53,60000,5000,2549.50975679639
"71",419,"115","115_ 419","S",4000,"IDFdk3",5,0.5,15,1,0.4,17.1,8,0.1,21.9,3.7,16.53,60000,5000,2549.50975679639
"72",461,"115","115_ 461","N",1000,"IDFdk3",5,0.5,15,1,0.4,17.1,8,0.1,21.9,3.7,16.53,60000,5000,2549.50975679639
"73",525,"115","115_ 525","S",0,"IDFdk3",5,0.5,15,1,0.4,17.1,8,0.1,21.9,3.7,16.53,60000,5000,2549.50975679639
"74",564,"115","115_ 564","N",2000,"IDFdk3",1,0.8,17.1,8,0.2,21.9,0,0,0,2.4,18.06,60000,5000,2549.50975679639
"75",86,"115","115_ 86","S",6000,"IDFdk3",1,0.8,17.1,8,0.2,21.9,0,0,0,2.4,18.06,60000,5000,2549.50975679639
"76",521,"117","117_ 521","S",0,"IDFdk3",1,0.8,17.1,8,0.2,21.9,0,0,0,2.4,18.06,0,0,NA
"77",202,"118","118_ 202","N",0,"IDFdk3",5,0.5,15,1,0.4,17.1,8,0.1,21.9,3.7,16.53,6000,2000,1527.52523165195
"78",259,"118","118_ 259","N",0,"IDFdk3",5,0.5,15,1,0.4,17.1,8,0.1,21.9,3.7,16.53,6000,2000,1527.52523165195
"79",294,"118","118_ 294","N",1000,"IDFdk3",5,0.5,15,1,0.4,17.1,8,0.1,21.9,3.7,16.53,6000,2000,1527.52523165195
"80",303,"118","118_ 303","S",0,"IDFdk3",5,0.5,15,1,0.4,17.1,8,0.1,21.9,3.7,16.53,6000,2000,1527.52523165195
"81",517,"118","118_ 517","N",5000,"IDFdk3",5,0.7,15,8,0.2,21.9,1,0.1,17.1,5.2,16.59,6000,2000,1527.52523165195
"82",217,"119","119_ 217","S",0,"IDFdk3",0,0,0,0,0,0,0,0,0,NA,NA,1000,250,250
"83",218,"119","119_ 218","S",1000,"IDFdk3",1,0.7,17.1,4,0.3,12,0,0,0,1.9,15.57,1000,250,250
"84",480,"119","119_ 480","S",0,"IDFdk3",0,0,0,0,0,0,0,0,0,NA,NA,1000,250,250
"85",57,"119","119_ 57","S",0,"IDFdk3",0,0,0,0,0,0,0,0,0,NA,NA,1000,250,250
"86",382,"12","12_ 382","S",0,"IDFdk3",1,0.6,17.1,4,0.4,12,0,0,0,2.2,15.06,0,0,NA
"87",82,"121","121_ 82","N",0,"IDFxm",2,0.6,12,4,0.3,14.8,0.1,0,16.4,2.4,11.64,0,0,NA
"88",175,"122","122_ 175","N",0,"IDFxm",2,0.6,12,4,0.3,14.8,0.1,0,16.4,2.4,11.64,0,0,0
"89",207,"122","122_ 207","N",0,"IDFxm",2,0.6,12,4,0.3,14.8,0.1,0,16.4,2.4,11.64,0,0,0
"90",46,"122","122_ 46","N",0,"IDFxm",2,0.6,12,4,0.3,14.8,0.1,0,16.4,2.4,11.64,0,0,0
"91",90,"122","122_ 90","N",0,"IDFxm",2,0.6,12,4,0.3,14.8,0.1,0,16.4,2.4,11.64,0,0,0
"92",135,"123","123_ 135","S",2000,"IDFdk3",1,0.6,17.1,2,0.2,12,4,0.2,12,1.8,15.06,4000,1333.33333333333,666.666666666667
"93",302,"123","123_ 302","S",0,"IDFdk3",1,1,17.1,0,0,0,0,0,0,1,17.1,4000,1333.33333333333,666.666666666667
"94",571,"123","123_ 571","S",2000,"IDFdk3",1,1,17.1,0,0,0,0,0,0,1,17.1,4000,1333.33333333333,666.666666666667
"95",244,"124","124_ 244","N",0,"IDFdk3",5,0.7,15,8,0.2,21.9,1,0.1,17.1,5.2,16.59,1000,500,500
"96",556,"124","124_ 556","N",1000,"IDFdk3",5,0.7,15,8,0.2,21.9,1,0.1,17.1,5.2,16.59,1000,500,500
"97",387,"125","125_ 387","S",0,"IDFdk3",1,0.7,17.1,4,0.3,12,0,0,0,1.9,15.57,8000,4000,4000
"98",49,"125","125_ 49","S",8000,"IDFdk3",1,0.7,17.1,4,0.3,12,0,0,0,1.9,15.57,8000,4000,4000
"99",25,"126","126_ 25","S",0,"IDFdk3",1,0.7,17.1,4,0.3,12,0,0,0,1.9,15.57,0,0,0
"100",279,"126","126_ 279","S",0,"IDFdk3",1,0.7,17.1,4,0.3,12,0,0,0,1.9,15.57,0,0,0
"101",94,"126","126_ 94","S",0,"IDFdk3",1,0.7,17.1,4,0.3,12,0,0,0,1.9,15.57,0,0,0
"102",193,"127","127_ 193","S",0,"IDFdk3",1,0.7,17.1,4,0.3,12,0,0,0,1.9,15.57,0,0,0
"103",76,"127","127_ 76","S",0,"IDFdk3",1,0.7,17.1,4,0.3,12,0,0,0,1.9,15.57,0,0,0
"104",140,"129","129_ 140","N",0,"IDFxm",2,0.5,12,4,0.5,14.8,0,0,0,3,13.4,0,0,NA
"105",109,"13","13_ 109","S",2000,"IDFdk3",1,0.6,17.1,4,0.4,12,0,0,0,2.2,15.06,3000,1000,577.350269189626
"106",531,"13","13_ 531","S",0,"IDFdk3",1,0.6,17.1,4,0.4,12,0,0,0,2.2,15.06,3000,1000,577.350269189626
"107",77,"13","13_ 77","S",1000,"IDFdk3",1,0.6,17.1,4,0.4,12,0,0,0,2.2,15.06,3000,1000,577.350269189626
"108",15,"131","131_ 15","S",0,"IDFdk3",1,0.9,17.1,4,0.1,12,0,0,0,1.3,16.59,0,0,NA
"109",158,"132","132_ 158","S",0,"IDFdk3",1,0.9,17.1,4,0.1,12,0,0,0,1.3,16.59,0,0,NA
"110",275,"133","133_ 275","S",0,"IDFdk3",1,0.9,17.1,4,0.1,12,0,0,0,1.3,16.59,2000,666.666666666667,333.333333333333
"111",343,"133","133_ 343","S",1000,"IDFdk3",1,0.9,17.1,4,0.1,12,0,0,0,1.3,16.59,2000,666.666666666667,333.333333333333
"112",576,"133","133_ 576","S",1000,"IDFdk3",1,0.9,17.1,4,0.1,12,0,0,0,1.3,16.59,2000,666.666666666667,333.333333333333
"113",260,"134","134_ 260","S",0,"IDFdk3",1,0.9,17.1,4,0.1,12,0,0,0,1.3,16.59,3000,428.571428571429,428.571428571428
"114",334,"134","134_ 334","S",0,"IDFdk3",1,0.9,17.1,4,0.1,12,0,0,0,1.3,16.59,3000,428.571428571429,428.571428571428
"115",376,"134","134_ 376","S",0,"IDFdk3",1,0.9,17.1,4,0.1,12,0,0,0,1.3,16.59,3000,428.571428571429,428.571428571428
"116",380,"134","134_ 380","S",0,"IDFdk3",1,0.9,17.1,4,0.1,12,0,0,0,1.3,16.59,3000,428.571428571429,428.571428571428
"117",430,"134","134_ 430","S",0,"IDFdk3",1,0.9,17.1,4,0.1,12,0,0,0,1.3,16.59,3000,428.571428571429,428.571428571428
"118",534,"134","134_ 534","S",0,"IDFdk3",1,0.9,17.1,4,0.1,12,0,0,0,1.3,16.59,3000,428.571428571429,428.571428571428
"119",87,"134","134_ 87","S",3000,"IDFdk3",1,0.9,17.1,4,0.1,12,0,0,0,1.3,16.59,3000,428.571428571429,428.571428571428
"120",214,"135","135_ 214","S",0,"IDFdk3",1,0.9,17.1,4,0.1,12,0,0,0,1.3,16.59,0,0,NA
"121",342,"136","136_ 342","S",0,"IDFdk3",1,0.9,17.1,4,0.1,12,0,0,0,1.3,16.59,0,0,0
"122",520,"136","136_ 520","S",0,"IDFdk3",1,0.9,17.1,4,0.1,12,0,0,0,1.3,16.59,0,0,0
"123",174,"137","137_ 174","S",0,"IDFdk3",1,0.9,17.1,4,0.1,12,0,0,0,1.3,16.59,0,0,NA
"124",120,"138","138_ 120","S",0,"IDFdk3",1,0.9,17.1,4,0.1,12,0,0,0,1.3,16.59,0,0,0
"125",70,"138","138_ 70","S",0,"IDFdk3",1,0.9,17.1,4,0.1,12,0,0,0,1.3,16.59,0,0,0
"126",92,"138","138_ 92","S",0,"IDFdk3",1,0.9,17.1,4,0.1,12,0,0,0,1.3,16.59,0,0,0
"127",105,"139","139_ 105","S",0,"IDFdk3",1,0.9,17.1,4,0.1,12,0,0,0,1.3,16.59,0,0,0
"128",495,"139","139_ 495","S",0,"IDFdk3",1,0.9,17.1,4,0.1,12,0,0,0,1.3,16.59,0,0,0
"129",331,"14","14_ 331","S",0,"IDFxm",1,0.8,16.4,3,0.1,13,0.1,0,14.8,1.1,14.42,0,0,NA
"130",405,"140","140_ 405","S",1000,"IDFdk3",1,0.9,17.1,4,0.1,12,0,0,0,1.3,16.59,1000,1000,NA
"131",35,"141","141_ 35","S",5000,"IDFdk3",1,0.9,17.1,4,0.1,12,0,0,0,1.3,16.59,5000,5000,NA
"132",427,"142","142_ 427","S",0,"IDFdk3",1,0.9,17.1,4,0.1,12,0,0,0,1.3,16.59,0,0,0
"133",447,"142","142_ 447","S",0,"IDFdk3",8,1,21.9,0,0,0,0,0,0,8,21.9,0,0,0
"134",156,"143","143_ 156","S",0,"IDFdk3",1,0.9,17.1,4,0.1,12,0,0,0,1.3,16.59,0,0,NA
"135",112,"144","144_ 112","S",0,"IDFdk3",1,0.9,17.1,4,0.1,12,0,0,0,1.3,16.59,0,0,0
"136",358,"144","144_ 358","S",0,"IDFdk3",1,0.9,17.1,4,0.1,12,0,0,0,1.3,16.59,0,0,0
"137",546,"145","145_ 546","S",0,"IDFdk3",1,0.9,17.1,4,0.1,12,0,0,0,1.3,16.59,0,0,NA
"138",255,"147","147_ 255","S",0,"IDFdk3",8,0.5,21.9,4,0.3,12,5,0.2,15,6.2,17.55,0,0,NA
"139",187,"148","148_ 187","S",0,"IDFdk3",8,0.8,21.9,5,0.2,15,0,0,0,7.4,20.52,0,0,0
"140",346,"148","148_ 346","S",0,"IDFdk3",1,0.9,17.1,4,0.1,12,0,0,0,1.3,16.59,0,0,0
"141",352,"148","148_ 352","S",0,"IDFdk3",1,0.9,17.1,4,0.1,12,0,0,0,1.3,16.59,0,0,0
"142",102,"149","149_ 102","S",0,"IDFdk3",1,0.6,17.1,4,0.4,12,0,0,0,2.2,15.06,0,0,0
"143",249,"149","149_ 249","S",0,"IDFdk3",1,0.6,17.1,4,0.4,12,0,0,0,2.2,15.06,0,0,0
"144",289,"149","149_ 289","S",0,"IDFdk3",1,0.6,17.1,4,0.4,12,0,0,0,2.2,15.06,0,0,0
"145",83,"149","149_ 83","S",0,"IDFdk3",1,0.6,17.1,4,0.4,12,0,0,0,2.2,15.06,0,0,0
"146",145,"150","150_ 145","S",1000,"IDFdk3",1,0.6,17.1,4,0.4,12,0,0,0,2.2,15.06,1000,500,500
"147",544,"150","150_ 544","S",0,"IDFdk3",1,0.6,17.1,4,0.4,12,0,0,0,2.2,15.06,1000,500,500
"148",149,"151","151_ 149","S",0,"IDFdk3",8,0.8,21.9,5,0.2,15,0,0,0,7.4,20.52,0,0,0
"149",338,"151","151_ 338","S",0,"IDFdk3",8,0.5,21.9,4,0.3,12,5,0.2,15,6.2,17.55,0,0,0
"150",350,"151","151_ 350","S",0,"IDFdk3",8,0.5,21.9,4,0.3,12,5,0.2,15,6.2,17.55,0,0,0
"151",499,"151","151_ 499","S",0,"IDFdk3",8,0.5,21.9,4,0.3,12,5,0.2,15,6.2,17.55,0,0,0
"152",566,"151","151_ 566","S",0,"IDFdk3",8,0.5,21.9,4,0.3,12,5,0.2,15,6.2,17.55,0,0,0
"153",490,"154","154_ 490","S",1000,"IDFdk3",8,0.8,21.9,1,0.2,17.1,0,0,0,6.6,20.94,1000,1000,NA
"154",104,"155","155_ 104","S",10000,"IDFdk3",5,0.7,15,8,0.2,21.9,1,0.1,17.1,5.2,16.59,55000,3928.57142857143,1427.60956629723
"155",108,"155","155_ 108","N",3000,"IDFdk3",8,0.8,21.9,1,0.2,17.1,0,0,0,6.6,20.94,55000,3928.57142857143,1427.60956629723
"156",143,"155","155_ 143","S",6000,"IDFdk3",8,0.8,21.9,1,0.2,17.1,0,0,0,6.6,20.94,55000,3928.57142857143,1427.60956629723
"157",181,"155","155_ 181","N",17000,"IDFdk3",8,0.8,21.9,1,0.2,17.1,0,0,0,6.6,20.94,55000,3928.57142857143,1427.60956629723
"158",299,"155","155_ 299","N",0,"IDFdk3",8,0.8,21.9,1,0.2,17.1,0,0,0,6.6,20.94,55000,3928.57142857143,1427.60956629723
"159",369,"155","155_ 369","N",4000,"IDFdk3",8,0.8,21.9,1,0.2,17.1,0,0,0,6.6,20.94,55000,3928.57142857143,1427.60956629723
"160",440,"155","155_ 440","S",0,"IDFdk3",1,0.8,17.1,8,0.2,21.9,0,0,0,2.4,18.06,55000,3928.57142857143,1427.60956629723
"161",444,"155","155_ 444","S",0,"IDFdk3",8,0.8,21.9,1,0.2,17.1,0,0,0,6.6,20.94,55000,3928.57142857143,1427.60956629723
"162",446,"155","155_ 446","N",0,"IDFdk3",8,0.8,21.9,1,0.2,17.1,0,0,0,6.6,20.94,55000,3928.57142857143,1427.60956629723
"163",451,"155","155_ 451","N",0,"IDFdk3",8,0.8,21.9,1,0.2,17.1,0,0,0,6.6,20.94,55000,3928.57142857143,1427.60956629723
"164",471,"155","155_ 471","N",4000,"IDFdk3",8,0.8,21.9,1,0.2,17.1,0,0,0,6.6,20.94,55000,3928.57142857143,1427.60956629723
"165",528,"155","155_ 528","N",0,"IDFdk3",5,0.7,15,8,0.2,21.9,1,0.1,17.1,5.2,16.59,55000,3928.57142857143,1427.60956629723
"166",545,"155","155_ 545","N",0,"IDFdk3",8,0.8,21.9,1,0.2,17.1,0,0,0,6.6,20.94,55000,3928.57142857143,1427.60956629723
"167",63,"155","155_ 63","N",11000,"IDFdk3",8,0.8,21.9,1,0.2,17.1,0,0,0,6.6,20.94,55000,3928.57142857143,1427.60956629723
"168",354,"156","156_ 354","N",3000,"IDFdk3",8,0.8,21.9,1,0.2,17.1,0,0,0,6.6,20.94,3000,1500,1500
"169",554,"156","156_ 554","S",0,"IDFdk3",8,0.8,21.9,1,0.2,17.1,0,0,0,6.6,20.94,3000,1500,1500
"170",485,"157","157_ 485","S",26000,"IDFdk3",1,0.8,17.1,8,0.2,21.9,0,0,0,2.4,18.06,71000,35500,9500
"171",518,"157","157_ 518","S",45000,"IDFdk3",1,0.8,17.1,8,0.2,21.9,0,0,0,2.4,18.06,71000,35500,9500
"172",115,"160","160_ 115","N",0,"IDFdk3",1,0.8,17.1,8,0.2,21.9,0,0,0,2.4,18.06,0,0,0
"173",197,"160","160_ 197","N",0,"IDFdk3",1,0.8,17.1,8,0.2,21.9,0,0,0,2.4,18.06,0,0,0
"174",373,"160","160_ 373","N",0,"IDFdk3",1,0.8,17.1,8,0.2,21.9,0,0,0,2.4,18.06,0,0,0
"175",543,"161","161_ 543","S",34000,"IDFdk3",8,1,21.9,0,0,0,0,0,0,8,21.9,34000,34000,NA
"176",229,"162","162_ 229","S",0,"IDFdk3",1,1,17.1,0,0,0,0,0,0,1,17.1,6000,3000,3000
"177",95,"162","162_ 95","S",6000,"IDFdk3",1,1,17.1,0,0,0,0,0,0,1,17.1,6000,3000,3000
"178",295,"163","163_ 295","N",2000,"IDFdk3",1,0.8,17.1,8,0.2,21.9,0,0,0,2.4,18.06,2000,2000,NA
"179",85,"165","165_ 85","N",0,"IDFdk3",10,1,0,0,0,0,0,0,0,10,NA,0,0,NA
"180",122,"167","167_ 122","N",0,"IDFdk3",5,1,15,0,0,0,0,0,0,5,15,0,0,0
"181",396,"167","167_ 396","N",0,"IDFdk3",5,1,15,0,0,0,0,0,0,5,15,0,0,0
"182",464,"167","167_ 464","N",0,"IDFdk3",5,1,15,0,0,0,0,0,0,5,15,0,0,0
"183",301,"169","169_ 301","N",0,"IDFdk3",8,1,21.9,0,0,0,0,0,0,8,21.9,0,0,0
"184",309,"169","169_ 309","N",0,"IDFdk3",8,1,21.9,0,0,0,0,0,0,8,21.9,0,0,0
"185",147,"17","17_ 147","S",1000,"IDFdk3",1,0.6,17.1,4,0.4,12,0,0,0,2.2,15.06,2000,285.714285714286,184.427778390829
"186",203,"17","17_ 203","S",0,"IDFdk3",1,0.6,17.1,4,0.4,12,0,0,0,2.2,15.06,2000,285.714285714286,184.427778390829
"187",280,"17","17_ 280","S",0,"IDFdk3",1,0.6,17.1,4,0.4,12,0,0,0,2.2,15.06,2000,285.714285714286,184.427778390829
"188",37,"17","17_ 37","S",0,"IDFdk3",1,0.6,17.1,4,0.4,12,0,0,0,2.2,15.06,2000,285.714285714286,184.427778390829
"189",498,"17","17_ 498","S",1000,"IDFdk3",1,0.6,17.1,4,0.4,12,0,0,0,2.2,15.06,2000,285.714285714286,184.427778390829
"190",541,"17","17_ 541","S",0,"IDFdk3",1,0.6,17.1,4,0.4,12,0,0,0,2.2,15.06,2000,285.714285714286,184.427778390829
"191",581,"17","17_ 581","S",0,"IDFdk3",1,0.6,17.1,4,0.4,12,0,0,0,2.2,15.06,2000,285.714285714286,184.427778390829
"192",242,"170","170_ 242","N",0,"IDFdk3",5,1,15,0,0,0,0,0,0,5,15,0,0,0
"193",332,"170","170_ 332","N",0,"IDFdk3",5,1,15,0,0,0,0,0,0,5,15,0,0,0
"194",465,"170","170_ 465","N",0,"IDFdk3",5,1,15,0,0,0,0,0,0,5,15,0,0,0
"195",513,"170","170_ 513","N",0,"IDFdk3",5,1,15,0,0,0,0,0,0,5,15,0,0,0
"196",67,"170","170_ 67","N",0,"IDFdk3",5,1,15,0,0,0,0,0,0,5,15,0,0,0
"197",587,"171","171_ 587","S",0,"",NA,NA,NA,NA,NA,NA,NA,NA,NA,NA,NA,0,0,NA
"198",13,"172","172_ 13","N",0,"IDFdk3",9,1,0,0,0,0,0,0,0,9,NA,0,0,0
"199",268,"172","172_ 268","N",0,"IDFdk3",0,0,0,0,0,0,0,0,0,NA,NA,0,0,0
"200",326,"172","172_ 326","N",0,"IDFdk3",0,0,0,0,0,0,0,0,0,NA,NA,0,0,0
"201",410,"172","172_ 410","N",0,"IDFdk3",9,1,0,0,0,0,0,0,0,9,NA,0,0,0
"202",582,"172","172_ 582","N",0,"IDFdk3",9,1,0,0,0,0,0,0,0,9,NA,0,0,0
"203",216,"173","173_ 216","N",0,"",NA,NA,NA,NA,NA,NA,NA,NA,NA,NA,NA,10000,2500,957.427107756338
"204",263,"173","173_ 263","N",1000,"IDFdk3",7,0.8,20.2,5,0.1,15,8,0.1,21.9,6.9,19.85,10000,2500,957.427107756338
"205",296,"173","173_ 296","N",3000,"IDFdk3",7,0.8,20.2,5,0.1,15,8,0.1,21.9,6.9,19.85,10000,2500,957.427107756338
"206",51,"173","173_ 51","N",0,"IDFdk3",7,0.8,20.2,5,0.1,15,8,0.1,21.9,6.9,19.85,10000,2500,957.427107756338
"207",65,"173","173_ 65","N",1000,"",NA,NA,NA,NA,NA,NA,NA,NA,NA,NA,NA,10000,2500,957.427107756338
"208",68,"173","173_ 68","N",5000,"IDFdk3",5,0.8,15,8,0.2,21.9,0,0,0,5.6,16.38,10000,2500,957.427107756338
"209",201,"174","174_ 201","N",5000,"IDFdk3",5,0.8,15,8,0.2,21.9,0,0,0,5.6,16.38,8000,1600,927.36184954957
"210",27,"174","174_ 27","N",0,"IDFdk3",5,0.8,15,8,0.2,21.9,0,0,0,5.6,16.38,8000,1600,927.36184954957
"211",285,"174","174_ 285","N",2000,"IDFdk3",5,0.8,15,8,0.2,21.9,0,0,0,5.6,16.38,8000,1600,927.36184954957
"212",291,"174","174_ 291","N",1000,"IDFdk3",5,0.8,15,8,0.2,21.9,0,0,0,5.6,16.38,8000,1600,927.36184954957
"213",328,"174","174_ 328","N",0,"IDFdk3",5,0.8,15,8,0.2,21.9,0,0,0,5.6,16.38,8000,1600,927.36184954957
"214",162,"175","175_ 162","S",1000,"IDFdk3",1,1,17.1,0,0,0,0,0,0,1,17.1,36000,2769.23076923077,1172.07817929635
"215",200,"175","175_ 200","S",2000,"IDFdk3",1,1,17.1,0,0,0,0,0,0,1,17.1,36000,2769.23076923077,1172.07817929635
"216",21,"175","175_ 21","S",0,"IDFdk3",1,1,17.1,0,0,0,0,0,0,1,17.1,36000,2769.23076923077,1172.07817929635
"217",210,"175","175_ 210","S",0,"IDFdk3",1,1,17.1,0,0,0,0,0,0,1,17.1,36000,2769.23076923077,1172.07817929635
"218",227,"175","175_ 227","S",11000,"IDFdk3",1,1,17.1,0,0,0,0,0,0,1,17.1,36000,2769.23076923077,1172.07817929635
"219",31,"175","175_ 31","S",2000,"IDFdk3",1,1,17.1,0,0,0,0,0,0,1,17.1,36000,2769.23076923077,1172.07817929635
"220",341,"175","175_ 341","S",1000,"IDFdk3",1,1,17.1,0,0,0,0,0,0,1,17.1,36000,2769.23076923077,1172.07817929635
"221",381,"175","175_ 381","S",13000,"IDFdk3",1,1,17.1,0,0,0,0,0,0,1,17.1,36000,2769.23076923077,1172.07817929635
"222",431,"175","175_ 431","S",0,"IDFdk3",1,1,17.1,0,0,0,0,0,0,1,17.1,36000,2769.23076923077,1172.07817929635
"223",433,"175","175_ 433","S",2000,"IDFdk3",1,1,17.1,0,0,0,0,0,0,1,17.1,36000,2769.23076923077,1172.07817929635
"224",443,"175","175_ 443","S",3000,"IDFdk3",1,1,17.1,0,0,0,0,0,0,1,17.1,36000,2769.23076923077,1172.07817929635
"225",449,"175","175_ 449","S",0,"IDFdk3",1,1,17.1,0,0,0,0,0,0,1,17.1,36000,2769.23076923077,1172.07817929635
"226",45,"175","175_ 45","S",1000,"IDFdk3",1,1,17.1,0,0,0,0,0,0,1,17.1,36000,2769.23076923077,1172.07817929635
"227",457,"175","175_ 457","S",0,"IDFdk3",1,1,17.1,0,0,0,0,0,0,1,17.1,36000,2769.23076923077,1172.07817929635
"228",497,"175","175_ 497","S",0,"IDFdk3",1,1,17.1,0,0,0,0,0,0,1,17.1,36000,2769.23076923077,1172.07817929635
"229",500,"175","175_ 500","S",0,"IDFdk3",1,1,17.1,0,0,0,0,0,0,1,17.1,36000,2769.23076923077,1172.07817929635
"230",125,"176","176_ 125","S",12000,"IDFdk3",1,1,17.1,0,0,0,0,0,0,1,17.1,25000,5000,2280.35085019828
"231",161,"176","176_ 161","S",0,"IDFdk3",1,1,17.1,0,0,0,0,0,0,1,17.1,25000,5000,2280.35085019828
"232",228,"176","176_ 228","S",6000,"IDFdk3",1,1,17.1,0,0,0,0,0,0,1,17.1,25000,5000,2280.35085019828
"233",26,"176","176_ 26","S",7000,"IDFdk3",1,1,17.1,0,0,0,0,0,0,1,17.1,25000,5000,2280.35085019828
"234",262,"176","176_ 262","S",0,"IDFdk3",1,1,17.1,0,0,0,0,0,0,1,17.1,25000,5000,2280.35085019828
"235",195,"177","177_ 195","S",5000,"IDFdk3",1,1,17.1,0,0,0,0,0,0,1,17.1,7000,2333.33333333333,1452.96631451356
"236",226,"177","177_ 226","S",0,"IDFdk3",1,1,17.1,0,0,0,0,0,0,1,17.1,7000,2333.33333333333,1452.96631451356
"237",505,"177","177_ 505","S",2000,"IDFdk3",1,1,17.1,0,0,0,0,0,0,1,17.1,7000,2333.33333333333,1452.96631451356
"238",153,"178","178_ 153","N",1000,"IDFdk3",1,1,17.1,0,0,0,0,0,0,1,17.1,11000,5500,4500
"239",320,"178","178_ 320","S",10000,"IDFdk3",1,1,17.1,0,0,0,0,0,0,1,17.1,11000,5500,4500
"240",555,"179","179_ 555","N",0,"IDFdk3",7,0.8,20.2,5,0.1,15,8,0.1,21.9,6.9,19.85,0,0,NA
"241",113,"180","180_ 113","S",25000,"IDFdk3",1,1,17.1,0,0,0,0,0,0,1,17.1,62000,20666.6666666667,6984.10894658565
"242",264,"180","180_ 264","S",30000,"IDFdk3",1,1,17.1,0,0,0,0,0,0,1,17.1,62000,20666.6666666667,6984.10894658565
"243",311,"180","180_ 311","S",7000,"IDFdk3",1,0.8,17.1,8,0.2,21.9,0,0,0,2.4,18.06,62000,20666.6666666667,6984.10894658565
"244",368,"182","182_ 368","N",0,"IDFdk3",7,0.8,20.2,5,0.1,15,8,0.1,21.9,6.9,19.85,0,0,NA
"245",363,"183","183_ 363","S",2000,"IDFdk3",1,1,17.1,0,0,0,0,0,0,1,17.1,2000,2000,NA
"246",306,"184","184_ 306","S",3000,"IDFdk3",1,1,17.1,0,0,0,0,0,0,1,17.1,3000,3000,NA
"247",117,"185","185_ 117","S",0,"IDFdk3",1,0.8,17.1,8,0.2,21.9,0,0,0,2.4,18.06,54000,6750,1687.66533581581
"248",142,"185","185_ 142","S",10000,"IDFdk3",1,0.6,17.1,8,0.4,21.9,0,0,0,3.8,19.02,54000,6750,1687.66533581581
"249",178,"185","185_ 178","S",2000,"IDFdk3",1,0.6,17.1,8,0.4,21.9,0,0,0,3.8,19.02,54000,6750,1687.66533581581
"250",190,"185","185_ 190","S",0,"IDFdk3",1,1,17.1,0,0,0,0,0,0,1,17.1,54000,6750,1687.66533581581
"251",277,"185","185_ 277","S",13000,"IDFdk3",1,1,17.1,0,0,0,0,0,0,1,17.1,54000,6750,1687.66533581581
"252",297,"185","185_ 297","S",1000,"IDFdk3",1,1,17.1,0,0,0,0,0,0,1,17.1,54000,6750,1687.66533581581
"253",351,"185","185_ 351","S",11000,"IDFdk3",1,0.6,17.1,8,0.4,21.9,0,0,0,3.8,19.02,54000,6750,1687.66533581581
"254",515,"185","185_ 515","S",2000,"IDFdk3",1,1,17.1,0,0,0,0,0,0,1,17.1,54000,6750,1687.66533581581
"255",526,"185","185_ 526","S",0,"IDFdk3",1,0.6,17.1,8,0.4,21.9,0,0,0,3.8,19.02,54000,6750,1687.66533581581
"256",577,"185","185_ 577","N",10000,"IDFdk3",1,0.8,17.1,8,0.2,21.9,0,0,0,2.4,18.06,54000,6750,1687.66533581581
"257",66,"185","185_ 66","S",5000,"IDFdk3",1,1,17.1,0,0,0,0,0,0,1,17.1,54000,6750,1687.66533581581
"258",71,"185","185_ 71","S",0,"IDFdk3",1,1,17.1,0,0,0,0,0,0,1,17.1,54000,6750,1687.66533581581
"259",414,"187","187_ 414","N",0,"IDFdk3",7,0.8,20.2,5,0.1,15,8,0.1,21.9,6.9,19.85,1000,1000,NA
"260",463,"187","187_ 463","N",1000,"IDFdk3",5,0.8,15,8,0.2,21.9,0,0,0,5.6,16.38,1000,1000,NA
"261",466,"187","187_ 466","N",0,"IDFdk3",7,0.8,20.2,5,0.1,15,8,0.1,21.9,6.9,19.85,1000,1000,NA
"262",121,"188","188_ 121","N",0,"IDFdk3",1,1,17.1,0,0,0,0,0,0,1,17.1,1000,500,500
"263",146,"188","188_ 146","N",1000,"IDFdk3",1,1,17.1,0,0,0,0,0,0,1,17.1,1000,500,500
"264",250,"189","189_ 250","N",10000,"IDFdk3",1,0.8,17.1,8,0.2,21.9,0,0,0,2.4,18.06,52000,17333.3333333333,3844.18753155693
"265",284,"189","189_ 284","N",19000,"IDFdk3",1,0.8,17.1,8,0.2,21.9,0,0,0,2.4,18.06,52000,17333.3333333333,3844.18753155693
"266",557,"189","189_ 557","N",23000,"IDFdk3",1,0.8,17.1,8,0.2,21.9,0,0,0,2.4,18.06,52000,17333.3333333333,3844.18753155693
"267",336,"19","19_ 336","S",0,"IDFdk3",1,0.6,17.1,4,0.4,12,0,0,0,2.2,15.06,0,0,NA
"268",165,"192","192_ 165","S",57000,"IDFdk3",1,1,17.1,0,0,0,0,0,0,1,17.1,57000,57000,NA
"269",215,"193","193_ 215","S",4000,"IDFdk3",1,0.6,17.1,8,0.4,21.9,0,0,0,3.8,19.02,13000,6500,2500
"270",28,"193","193_ 28","S",9000,"IDFdk3",1,0.6,17.1,8,0.4,21.9,0,0,0,3.8,19.02,13000,6500,2500
"271",310,"194","194_ 310","S",1000,"IDFdk3",1,1,17.1,0,0,0,0,0,0,1,17.1,3000,1500,500
"272",365,"194","194_ 365","S",0,"IDFdk3",1,1,17.1,0,0,0,0,0,0,1,17.1,3000,1500,500
"273",536,"194","194_ 536","S",2000,"IDFdk3",1,1,17.1,0,0,0,0,0,0,1,17.1,3000,1500,500
"274",177,"196","196_ 177","S",0,"IDFdk3",1,1,17.1,0,0,0,0,0,0,1,17.1,22000,3142.85714285714,1518.59225896209
"275",248,"196","196_ 248","S",0,"IDFdk3",8,1,21.9,0,0,0,0,0,0,8,21.9,22000,3142.85714285714,1518.59225896209
"276",286,"196","196_ 286","S",11000,"IDFdk3",8,1,21.9,0,0,0,0,0,0,8,21.9,22000,3142.85714285714,1518.59225896209
"277",313,"196","196_ 313","S",2000,"IDFdk3",8,1,21.9,0,0,0,0,0,0,8,21.9,22000,3142.85714285714,1518.59225896209
"278",424,"196","196_ 424","S",4000,"IDFdk3",8,1,21.9,0,0,0,0,0,0,8,21.9,22000,3142.85714285714,1518.59225896209
"279",445,"196","196_ 445","N",5000,"IDFdk3",8,1,21.9,0,0,0,0,0,0,8,21.9,22000,3142.85714285714,1518.59225896209
"280",552,"196","196_ 552","S",0,"IDFdk3",1,0.8,17.1,8,0.2,21.9,0,0,0,2.4,18.06,22000,3142.85714285714,1518.59225896209
"281",575,"196","196_ 575","S",0,"IDFdk3",8,1,21.9,0,0,0,0,0,0,8,21.9,22000,3142.85714285714,1518.59225896209
"282",404,"197","197_ 404","S",4000,"IDFdk3",1,1,17.1,0,0,0,0,0,0,1,17.1,4000,4000,NA
"283",171,"199","199_ 171","S",4000,"IDFdk3",1,1,17.1,0,0,0,0,0,0,1,17.1,11000,2750,1701.71482138851
"284",386,"199","199_ 386","S",0,"IDFdk3",1,1,17.1,0,0,0,0,0,0,1,17.1,11000,2750,1701.71482138851
"285",506,"199","199_ 506","S",0,"IDFdk3",1,0.8,17.1,8,0.2,21.9,0,0,0,2.4,18.06,11000,2750,1701.71482138851
"286",583,"199","199_ 583","S",7000,"IDFdk3",1,1,17.1,0,0,0,0,0,0,1,17.1,11000,2750,1701.71482138851
"287",154,"2","2_ 154","S",0,"IDFdk3",1,0.6,17.1,4,0.4,12,0,0,0,2.2,15.06,6000,545.454545454545,247.29946379519
"288",238,"2","2_ 238","S",1000,"IDFdk3",1,0.6,17.1,4,0.4,12,0,0,0,2.2,15.06,6000,545.454545454545,247.29946379519
"289",281,"2","2_ 281","S",2000,"IDFdk3",1,0.6,17.1,4,0.4,12,0,0,0,2.2,15.06,6000,545.454545454545,247.29946379519
"290",292,"2","2_ 292","S",0,"IDFdk3",1,0.6,17.1,4,0.4,12,0,0,0,2.2,15.06,6000,545.454545454545,247.29946379519
"291",317,"2","2_ 317","S",0,"IDFdk3",1,0.6,17.1,4,0.4,12,0,0,0,2.2,15.06,6000,545.454545454545,247.29946379519
"292",330,"2","2_ 330","S",1000,"IDFdk3",1,0.6,17.1,4,0.4,12,0,0,0,2.2,15.06,6000,545.454545454545,247.29946379519
"293",434,"2","2_ 434","S",0,"IDFdk3",1,0.6,17.1,4,0.4,12,0,0,0,2.2,15.06,6000,545.454545454545,247.29946379519
"294",486,"2","2_ 486","S",0,"IDFdk3",1,0.6,17.1,4,0.4,12,0,0,0,2.2,15.06,6000,545.454545454545,247.29946379519
"295",503,"2","2_ 503","S",0,"IDFdk3",1,0.6,17.1,4,0.4,12,0,0,0,2.2,15.06,6000,545.454545454545,247.29946379519
"296",522,"2","2_ 522","S",2000,"IDFdk3",1,0.6,17.1,4,0.4,12,0,0,0,2.2,15.06,6000,545.454545454545,247.29946379519
"297",59,"2","2_ 59","S",0,"IDFdk3",1,0.6,17.1,4,0.4,12,0,0,0,2.2,15.06,6000,545.454545454545,247.29946379519
"298",155,"20","20_ 155","S",0,"IDFdk3",1,0.6,17.1,4,0.4,12,0,0,0,2.2,15.06,3000,230.769230769231,121.62606385263
"299",164,"20","20_ 164","S",1000,"IDFdk3",1,0.6,17.1,4,0.4,12,0,0,0,2.2,15.06,3000,230.769230769231,121.62606385263
"300",189,"20","20_ 189","S",0,"IDFdk3",1,0.6,17.1,4,0.4,12,0,0,0,2.2,15.06,3000,230.769230769231,121.62606385263
"301",20,"20","20_ 20","S",0,"IDFdk3",1,0.6,17.1,4,0.4,12,0,0,0,2.2,15.06,3000,230.769230769231,121.62606385263
"302",235,"20","20_ 235","S",0,"IDFdk3",1,0.6,17.1,4,0.4,12,0,0,0,2.2,15.06,3000,230.769230769231,121.62606385263
"303",239,"20","20_ 239","S",0,"IDFdk3",1,0.6,17.1,4,0.4,12,0,0,0,2.2,15.06,3000,230.769230769231,121.62606385263
"304",312,"20","20_ 312","S",0,"IDFdk3",1,0.6,17.1,4,0.4,12,0,0,0,2.2,15.06,3000,230.769230769231,121.62606385263
"305",324,"20","20_ 324","S",0,"IDFdk3",1,0.6,17.1,4,0.4,12,0,0,0,2.2,15.06,3000,230.769230769231,121.62606385263
"306",428,"20","20_ 428","S",0,"IDFdk3",1,0.6,17.1,4,0.4,12,0,0,0,2.2,15.06,3000,230.769230769231,121.62606385263
"307",483,"20","20_ 483","S",1000,"IDFdk3",1,0.6,17.1,4,0.4,12,0,0,0,2.2,15.06,3000,230.769230769231,121.62606385263
"308",484,"20","20_ 484","S",1000,"IDFdk3",1,0.6,17.1,4,0.4,12,0,0,0,2.2,15.06,3000,230.769230769231,121.62606385263
"309",491,"20","20_ 491","S",0,"IDFdk3",1,0.6,17.1,4,0.4,12,0,0,0,2.2,15.06,3000,230.769230769231,121.62606385263
"310",9,"20","20_ 9","S",0,"IDFdk3",1,0.6,17.1,4,0.4,12,0,0,0,2.2,15.06,3000,230.769230769231,121.62606385263
"311",329,"200","200_ 329","S",3000,"IDFdk3",1,1,17.1,0,0,0,0,0,0,1,17.1,12000,6000,3000
"312",62,"200","200_ 62","S",9000,"IDFdk3",1,0.8,17.1,8,0.2,21.9,0,0,0,2.4,18.06,12000,6000,3000
"313",355,"201","201_ 355","S",14000,"IDFdk3",1,1,17.1,0,0,0,0,0,0,1,17.1,18000,9000,5000
"314",364,"201","201_ 364","N",4000,"IDFdk3",1,1,17.1,0,0,0,0,0,0,1,17.1,18000,9000,5000
"315",529,"201","201_ 529","S",0,"IDFdk3",1,1,17.1,0,0,0,0,0,0,1,17.1,18000,9000,5000
"316",129,"202","202_ 129","N",12000,"IDFdk3",1,1,17.1,0,0,0,0,0,0,1,17.1,93000,7750,3186.44144633305
"317",131,"202","202_ 131","N",1000,"IDFdk3",1,1,17.1,0,0,0,0,0,0,1,17.1,93000,7750,3186.44144633305
"318",168,"202","202_ 168","N",2000,"IDFdk3",1,1,17.1,0,0,0,0,0,0,1,17.1,93000,7750,3186.44144633305
"319",184,"202","202_ 184","N",2000,"IDFdk3",1,0.8,17.1,8,0.2,21.9,0,0,0,2.4,18.06,93000,7750,3186.44144633305
"320",194,"202","202_ 194","S",8000,"IDFdk3",1,0.8,17.1,8,0.2,21.9,0,0,0,2.4,18.06,93000,7750,3186.44144633305
"321",257,"202","202_ 257","S",0,"IDFdk3",1,0.8,17.1,8,0.2,21.9,0,0,0,2.4,18.06,93000,7750,3186.44144633305
"322",288,"202","202_ 288","N",14000,"IDFdk3",1,1,17.1,0,0,0,0,0,0,1,17.1,93000,7750,3186.44144633305
"323",307,"202","202_ 307","S",2000,"IDFdk3",1,0.8,17.1,8,0.2,21.9,0,0,0,2.4,18.06,93000,7750,3186.44144633305
"324",423,"202","202_ 423","N",1000,"IDFdk3",1,1,17.1,0,0,0,0,0,0,1,17.1,93000,7750,3186.44144633305
"325",437,"202","202_ 437","N",11000,"IDFdk3",1,1,17.1,0,0,0,0,0,0,1,17.1,93000,7750,3186.44144633305
"326",468,"202","202_ 468","N",1000,"IDFdk3",1,1,17.1,0,0,0,0,0,0,1,17.1,93000,7750,3186.44144633305
"327",530,"202","202_ 530","N",39000,"IDFdk3",1,1,17.1,0,0,0,0,0,0,1,17.1,93000,7750,3186.44144633305
"328",245,"203","203_ 245","N",5000,"IDFdk3",1,1,17.1,0,0,0,0,0,0,1,17.1,5000,5000,NA
"329",401,"204","204_ 401","S",9000,"IDFdk3",1,1,17.1,0,0,0,0,0,0,1,17.1,10000,5000,4000
"330",48,"204","204_ 48","S",1000,"IDFdk3",1,1,17.1,0,0,0,0,0,0,1,17.1,10000,5000,4000
"331",106,"205","205_ 106","S",1000,"IDFdk3",1,1,17.1,0,0,0,0,0,0,1,17.1,16000,2000,1210.07673900696
"332",2,"205","205_ 2","S",0,"IDFdk3",1,1,17.1,0,0,0,0,0,0,1,17.1,16000,2000,1210.07673900696
"333",211,"205","205_ 211","S",0,"IDFdk3",1,1,17.1,0,0,0,0,0,0,1,17.1,16000,2000,1210.07673900696
"334",237,"205","205_ 237","S",0,"IDFdk3",1,1,17.1,0,0,0,0,0,0,1,17.1,16000,2000,1210.07673900696
"335",472,"205","205_ 472","S",0,"IDFdk3",1,1,17.1,0,0,0,0,0,0,1,17.1,16000,2000,1210.07673900696
"336",514,"205","205_ 514","S",0,"IDFdk3",1,1,17.1,0,0,0,0,0,0,1,17.1,16000,2000,1210.07673900696
"337",584,"205","205_ 584","S",8000,"IDFdk3",1,1,17.1,0,0,0,0,0,0,1,17.1,16000,2000,1210.07673900696
"338",588,"205","205_ 588","S",7000,"IDFdk3",1,1,17.1,0,0,0,0,0,0,1,17.1,16000,2000,1210.07673900696
"339",111,"206","206_ 111","S",17000,"IDFdk3",1,0.8,17.1,8,0.2,21.9,0,0,0,2.4,18.06,35000,5833.33333333333,2427.84769795069
"340",138,"206","206_ 138","S",6000,"IDFdk3",1,1,17.1,0,0,0,0,0,0,1,17.1,35000,5833.33333333333,2427.84769795069
"341",319,"206","206_ 319","S",2000,"IDFdk3",1,1,17.1,0,0,0,0,0,0,1,17.1,35000,5833.33333333333,2427.84769795069
"342",524,"206","206_ 524","S",4000,"IDFdk3",1,1,17.1,0,0,0,0,0,0,1,17.1,35000,5833.33333333333,2427.84769795069
"343",548,"206","206_ 548","S",6000,"IDFdk3",1,1,17.1,0,0,0,0,0,0,1,17.1,35000,5833.33333333333,2427.84769795069
"344",72,"206","206_ 72","N",0,"IDFdk3",1,1,17.1,0,0,0,0,0,0,1,17.1,35000,5833.33333333333,2427.84769795069
"345",467,"208","208_ 467","S",0,"IDFdk3",1,1,17.1,0,0,0,0,0,0,1,17.1,NA,NA,NA
"346",6,"209","209_ 6","S",6000,"IDFdk3",1,1,17.1,0,0,0,0,0,0,1,17.1,6000,6000,NA
"347",304,"21","21_ 304","S",0,"IDFdk3",1,0.6,17.1,4,0.4,12,0,0,0,2.2,15.06,4000,1333.33333333333,1333.33333333333
"348",377,"21","21_ 377","S",4000,"IDFdk3",1,0.6,17.1,4,0.4,12,0,0,0,2.2,15.06,4000,1333.33333333333,1333.33333333333
"349",432,"21","21_ 432","N",0,"IDFdk3",1,0.6,17.1,4,0.4,12,0,0,0,2.2,15.06,4000,1333.33333333333,1333.33333333333
"350",323,"210","210_ 323","S",5000,"IDFdk3",0,0,0,0,0,0,0,0,0,NA,NA,33000,16500,11500
"351",450,"210","210_ 450","S",28000,"IDFdk3",1,1,17.1,0,0,0,0,0,0,1,17.1,33000,16500,11500
"352",141,"211","211_ 141","S",18000,"IDFdk3",1,1,17.1,0,0,0,0,0,0,1,17.1,62000,15500,4444.09720865779
"353",283,"211","211_ 283","S",27000,"IDFdk3",1,1,17.1,0,0,0,0,0,0,1,17.1,62000,15500,4444.09720865779
"354",33,"211","211_ 33","S",9000,"IDFdk3",8,1,21.9,0,0,0,0,0,0,8,21.9,62000,15500,4444.09720865779
"355",69,"211","211_ 69","S",8000,"IDFdk3",1,1,17.1,0,0,0,0,0,0,1,17.1,62000,15500,4444.09720865779
"356",356,"213","213_ 356","S",2000,"IDFdk3",1,1,17.1,0,0,0,0,0,0,1,17.1,5000,1000,632.455532033676
"357",422,"213","213_ 422","S",0,"IDFdk3",1,1,17.1,0,0,0,0,0,0,1,17.1,5000,1000,632.455532033676
"358",435,"213","213_ 435","S",0,"IDFdk3",1,1,17.1,0,0,0,0,0,0,1,17.1,5000,1000,632.455532033676
"359",460,"213","213_ 460","S",3000,"IDFdk3",1,1,17.1,0,0,0,0,0,0,1,17.1,5000,1000,632.455532033676
"360",573,"213","213_ 573","S",0,"IDFdk3",1,1,17.1,0,0,0,0,0,0,1,17.1,5000,1000,632.455532033676
"361",43,"214","214_ 43","S",3000,"IDFdk3",1,1,17.1,0,0,0,0,0,0,1,17.1,3000,3000,NA
"362",124,"216","216_ 124","S",6000,"IDFdk3",1,1,17.1,0,0,0,0,0,0,1,17.1,68000,7555.55555555556,3555.55555555556
"363",128,"216","216_ 128","N",27000,"IDFdk3",1,1,17.1,0,0,0,0,0,0,1,17.1,68000,7555.55555555556,3555.55555555556
"364",157,"216","216_ 157","S",0,"IDFdk3",1,1,17.1,0,0,0,0,0,0,1,17.1,68000,7555.55555555556,3555.55555555556
"365",185,"216","216_ 185","N",2000,"IDFdk3",1,1,17.1,0,0,0,0,0,0,1,17.1,68000,7555.55555555556,3555.55555555556
"366",246,"216","216_ 246","N",25000,"IDFdk3",1,1,17.1,0,0,0,0,0,0,1,17.1,68000,7555.55555555556,3555.55555555556
"367",322,"216","216_ 322","N",0,"IDFdk3",1,1,17.1,0,0,0,0,0,0,1,17.1,68000,7555.55555555556,3555.55555555556
"368",344,"216","216_ 344","S",1000,"IDFdk3",1,1,17.1,0,0,0,0,0,0,1,17.1,68000,7555.55555555556,3555.55555555556
"369",379,"216","216_ 379","S",0,"IDFdk3",1,1,17.1,0,0,0,0,0,0,1,17.1,68000,7555.55555555556,3555.55555555556
"370",53,"216","216_ 53","N",5000,"IDFdk3",1,1,17.1,0,0,0,0,0,0,1,17.1,68000,7555.55555555556,3555.55555555556
"371",553,"216","216_ 553","N",0,"IDFdk3",1,1,17.1,0,0,0,0,0,0,1,17.1,68000,7555.55555555556,3555.55555555556
"372",586,"216","216_ 586","S",2000,"IDFdk3",1,1,17.1,0,0,0,0,0,0,1,17.1,68000,7555.55555555556,3555.55555555556
"373",159,"217","217_ 159","S",2000,"IDFdk3",1,1,17.1,0,0,0,0,0,0,1,17.1,5000,1666.66666666667,881.917103688197
"374",169,"217","217_ 169","S",3000,"IDFdk3",1,1,17.1,0,0,0,0,0,0,1,17.1,5000,1666.66666666667,881.917103688197
"375",589,"217","217_ 589","S",0,"IDFdk3",1,1,17.1,0,0,0,0,0,0,1,17.1,5000,1666.66666666667,881.917103688197
"376",243,"218","218_ 243","S",1000,"IDFdk3",1,1,17.1,0,0,0,0,0,0,1,17.1,1000,1000,NA
"377",507,"219","219_ 507","S",3000,"IDFdk3",1,1,17.1,0,0,0,0,0,0,1,17.1,3000,3000,NA
"378",532,"22","22_ 532","S",0,"IDFxm",1,1,16.4,0,0,0,0,0,0,1,16.4,0,0,NA
"379",222,"220","220_ 222","S",19000,"IDFdk3",1,1,17.1,0,0,0,0,0,0,1,17.1,33000,4125,2239.55910839611
"380",240,"220","220_ 240","S",3000,"IDFdk3",1,1,17.1,0,0,0,0,0,0,1,17.1,33000,4125,2239.55910839611
"381",274,"220","220_ 274","S",0,"IDFdk3",1,1,17.1,0,0,0,0,0,0,1,17.1,33000,4125,2239.55910839611
"382",378,"220","220_ 378","S",3000,"IDFdk3",1,1,17.1,0,0,0,0,0,0,1,17.1,33000,4125,2239.55910839611
"383",411,"220","220_ 411","S",6000,"IDFdk3",1,1,17.1,0,0,0,0,0,0,1,17.1,33000,4125,2239.55910839611
"384",436,"220","220_ 436","S",0,"IDFdk3",1,1,17.1,0,0,0,0,0,0,1,17.1,33000,4125,2239.55910839611
"385",479,"220","220_ 479","S",1000,"IDFdk3",1,1,17.1,0,0,0,0,0,0,1,17.1,33000,4125,2239.55910839611
"386",96,"220","220_ 96","S",1000,"IDFdk3",1,1,17.1,0,0,0,0,0,0,1,17.1,33000,4125,2239.55910839611
"387",371,"223","223_ 371","S",2000,"IDFdk3",1,1,17.1,0,0,0,0,0,0,1,17.1,2000,2000,NA
"388",188,"225","225_ 188","S",8000,"IDFdk3",1,1,17.1,0,0,0,0,0,0,1,17.1,9000,3000,2516.61147842358
"389",212,"225","225_ 212","S",0,"IDFdk3",1,1,17.1,0,0,0,0,0,0,1,17.1,9000,3000,2516.61147842358
"390",370,"225","225_ 370","S",1000,"IDFdk3",1,1,17.1,0,0,0,0,0,0,1,17.1,9000,3000,2516.61147842358
"391",265,"226","226_ 265","N",3000,"IDFdk3",1,1,17.1,0,0,0,0,0,0,1,17.1,12000,6000,3000
"392",97,"226","226_ 97","N",9000,"IDFdk3",1,1,17.1,0,0,0,0,0,0,1,17.1,12000,6000,3000
"393",585,"227","227_ 585","S",1000,"IDFdk3",1,1,17.1,0,0,0,0,0,0,1,17.1,1000,1000,NA
"394",399,"228","228_ 399","S",3000,"IDFdk3",1,1,17.1,0,0,0,0,0,0,1,17.1,3000,3000,NA
"395",406,"229","229_ 406","S",0,"IDFdk3",1,1,17.1,0,0,0,0,0,0,1,17.1,4000,2000,2000
"396",565,"229","229_ 565","S",4000,"IDFdk3",1,1,17.1,0,0,0,0,0,0,1,17.1,4000,2000,2000
"397",594,"23","23_ 594","S",0,"IDFxm",1,0.8,16.4,3,0.1,13,0.1,0,14.8,1.1,14.42,0,0,NA
"398",276,"230","230_ 276","S",5000,"IDFdk3",1,1,17.1,0,0,0,0,0,0,1,17.1,5000,2500,2500
"399",318,"230","230_ 318","S",0,"IDFdk3",1,1,17.1,0,0,0,0,0,0,1,17.1,5000,2500,2500
"400",150,"231","231_ 150","S",0,"IDFdk3",1,1,17.1,0,0,0,0,0,0,1,17.1,9000,4500,4500
"401",567,"231","231_ 567","S",9000,"IDFdk3",1,1,17.1,0,0,0,0,0,0,1,17.1,9000,4500,4500
"402",166,"232","232_ 166","S",18000,"IDFdk3",1,1,17.1,0,0,0,0,0,0,1,17.1,21000,10500,7500
"403",559,"232","232_ 559","S",3000,"IDFdk3",1,1,17.1,0,0,0,0,0,0,1,17.1,21000,10500,7500
"404",392,"233","233_ 392","S",0,"IDFdk3",1,1,17.1,0,0,0,0,0,0,1,17.1,0,0,NA
"405",340,"235","235_ 340","S",3000,"IDFdk3",1,1,17.1,0,0,0,0,0,0,1,17.1,3000,3000,NA
"406",209,"236","236_ 209","S",0,"IDFdk3",1,1,17.1,0,0,0,0,0,0,1,17.1,1000,333.333333333333,333.333333333333
"407",455,"236","236_ 455","S",0,"IDFdk3",1,1,17.1,0,0,0,0,0,0,1,17.1,1000,333.333333333333,333.333333333333
"408",509,"236","236_ 509","S",1000,"IDFdk3",1,1,17.1,0,0,0,0,0,0,1,17.1,1000,333.333333333333,333.333333333333
"409",501,"237","237_ 501","S",2000,"IDFdk3",1,1,17.1,0,0,0,0,0,0,1,17.1,3000,1000,577.350269189626
"410",542,"237","237_ 542","N",0,"IDFdk3",1,1,17.1,0,0,0,0,0,0,1,17.1,3000,1000,577.350269189626
"411",599,"237","237_ 599","N",1000,"IDFdk3",1,1,17.1,0,0,0,0,0,0,1,17.1,3000,1000,577.350269189626
"412",84,"237","237_ 84","N",0,"IDFdk3",1,1,17.1,0,0,0,0,0,0,1,17.1,3000,1000,577.350269189626
"413",208,"238","238_ 208","S",0,"IDFdk3",1,1,17.1,0,0,0,0,0,0,1,17.1,0,0,NA
"414",316,"239","239_ 316","S",0,"IDFdk3",1,1,17.1,0,0,0,0,0,0,1,17.1,3000,1500,1500
"415",383,"239","239_ 383","N",3000,"IDFdk3",1,1,17.1,0,0,0,0,0,0,1,17.1,3000,1500,1500
"416",494,"26","26_ 494","S",0,"IDFdk3",1,0.6,17.1,4,0.4,12,0,0,0,2.2,15.06,0,0,0
"417",535,"26","26_ 535","S",0,"IDFdk3",1,0.6,17.1,4,0.4,12,0,0,0,2.2,15.06,0,0,0
"418",308,"28","28_ 308","S",0,"IDFxm",1,0.4,16.4,3,0.4,13,0.2,0,14.8,1.6,11.76,0,0,NA
"419",398,"29","29_ 398","S",0,"IDFxm",1,0.8,16.4,4,0.2,14.8,0,0,0,1.6,16.08,0,0,NA
"420",170,"30","30_ 170","S",0,"IDFxm",1,0.8,16.4,4,0.2,14.8,0,0,0,1.6,16.08,0,0,0
"421",42,"30","30_ 42","S",0,"IDFxm",1,0.8,16.4,4,0.2,14.8,0,0,0,1.6,16.08,0,0,0
"422",130,"31","31_ 130","S",0,"IDFdk3",1,0.6,17.1,4,0.4,12,0,0,0,2.2,15.06,5000,714.285714285714,714.285714285714
"423",139,"31","31_ 139","S",0,"IDFdk3",1,0.6,17.1,4,0.4,12,0,0,0,2.2,15.06,5000,714.285714285714,714.285714285714
"424",429,"31","31_ 429","S",0,"IDFdk3",1,0.6,17.1,4,0.4,12,0,0,0,2.2,15.06,5000,714.285714285714,714.285714285714
"425",470,"31","31_ 470","S",0,"IDFdk3",1,0.6,17.1,4,0.4,12,0,0,0,2.2,15.06,5000,714.285714285714,714.285714285714
"426",504,"31","31_ 504","S",5000,"IDFdk3",1,0.6,17.1,4,0.4,12,0,0,0,2.2,15.06,5000,714.285714285714,714.285714285714
"427",597,"31","31_ 597","S",0,"IDFdk3",1,0.6,17.1,4,0.4,12,0,0,0,2.2,15.06,5000,714.285714285714,714.285714285714
"428",75,"31","31_ 75","S",0,"IDFdk3",1,0.6,17.1,4,0.4,12,0,0,0,2.2,15.06,5000,714.285714285714,714.285714285714
"429",167,"33","33_ 167","S",0,"IDFxm",1,0.8,16.4,4,0.2,14.8,0,0,0,1.6,16.08,0,0,0
"430",74,"33","33_ 74","S",0,"IDFxm",1,0.8,16.4,4,0.2,14.8,0,0,0,1.6,16.08,0,0,0
"431",137,"34","34_ 137","S",0,"IDFxm",1,0.8,16.4,4,0.2,14.8,0,0,0,1.6,16.08,0,0,0
"432",407,"34","34_ 407","S",0,"IDFxm",1,0.8,16.4,4,0.2,14.8,0,0,0,1.6,16.08,0,0,0
"433",390,"35","35_ 390","S",1000,"IDFdk3",1,0.6,17.1,4,0.4,12,0,0,0,2.2,15.06,1000,500,500
"434",448,"35","35_ 448","S",0,"IDFdk3",1,0.6,17.1,4,0.4,12,0,0,0,2.2,15.06,1000,500,500
"435",397,"36","36_ 397","S",0,"IDFxm",1,0.8,16.4,4,0.2,14.8,0,0,0,1.6,16.08,0,0,NA
"436",271,"37","37_ 271","S",0,"IDFxm",1,0.8,16.4,4,0.2,14.8,0,0,0,1.6,16.08,0,0,NA
"437",256,"38","38_ 256","S",0,"IDFxm",1,0.8,16.4,4,0.2,14.8,0,0,0,1.6,16.08,0,0,NA
"438",273,"39","39_ 273","S",0,"IDFxm",1,0.8,16.4,4,0.2,14.8,0,0,0,1.6,16.08,0,0,0
"439",508,"39","39_ 508","S",0,"IDFxm",1,0.8,16.4,4,0.2,14.8,0,0,0,1.6,16.08,0,0,0
"440",537,"39","39_ 537","S",0,"IDFxm",1,0.8,16.4,4,0.2,14.8,0,0,0,1.6,16.08,0,0,0
"441",191,"4","4_ 191","S",0,"IDFdk3",1,0.6,17.1,4,0.4,12,0,0,0,2.2,15.06,0,0,0
"442",580,"4","4_ 580","S",0,"IDFdk3",1,0.6,17.1,4,0.4,12,0,0,0,2.2,15.06,0,0,0
"443",100,"41","41_ 100","S",0,"IDFxm/IDFdk3",4,0.7,13.4,1,0.3,16.75,0,0,0,3.1,14.405,1000,142.857142857143,142.857142857143
"444",362,"41","41_ 362","S",0,"IDFxm/IDFdk3",4,0.7,13.4,1,0.3,16.75,0,0,0,3.1,14.405,1000,142.857142857143,142.857142857143
"445",493,"41","41_ 493","S",0,"IDFxm/IDFdk3",4,0.7,13.4,1,0.3,16.75,0,0,0,3.1,14.405,1000,142.857142857143,142.857142857143
"446",558,"41","41_ 558","S",0,"IDFxm/IDFdk3",4,0.7,13.4,1,0.3,16.75,0,0,0,3.1,14.405,1000,142.857142857143,142.857142857143
"447",58,"41","41_ 58","S",0,"IDFxm/IDFdk3",4,0.7,13.4,1,0.3,16.75,0,0,0,3.1,14.405,1000,142.857142857143,142.857142857143
"448",600,"41","41_ 600","S",1000,"IDFxm/IDFdk3",4,0.7,13.4,1,0.3,16.75,0,0,0,3.1,14.405,1000,142.857142857143,142.857142857143
"449",73,"41","41_ 73","S",0,"IDFxm/IDFdk3",4,0.7,13.4,1,0.3,16.75,0,0,0,3.1,14.405,1000,142.857142857143,142.857142857143
"450",173,"42","42_ 173","S",0,"IDFxm/IDFdk3",4,0.7,13.4,1,0.3,16.75,0,0,0,3.1,14.405,0,0,0
"451",574,"42","42_ 574","S",0,"IDFxm/IDFdk3",4,0.7,13.4,1,0.3,16.75,0,0,0,3.1,14.405,0,0,0
"452",38,"43","43_ 38","S",0,"IDFxm/IDFdk3",4,0.7,13.4,1,0.3,16.75,0,0,0,3.1,14.405,0,0,0
"453",395,"43","43_ 395","S",0,"IDFxm/IDFdk3",4,0.7,13.4,1,0.3,16.75,0,0,0,3.1,14.405,0,0,0
"454",5,"43","43_ 5","S",0,"IDFxm/IDFdk3",4,0.7,13.4,1,0.3,16.75,0,0,0,3.1,14.405,0,0,0
"455",50,"43","43_ 50","S",0,"IDFxm/IDFdk3",4,0.7,13.4,1,0.3,16.75,0,0,0,3.1,14.405,0,0,0
"456",551,"43","43_ 551","S",0,"IDFxm/IDFdk3",4,0.7,13.4,1,0.3,16.75,0,0,0,3.1,14.405,0,0,0
"457",568,"43","43_ 568","S",0,"IDFxm/IDFdk3",4,0.7,13.4,1,0.3,16.75,0,0,0,3.1,14.405,0,0,0
"458",593,"43","43_ 593","S",0,"IDFxm/IDFdk3",4,0.7,13.4,1,0.3,16.75,0,0,0,3.1,14.405,0,0,0
"459",563,"44","44_ 563","S",0,"IDFxm",1,0.8,16.4,4,0.2,14.8,0,0,0,1.6,16.08,0,0,NA
"460",103,"46","46_ 103","S",0,"IDFxm",1,0.8,16.4,4,0.2,14.8,0,0,0,1.6,16.08,0,0,0
"461",60,"46","46_ 60","S",0,"IDFxm",1,0.8,16.4,4,0.2,14.8,0,0,0,1.6,16.08,0,0,0
"462",230,"48","48_ 230","S",0,"IDFxm/IDFdk3",1,1,16.75,0,0,0,0,0,0,1,16.75,6000,3000,3000
"463",438,"48","48_ 438","S",6000,"IDFxm",1,0.6,16.4,4,0.4,14.8,0,0,0,2.2,15.76,6000,3000,3000
"464",182,"49","49_ 182","S",0,"IDFxm",1,0.8,16.4,4,0.2,14.8,0,0,0,1.6,16.08,0,0,0
"465",220,"49","49_ 220","S",0,"IDFxm",1,0.8,16.4,4,0.2,14.8,0,0,0,1.6,16.08,0,0,0
"466",241,"49","49_ 241","S",0,"IDFxm",1,0.8,16.4,4,0.2,14.8,0,0,0,1.6,16.08,0,0,0
"467",459,"49","49_ 459","S",0,"IDFxm",1,0.8,16.4,4,0.2,14.8,0,0,0,1.6,16.08,0,0,0
"468",475,"49","49_ 475","S",0,"IDFxm",1,0.8,16.4,4,0.2,14.8,0,0,0,1.6,16.08,0,0,0
"469",596,"49","49_ 596","S",0,"IDFxm",1,0.8,16.4,4,0.2,14.8,0,0,0,1.6,16.08,0,0,0
"470",163,"5","5_ 163","S",2000,"IDFdk3",1,0.6,17.1,4,0.4,12,0,0,0,2.2,15.06,20000,1111.11111111111,434.529938263913
"471",18,"5","5_ 18","S",1000,"IDFdk3",1,0.6,17.1,4,0.4,12,0,0,0,2.2,15.06,20000,1111.11111111111,434.529938263913
"472",186,"5","5_ 186","S",0,"IDFdk3",1,0.6,17.1,4,0.4,12,0,0,0,2.2,15.06,20000,1111.11111111111,434.529938263913
"473",219,"5","5_ 219","S",0,"IDFdk3",1,0.6,17.1,4,0.4,12,0,0,0,2.2,15.06,20000,1111.11111111111,434.529938263913
"474",221,"5","5_ 221","S",1000,"IDFdk3",1,0.6,17.1,4,0.4,12,0,0,0,2.2,15.06,20000,1111.11111111111,434.529938263913
"475",261,"5","5_ 261","S",0,"IDFdk3",8,0.6,21.9,1,0.3,17.1,4,0.1,12,5.5,19.47,20000,1111.11111111111,434.529938263913
"476",333,"5","5_ 333","S",2000,"IDFdk3",8,0.6,21.9,1,0.3,17.1,4,0.1,12,5.5,19.47,20000,1111.11111111111,434.529938263913
"477",34,"5","5_ 34","S",0,"IDFdk3",1,0.6,17.1,4,0.4,12,0,0,0,2.2,15.06,20000,1111.11111111111,434.529938263913
"478",409,"5","5_ 409","S",0,"IDFdk3",1,0.6,17.1,4,0.4,12,0,0,0,2.2,15.06,20000,1111.11111111111,434.529938263913
"479",415,"5","5_ 415","S",5000,"IDFdk3",1,0.6,17.1,4,0.4,12,0,0,0,2.2,15.06,20000,1111.11111111111,434.529938263913
"480",420,"5","5_ 420","S",0,"IDFdk3",1,0.6,17.1,4,0.4,12,0,0,0,2.2,15.06,20000,1111.11111111111,434.529938263913
"481",477,"5","5_ 477","S",0,"IDFdk3",8,0.6,21.9,1,0.3,17.1,4,0.1,12,5.5,19.47,20000,1111.11111111111,434.529938263913
"482",562,"5","5_ 562","S",0,"IDFdk3",1,0.6,17.1,4,0.4,12,0,0,0,2.2,15.06,20000,1111.11111111111,434.529938263913
"483",595,"5","5_ 595","S",0,"IDFdk3",8,0.6,21.9,1,0.3,17.1,4,0.1,12,5.5,19.47,20000,1111.11111111111,434.529938263913
"484",78,"5","5_ 78","S",3000,"IDFdk3",1,0.6,17.1,4,0.4,12,0,0,0,2.2,15.06,20000,1111.11111111111,434.529938263913
"485",8,"5","5_ 8","S",0,"IDFdk3",1,0.6,17.1,4,0.4,12,0,0,0,2.2,15.06,20000,1111.11111111111,434.529938263913
"486",91,"5","5_ 91","S",0,"IDFdk3",1,0.6,17.1,4,0.4,12,0,0,0,2.2,15.06,20000,1111.11111111111,434.529938263913
"487",93,"5","5_ 93","S",6000,"IDFdk3",1,0.6,17.1,4,0.4,12,0,0,0,2.2,15.06,20000,1111.11111111111,434.529938263913
"488",325,"51","51_ 325","S",0,"IDFxm",1,0.6,16.4,4,0.4,14.8,0,0,0,2.2,15.76,0,0,NA
"489",232,"52","52_ 232","S",1000,"IDFxm",1,0.6,16.4,4,0.4,14.8,0,0,0,2.2,15.76,4000,1000,707.106781186548
"490",247,"52","52_ 247","S",0,"IDFxm",1,0.6,16.4,4,0.4,14.8,0,0,0,2.2,15.76,4000,1000,707.106781186548
"491",569,"52","52_ 569","S",0,"IDFxm",1,0.6,16.4,4,0.4,14.8,0,0,0,2.2,15.76,4000,1000,707.106781186548
"492",579,"52","52_ 579","S",3000,"IDFxm",1,0.6,16.4,4,0.4,14.8,0,0,0,2.2,15.76,4000,1000,707.106781186548
"493",402,"54","54_ 402","S",0,"IDFxm",1,0.6,16.4,4,0.4,14.8,0,0,0,2.2,15.76,1000,500,500
"494",44,"54","54_ 44","S",1000,"IDFxm",1,0.6,16.4,4,0.4,14.8,0,0,0,2.2,15.76,1000,500,500
"495",119,"55","55_ 119","S",2000,"IDFxm",1,0.6,16.4,4,0.4,14.8,0,0,0,2.2,15.76,2000,1000,1000
"496",426,"55","55_ 426","S",0,"IDFxm",1,0.6,16.4,4,0.4,14.8,0,0,0,2.2,15.76,2000,1000,1000
"497",11,"57","57_ 11","S",1000,"IDFxm",1,1,16.4,0,0,0,0,0,0,1,16.4,35000,3181.81818181818,1340.40822695029
"498",134,"57","57_ 134","S",0,"IDFxm",1,1,16.4,0,0,0,0,0,0,1,16.4,35000,3181.81818181818,1340.40822695029
"499",160,"57","57_ 160","S",0,"IDFxm",1,1,16.4,0,0,0,0,0,0,1,16.4,35000,3181.81818181818,1340.40822695029
"500",17,"57","57_ 17","S",0,"IDFxm",1,1,16.4,0,0,0,0,0,0,1,16.4,35000,3181.81818181818,1340.40822695029
"501",24,"57","57_ 24","S",15000,"IDFxm",1,1,16.4,0,0,0,0,0,0,1,16.4,35000,3181.81818181818,1340.40822695029
"502",357,"57","57_ 357","S",2000,"IDFxm",1,1,16.4,0,0,0,0,0,0,1,16.4,35000,3181.81818181818,1340.40822695029
"503",372,"57","57_ 372","S",2000,"IDFxm",1,1,16.4,0,0,0,0,0,0,1,16.4,35000,3181.81818181818,1340.40822695029
"504",374,"57","57_ 374","S",1000,"IDFxm",1,1,16.4,0,0,0,0,0,0,1,16.4,35000,3181.81818181818,1340.40822695029
"505",510,"57","57_ 510","S",1000,"IDFxm",1,1,16.4,0,0,0,0,0,0,1,16.4,35000,3181.81818181818,1340.40822695029
"506",538,"57","57_ 538","S",1000,"IDFxm",1,1,16.4,0,0,0,0,0,0,1,16.4,35000,3181.81818181818,1340.40822695029
"507",55,"57","57_ 55","S",6000,"IDFxm",1,1,16.4,0,0,0,0,0,0,1,16.4,35000,3181.81818181818,1340.40822695029
"508",590,"57","57_ 590","S",6000,"IDFxm",1,1,16.4,0,0,0,0,0,0,1,16.4,35000,3181.81818181818,1340.40822695029
"509",253,"58","58_ 253","S",0,"IDFxm",1,1,16.4,0,0,0,0,0,0,1,16.4,0,0,0
"510",481,"58","58_ 481","S",0,"",NA,NA,NA,NA,NA,NA,NA,NA,NA,NA,NA,0,0,0
"511",578,"6","6_ 578","S",0,"IDFdk3",1,0.6,17.1,4,0.4,12,0,0,0,2.2,15.06,0,0,0
"512",591,"6","6_ 591","S",0,"IDFdk3",1,0.6,17.1,4,0.4,12,0,0,0,2.2,15.06,0,0,0
"513",79,"6","6_ 79","S",0,"IDFdk3",8,0.6,21.9,1,0.3,17.1,4,0.1,12,5.5,19.47,0,0,0
"514",22,"61","61_ 22","S",0,"IDFxm",1,1,16.4,0,0,0,0,0,0,1,16.4,1000,333.333333333333,333.333333333333
"515",23,"61","61_ 23","S",1000,"IDFxm",1,1,16.4,0,0,0,0,0,0,1,16.4,1000,333.333333333333,333.333333333333
"516",452,"61","61_ 452","S",0,"IDFxm",1,1,16.4,0,0,0,0,0,0,1,16.4,1000,333.333333333333,333.333333333333
"517",293,"63","63_ 293","S",1000,"IDFxm",8,0.6,18,7,0.4,15,0,0,0,7.6,16.8,1000,1000,NA
"518",349,"64","64_ 349","S",0,"IDFxm",1,1,16.4,0,0,0,0,0,0,1,16.4,0,0,0
"519",469,"64","64_ 469","S",0,"IDFxm",1,1,16.4,0,0,0,0,0,0,1,16.4,0,0,0
"520",598,"64","64_ 598","S",0,"IDFxm",1,1,16.4,0,0,0,0,0,0,1,16.4,0,0,0
"521",213,"65","65_ 213","S",0,"IDFxm",1,1,16.4,0,0,0,0,0,0,1,16.4,1000,250,250
"522",225,"65","65_ 225","S",1000,"IDFxm",1,1,16.4,0,0,0,0,0,0,1,16.4,1000,250,250
"523",234,"65","65_ 234","S",0,"IDFxm",1,1,16.4,0,0,0,0,0,0,1,16.4,1000,250,250
"524",335,"65","65_ 335","S",0,"IDFxm",1,1,16.4,0,0,0,0,0,0,1,16.4,1000,250,250
"525",458,"66","66_ 458","S",0,"IDFxm",1,1,16.4,0,0,0,0,0,0,1,16.4,0,0,0
"526",533,"66","66_ 533","S",0,"IDFxm",1,1,16.4,0,0,0,0,0,0,1,16.4,0,0,0
"527",198,"67","67_ 198","S",0,"IDFxm",1,1,16.4,0,0,0,0,0,0,1,16.4,0,0,0
"528",39,"67","67_ 39","S",0,"IDFxm",1,1,16.4,0,0,0,0,0,0,1,16.4,0,0,0
"529",516,"67","67_ 516","S",0,"IDFxm",1,1,16.4,0,0,0,0,0,0,1,16.4,0,0,0
"530",151,"68","68_ 151","S",0,"IDFxm",1,1,16.4,0,0,0,0,0,0,1,16.4,0,0,0
"531",489,"68","68_ 489","S",0,"IDFxm",1,1,16.4,0,0,0,0,0,0,1,16.4,0,0,0
"532",204,"7","7_ 204","S",0,"IDFdk3",1,0.6,17.1,4,0.4,12,0,0,0,2.2,15.06,0,0,NA
"533",148,"70","70_ 148","S",10000,"IDFxm",8,0.6,18,7,0.4,15,0,0,0,7.6,16.8,18000,4500,1936.49167310371
"534",305,"70","70_ 305","S",1000,"IDFxm",8,0.6,18,7,0.4,15,0,0,0,7.6,16.8,18000,4500,1936.49167310371
"535",592,"70","70_ 592","S",3000,"IDFxm",8,0.6,18,7,0.4,15,0,0,0,7.6,16.8,18000,4500,1936.49167310371
"536",7,"70","70_ 7","S",4000,"IDFxm",8,0.6,18,7,0.4,15,0,0,0,7.6,16.8,18000,4500,1936.49167310371
"537",287,"71","71_ 287","S",0,"",NA,NA,NA,NA,NA,NA,NA,NA,NA,NA,NA,0,0,NA
"538",282,"73","73_ 282","N",1000,"IDFdk3",1,1,17.1,0,0,0,0,0,0,1,17.1,1000,1000,NA
"539",233,"75","75_ 233","S",5000,"IDFdk3",1,1,17.1,0,0,0,0,0,0,1,17.1,6000,2000,1527.52523165195
"540",473,"75","75_ 473","S",1000,"IDFdk3",1,1,17.1,0,0,0,0,0,0,1,17.1,6000,2000,1527.52523165195
"541",561,"75","75_ 561","S",0,"IDFdk3",1,1,17.1,0,0,0,0,0,0,1,17.1,6000,2000,1527.52523165195
"542",123,"76","76_ 123","S",25000,"IDFdk3",1,1,17.1,0,0,0,0,0,0,1,17.1,68000,5230.76923076923,1925.38323242828
"543",136,"76","76_ 136","S",0,"IDFdk3",1,1,17.1,0,0,0,0,0,0,1,17.1,68000,5230.76923076923,1925.38323242828
"544",172,"76","76_ 172","S",1000,"IDFdk3",1,1,17.1,0,0,0,0,0,0,1,17.1,68000,5230.76923076923,1925.38323242828
"545",252,"76","76_ 252","S",0,"IDFdk3",1,1,17.1,0,0,0,0,0,0,1,17.1,68000,5230.76923076923,1925.38323242828
"546",258,"76","76_ 258","S",0,"IDFdk3",1,1,17.1,0,0,0,0,0,0,1,17.1,68000,5230.76923076923,1925.38323242828
"547",269,"76","76_ 269","S",4000,"IDFdk3",1,1,17.1,0,0,0,0,0,0,1,17.1,68000,5230.76923076923,1925.38323242828
"548",327,"76","76_ 327","S",2000,"IDFdk3",1,1,17.1,0,0,0,0,0,0,1,17.1,68000,5230.76923076923,1925.38323242828
"549",339,"76","76_ 339","N",3000,"IDFdk3",1,1,17.1,0,0,0,0,0,0,1,17.1,68000,5230.76923076923,1925.38323242828
"550",359,"76","76_ 359","S",11000,"IDFdk3",1,1,17.1,0,0,0,0,0,0,1,17.1,68000,5230.76923076923,1925.38323242828
"551",367,"76","76_ 367","N",5000,"IDFdk3",1,1,17.1,0,0,0,0,0,0,1,17.1,68000,5230.76923076923,1925.38323242828
"552",441,"76","76_ 441","S",0,"IDFdk3",1,1,17.1,0,0,0,0,0,0,1,17.1,68000,5230.76923076923,1925.38323242828
"553",47,"76","76_ 47","S",1000,"IDFdk3",1,1,17.1,0,0,0,0,0,0,1,17.1,68000,5230.76923076923,1925.38323242828
"554",476,"76","76_ 476","S",1000,"IDFdk3",1,1,17.1,0,0,0,0,0,0,1,17.1,68000,5230.76923076923,1925.38323242828
"555",512,"76","76_ 512","S",3000,"IDFdk3",1,1,17.1,0,0,0,0,0,0,1,17.1,68000,5230.76923076923,1925.38323242828
"556",547,"76","76_ 547","S",1000,"IDFdk3",1,1,17.1,0,0,0,0,0,0,1,17.1,68000,5230.76923076923,1925.38323242828
"557",61,"76","76_ 61","S",11000,"IDFdk3",1,1,17.1,0,0,0,0,0,0,1,17.1,68000,5230.76923076923,1925.38323242828
"558",519,"77","77_ 519","N",0,"IDFdk3",1,1,17.1,0,0,0,0,0,0,1,17.1,NA,NA,NA
"559",127,"8","8_ 127","S",1000,"IDFdk3",1,0.6,17.1,4,0.4,12,0,0,0,2.2,15.06,3000,600,244.948974278318
"560",16,"8","8_ 16","S",0,"IDFdk3",8,0.6,21.9,1,0.3,17.1,4,0.1,12,5.5,19.47,3000,600,244.948974278318
"561",385,"8","8_ 385","S",0,"IDFdk3",8,0.6,21.9,1,0.3,17.1,4,0.1,12,5.5,19.47,3000,600,244.948974278318
"562",389,"8","8_ 389","S",1000,"IDFdk3",1,0.6,17.1,4,0.4,12,0,0,0,2.2,15.06,3000,600,244.948974278318
"563",81,"8","8_ 81","S",1000,"IDFdk3",8,0.6,21.9,1,0.3,17.1,4,0.1,12,5.5,19.47,3000,600,244.948974278318
"564",412,"81","81_ 412","S",0,"IDFdk3",1,1,17.1,0,0,0,0,0,0,1,17.1,0,0,0
"565",453,"81","81_ 453","S",0,"IDFdk3",1,1,17.1,0,0,0,0,0,0,1,17.1,0,0,0
"566",482,"81","81_ 482","S",0,"IDFdk3",1,1,17.1,0,0,0,0,0,0,1,17.1,0,0,0
"567",540,"81","81_ 540","S",0,"IDFdk3",1,1,17.1,0,0,0,0,0,0,1,17.1,0,0,0
"568",80,"81","81_ 80","S",0,"IDFdk3",1,1,17.1,0,0,0,0,0,0,1,17.1,0,0,0
"569",298,"83","83_ 298","N",48000,"IDFdk3",1,1,17.1,0,0,0,0,0,0,1,17.1,48000,48000,NA
"570",527,"84","84_ 527","N",2000,"IDFdk3",1,1,17.1,0,0,0,0,0,0,1,17.1,2000,2000,NA
"571",12,"85","85_ 12","N",10000,"IDFdk3",1,1,17.1,0,0,0,0,0,0,1,17.1,38000,9500,4645.78662158878
"572",176,"85","85_ 176","N",0,"IDFdk3",1,1,17.1,0,0,0,0,0,0,1,17.1,38000,9500,4645.78662158878
"573",206,"85","85_ 206","N",22000,"IDFdk3",1,1,17.1,0,0,0,0,0,0,1,17.1,38000,9500,4645.78662158878
"574",502,"85","85_ 502","N",6000,"IDFdk3",1,1,17.1,0,0,0,0,0,0,1,17.1,38000,9500,4645.78662158878
"575",408,"87","87_ 408","N",0,"IDFdk3",1,1,17.1,0,0,0,0,0,0,1,17.1,1000,1000,NA
"576",523,"87","87_ 523","N",1000,"IDFdk3",1,1,17.1,0,0,0,0,0,0,1,17.1,1000,1000,NA
"577",266,"88","88_ 266","S",1000,"IDFdk3",1,1,17.1,0,0,0,0,0,0,1,17.1,45000,11250,7465.19702798705
"578",375,"88","88_ 375","S",33000,"IDFdk3",1,1,17.1,0,0,0,0,0,0,1,17.1,45000,11250,7465.19702798705
"579",539,"88","88_ 539","N",2000,"IDFdk3",1,1,17.1,0,0,0,0,0,0,1,17.1,45000,11250,7465.19702798705
"580",550,"88","88_ 550","N",9000,"IDFdk3",1,1,17.1,0,0,0,0,0,0,1,17.1,45000,11250,7465.19702798705
"581",32,"89","89_ 32","S",0,"IDFdk3",1,0.6,17.1,4,0.4,12,0,0,0,2.2,15.06,0,0,0
"582",456,"89","89_ 456","S",0,"IDFdk3",1,0.6,17.1,4,0.4,12,0,0,0,2.2,15.06,0,0,0
"583",223,"9","9_ 223","S",1000,"IDFdk3",1,0.6,17.1,4,0.4,12,0,0,0,2.2,15.06,1000,1000,NA
"584",114,"90","90_ 114","S",0,"IDFdk3",1,1,17.1,0,0,0,0,0,0,1,17.1,3000,3000,NA
"585",205,"90","90_ 205","N",3000,"IDFdk3",1,1,17.1,0,0,0,0,0,0,1,17.1,3000,3000,NA
"586",4,"91","91_ 4","S",0,"IDFdk3",1,0.6,17.1,4,0.4,12,0,0,0,2.2,15.06,0,0,NA
"587",417,"92","92_ 417","S",0,"IDFdk3",1,0.6,17.1,4,0.4,12,0,0,0,2.2,15.06,0,0,NA
"588",30,"94","94_ 30","S",0,"IDFdk3",1,1,17.1,0,0,0,0,0,0,1,17.1,0,0,0
"589",360,"94","94_ 360","S",0,"IDFdk3",1,1,17.1,0,0,0,0,0,0,1,17.1,0,0,0
"590",442,"94","94_ 442","S",0,"IDFdk3",1,1,17.1,0,0,0,0,0,0,1,17.1,0,0,0
"591",52,"94","94_ 52","S",0,"IDFdk3",1,1,17.1,0,0,0,0,0,0,1,17.1,0,0,0
"592",126,"95","95_ 126","S",0,"IDFdk3",1,1,17.1,0,0,0,0,0,0,1,17.1,1000,250,250
"593",224,"95","95_ 224","S",0,"IDFdk3",1,1,17.1,0,0,0,0,0,0,1,17.1,1000,250,250
"594",454,"95","95_ 454","S",0,"IDFdk3",1,1,17.1,0,0,0,0,0,0,1,17.1,1000,250,250
"595",560,"95","95_ 560","S",1000,"IDFdk3",1,1,17.1,0,0,0,0,0,0,1,17.1,1000,250,250
"596",236,"98","98_ 236","S",10000,"IDFxm/IDFdk3",4,0.7,13.4,1,0.3,16.75,0,0,0,3.1,14.405,16000,3200,1743.55957741627
"597",361,"98","98_ 361","S",1000,"IDFxm/IDFdk3",4,0.7,13.4,1,0.3,16.75,0,0,0,3.1,14.405,16000,3200,1743.55957741627
"598",400,"98","98_ 400","S",3000,"IDFxm/IDFdk3",4,0.7,13.4,1,0.3,16.75,0,0,0,3.1,14.405,16000,3200,1743.55957741627
"599",403,"98","98_ 403","S",1000,"IDFxm/IDFdk3",7,0.8,17.6,6,0.2,15.9,0,0,0,6.8,17.26,16000,3200,1743.55957741627
"600",416,"98","98_ 416","S",1000,"IDFxm/IDFdk3",7,0.8,17.6,6,0.2,15.9,0,0,0,6.8,17.26,16000,3200,1743.55957741627
