OBJECTID,gap,plot_id,gap_type,Fd,ZO0L_UNIT,SS1,SS1_,SI1,SS2,SS2_,SI2,SS3,SS3_,SI3,SST,SIT
10,10,10_ 10,S,0,IDFdk3,1,0.6,17.1,4,0.4,12,0,0,0,2.2,15.06
183,100,100_ 183,S,1000,IDFxm/IDFdk3,4,0.7,13.4,1,0.3,16.75,0,0,0,3.1,14.405
199,100,100_ 199,S,0,IDFxm/IDFdk3,1,1,16.75,0,0,0,0,0,0,1,16.75
345,100,100_ 345,S,0,IDFxm/IDFdk3,4,0.7,13.4,1,0.3,16.75,0,0,0,3.1,14.405
40,100,100_ 40,S,7000,IDFxm/IDFdk3,1,1,16.75,0,0,0,0,0,0,1,16.75
478,100,100_ 478,S,0,IDFxm/IDFdk3,4,0.7,13.4,1,0.3,16.75,0,0,0,3.1,14.405
88,100,100_ 88,S,0,IDFxm/IDFdk3,4,0.7,13.4,1,0.3,16.75,0,0,0,3.1,14.405
118,103,103_ 118,S,0,IDFxm/IDFdk3,1,0.8,16.75,4,0.2,13.4,0,0,0,1.6,16.08
321,103,103_ 321,S,0,IDFxm/IDFdk3,4,0.8,13.4,2,0.2,12,0,0,0,3.6,13.12
549,103,103_ 549,S,1000,IDFxm/IDFdk3,4,0.8,13.4,2,0.2,12,0,0,0,3.6,13.12
511,104,104_ 511,S,3000,IDFxm/IDFdk3,4,0.8,13.4,2,0.2,12,0,0,0,3.6,13.12
107,105,105_ 107,N,0,IDFdk3,8,0.6,21.9,7,0.2,20.2,1,0.2,17.1,6.4,20.6
110,105,105_ 110,N,0,IDFdk3,8,0.6,21.9,7,0.2,20.2,1,0.2,17.1,6.4,20.6
196,105,105_ 196,N,0,IDFdk3,8,0.6,21.9,7,0.2,20.2,1,0.2,17.1,6.4,20.6
267,105,105_ 267,N,0,IDFdk3,8,0.6,21.9,7,0.2,20.2,1,0.2,17.1,6.4,20.6
348,105,105_ 348,N,0,IDFdk3,8,0.6,21.9,7,0.2,20.2,1,0.2,17.1,6.4,20.6
391,105,105_ 391,S,1000,IDFdk3,8,0.6,21.9,7,0.2,20.2,1,0.2,17.1,6.4,20.6
418,105,105_ 418,N,9000,IDFdk3,8,0.6,21.9,7,0.2,20.2,1,0.2,17.1,6.4,20.6
570,105,105_ 570,N,1000,IDFdk3,8,0.6,21.9,7,0.2,20.2,1,0.2,17.1,6.4,20.6
572,105,105_ 572,N,0,IDFdk3,8,0.6,21.9,7,0.2,20.2,1,0.2,17.1,6.4,20.6
41,106,106_ 41,S,7000,IDFdk3,8,0.6,21.9,7,0.2,20.2,1,0.2,17.1,6.4,20.6
492,106,106_ 492,S,3000,IDFdk3,8,0.6,21.9,7,0.2,20.2,1,0.2,17.1,6.4,20.6
384,107,107_ 384,N,0,IDFdk3,0,0,0,0,0,0,0,0,0,,
254,108,108_ 254,S,3000,IDFdk3,8,0.5,21.9,1,0.3,17.1,7,0.2,20.2,5.7,20.12
64,109,109_ 64,N,0,IDFdk3,8,0.7,21.9,1,0.2,17.1,7,0.1,20.2,6.5,20.77
99,109,109_ 99,N,0,IDFdk3,1,0.9,17.1,5,0.1,15,0,0,0,1.4,16.89
133,11,11_ 133,S,0,IDFxm,1,0.8,16.4,3,0.1,13,0.1,0,14.8,1.1,14.42
462,11,11_ 462,S,0,IDFxm,1,0.8,16.4,3,0.1,13,0.1,0,14.8,1.1,14.42
1,111,111_ 1,S,0,IDFdk3,8,0.7,21.9,1,0.2,17.1,7,0.1,20.2,6.5,20.77
180,111,111_ 180,S,31000,IDFdk3,1,0.8,17.1,8,0.2,21.9,0,0,0,2.4,18.06
19,111,111_ 19,S,3000,IDFdk3,8,0.7,21.9,1,0.2,17.1,7,0.1,20.2,6.5,20.77
272,111,111_ 272,S,1000,IDFdk3,8,0.7,21.9,1,0.2,17.1,7,0.1,20.2,6.5,20.77
3,111,111_ 3,S,0,IDFdk3,8,0.7,21.9,1,0.2,17.1,7,0.1,20.2,6.5,20.77
314,111,111_ 314,S,2000,IDFdk3,8,0.7,21.9,1,0.2,17.1,7,0.1,20.2,6.5,20.77
393,111,111_ 393,S,3000,IDFdk3,1,0.8,17.1,8,0.2,21.9,0,0,0,2.4,18.06
394,111,111_ 394,S,16000,IDFdk3,8,0.7,21.9,1,0.2,17.1,7,0.1,20.2,6.5,20.77
413,111,111_ 413,S,6000,IDFdk3,8,0.7,21.9,1,0.2,17.1,7,0.1,20.2,6.5,20.77
425,111,111_ 425,S,2000,IDFdk3,8,0.7,21.9,1,0.2,17.1,7,0.1,20.2,6.5,20.77
439,111,111_ 439,S,0,IDFdk3,8,0.7,21.9,1,0.2,17.1,7,0.1,20.2,6.5,20.77
474,111,111_ 474,N,2000,IDFdk3,1,0.8,17.1,8,0.2,21.9,0,0,0,2.4,18.06
487,111,111_ 487,S,3000,IDFdk3,8,0.7,21.9,1,0.2,17.1,7,0.1,20.2,6.5,20.77
496,111,111_ 496,S,0,IDFdk3,8,0.7,21.9,1,0.2,17.1,7,0.1,20.2,6.5,20.77
89,111,111_ 89,S,1000,IDFdk3,8,0.7,21.9,1,0.2,17.1,7,0.1,20.2,6.5,20.77
144,112,112_ 144,S,0,IDFdk3,1,0.8,17.1,8,0.2,21.9,0,0,0,2.4,18.06
192,112,112_ 192,S,0,IDFdk3,1,0.8,17.1,8,0.2,21.9,0,0,0,2.4,18.06
278,112,112_ 278,S,2000,IDFdk3,1,0.8,17.1,8,0.2,21.9,0,0,0,2.4,18.06
29,112,112_ 29,S,3000,IDFdk3,1,0.8,17.1,8,0.2,21.9,0,0,0,2.4,18.06
388,112,112_ 388,S,0,IDFdk3,1,0.8,17.1,8,0.2,21.9,0,0,0,2.4,18.06
421,112,112_ 421,S,4000,IDFdk3,8,0.7,21.9,1,0.2,17.1,7,0.1,20.2,6.5,20.77
14,113,113_ 14,S,1000,IDFdk3,1,0.8,17.1,8,0.2,21.9,0,0,0,2.4,18.06
347,113,113_ 347,S,7000,IDFdk3,1,0.8,17.1,8,0.2,21.9,0,0,0,2.4,18.06
179,114,114_ 179,S,0,IDFdk3,0,0,0,0,0,0,0,0,0,,
300,114,114_ 300,S,0,IDFdk3,0,0,0,0,0,0,0,0,0,,
337,114,114_ 337,S,0,IDFdk3,0,0,0,0,0,0,0,0,0,,
366,114,114_ 366,S,0,IDFdk3,0,0,0,0,0,0,0,0,0,,
488,114,114_ 488,S,0,IDFdk3,0,0,0,0,0,0,0,0,0,,
54,114,114_ 54,S,0,IDFdk3,0,0,0,0,0,0,0,0,0,,
56,114,114_ 56,S,0,IDFdk3,0,0,0,0,0,0,0,0,0,,
98,114,114_ 98,S,0,IDFdk3,0,0,0,0,0,0,0,0,0,,
101,115,115_ 101,S,7000,IDFdk3,1,0.8,17.1,8,0.2,21.9,0,0,0,2.4,18.06
116,115,115_ 116,S,0,IDFdk3,5,0.7,15,8,0.2,21.9,1,0.1,17.1,5.2,16.59
132,115,115_ 132,S,0,IDFdk3,5,0.5,15,1,0.4,17.1,8,0.1,21.9,3.7,16.53
152,115,115_ 152,N,5000,IDFdk3,5,0.5,15,1,0.4,17.1,8,0.1,21.9,3.7,16.53
231,115,115_ 231,S,0,IDFdk3,5,0.5,15,1,0.4,17.1,8,0.1,21.9,3.7,16.53
251,115,115_ 251,S,1000,IDFdk3,5,0.5,15,1,0.4,17.1,8,0.1,21.9,3.7,16.53
270,115,115_ 270,S,0,IDFdk3,5,0.5,15,1,0.4,17.1,8,0.1,21.9,3.7,16.53
290,115,115_ 290,S,1000,IDFdk3,5,0.5,15,1,0.4,17.1,8,0.1,21.9,3.7,16.53
315,115,115_ 315,S,32000,IDFdk3,5,0.5,15,1,0.4,17.1,8,0.1,21.9,3.7,16.53
353,115,115_ 353,S,0,IDFdk3,5,0.5,15,1,0.4,17.1,8,0.1,21.9,3.7,16.53
36,115,115_ 36,N,1000,IDFdk3,5,0.5,15,1,0.4,17.1,8,0.1,21.9,3.7,16.53
419,115,115_ 419,S,4000,IDFdk3,5,0.5,15,1,0.4,17.1,8,0.1,21.9,3.7,16.53
461,115,115_ 461,N,1000,IDFdk3,5,0.5,15,1,0.4,17.1,8,0.1,21.9,3.7,16.53
525,115,115_ 525,S,0,IDFdk3,5,0.5,15,1,0.4,17.1,8,0.1,21.9,3.7,16.53
564,115,115_ 564,N,2000,IDFdk3,1,0.8,17.1,8,0.2,21.9,0,0,0,2.4,18.06
86,115,115_ 86,S,6000,IDFdk3,1,0.8,17.1,8,0.2,21.9,0,0,0,2.4,18.06
521,117,117_ 521,S,0,IDFdk3,1,0.8,17.1,8,0.2,21.9,0,0,0,2.4,18.06
202,118,118_ 202,N,0,IDFdk3,5,0.5,15,1,0.4,17.1,8,0.1,21.9,3.7,16.53
259,118,118_ 259,N,0,IDFdk3,5,0.5,15,1,0.4,17.1,8,0.1,21.9,3.7,16.53
294,118,118_ 294,N,1000,IDFdk3,5,0.5,15,1,0.4,17.1,8,0.1,21.9,3.7,16.53
303,118,118_ 303,S,0,IDFdk3,5,0.5,15,1,0.4,17.1,8,0.1,21.9,3.7,16.53
517,118,118_ 517,N,5000,IDFdk3,5,0.7,15,8,0.2,21.9,1,0.1,17.1,5.2,16.59
217,119,119_ 217,S,0,IDFdk3,0,0,0,0,0,0,0,0,0,,
218,119,119_ 218,S,1000,IDFdk3,1,0.7,17.1,4,0.3,12,0,0,0,1.9,15.57
480,119,119_ 480,S,0,IDFdk3,0,0,0,0,0,0,0,0,0,,
57,119,119_ 57,S,0,IDFdk3,0,0,0,0,0,0,0,0,0,,
382,12,12_ 382,S,0,IDFdk3,1,0.6,17.1,4,0.4,12,0,0,0,2.2,15.06
82,121,121_ 82,N,0,IDFxm,2,0.6,12,4,0.3,14.8,0.1,0,16.4,2.4,11.64
175,122,122_ 175,N,0,IDFxm,2,0.6,12,4,0.3,14.8,0.1,0,16.4,2.4,11.64
207,122,122_ 207,N,0,IDFxm,2,0.6,12,4,0.3,14.8,0.1,0,16.4,2.4,11.64
46,122,122_ 46,N,0,IDFxm,2,0.6,12,4,0.3,14.8,0.1,0,16.4,2.4,11.64
90,122,122_ 90,N,0,IDFxm,2,0.6,12,4,0.3,14.8,0.1,0,16.4,2.4,11.64
135,123,123_ 135,S,2000,IDFdk3,1,0.6,17.1,2,0.2,12,4,0.2,12,1.8,15.06
302,123,123_ 302,S,0,IDFdk3,1,1,17.1,0,0,0,0,0,0,1,17.1
571,123,123_ 571,S,2000,IDFdk3,1,1,17.1,0,0,0,0,0,0,1,17.1
244,124,124_ 244,N,0,IDFdk3,5,0.7,15,8,0.2,21.9,1,0.1,17.1,5.2,16.59
556,124,124_ 556,N,1000,IDFdk3,5,0.7,15,8,0.2,21.9,1,0.1,17.1,5.2,16.59
387,125,125_ 387,S,0,IDFdk3,1,0.7,17.1,4,0.3,12,0,0,0,1.9,15.57
49,125,125_ 49,S,8000,IDFdk3,1,0.7,17.1,4,0.3,12,0,0,0,1.9,15.57
25,126,126_ 25,S,0,IDFdk3,1,0.7,17.1,4,0.3,12,0,0,0,1.9,15.57
279,126,126_ 279,S,0,IDFdk3,1,0.7,17.1,4,0.3,12,0,0,0,1.9,15.57
94,126,126_ 94,S,0,IDFdk3,1,0.7,17.1,4,0.3,12,0,0,0,1.9,15.57
193,127,127_ 193,S,0,IDFdk3,1,0.7,17.1,4,0.3,12,0,0,0,1.9,15.57
76,127,127_ 76,S,0,IDFdk3,1,0.7,17.1,4,0.3,12,0,0,0,1.9,15.57
140,129,129_ 140,N,0,IDFxm,2,0.5,12,4,0.5,14.8,0,0,0,3,13.4
109,13,13_ 109,S,2000,IDFdk3,1,0.6,17.1,4,0.4,12,0,0,0,2.2,15.06
531,13,13_ 531,S,0,IDFdk3,1,0.6,17.1,4,0.4,12,0,0,0,2.2,15.06
77,13,13_ 77,S,1000,IDFdk3,1,0.6,17.1,4,0.4,12,0,0,0,2.2,15.06
15,131,131_ 15,S,0,IDFdk3,1,0.9,17.1,4,0.1,12,0,0,0,1.3,16.59
158,132,132_ 158,S,0,IDFdk3,1,0.9,17.1,4,0.1,12,0,0,0,1.3,16.59
275,133,133_ 275,S,0,IDFdk3,1,0.9,17.1,4,0.1,12,0,0,0,1.3,16.59
343,133,133_ 343,S,1000,IDFdk3,1,0.9,17.1,4,0.1,12,0,0,0,1.3,16.59
576,133,133_ 576,S,1000,IDFdk3,1,0.9,17.1,4,0.1,12,0,0,0,1.3,16.59
260,134,134_ 260,S,0,IDFdk3,1,0.9,17.1,4,0.1,12,0,0,0,1.3,16.59
334,134,134_ 334,S,0,IDFdk3,1,0.9,17.1,4,0.1,12,0,0,0,1.3,16.59
376,134,134_ 376,S,0,IDFdk3,1,0.9,17.1,4,0.1,12,0,0,0,1.3,16.59
380,134,134_ 380,S,0,IDFdk3,1,0.9,17.1,4,0.1,12,0,0,0,1.3,16.59
430,134,134_ 430,S,0,IDFdk3,1,0.9,17.1,4,0.1,12,0,0,0,1.3,16.59
534,134,134_ 534,S,0,IDFdk3,1,0.9,17.1,4,0.1,12,0,0,0,1.3,16.59
87,134,134_ 87,S,3000,IDFdk3,1,0.9,17.1,4,0.1,12,0,0,0,1.3,16.59
214,135,135_ 214,S,0,IDFdk3,1,0.9,17.1,4,0.1,12,0,0,0,1.3,16.59
342,136,136_ 342,S,0,IDFdk3,1,0.9,17.1,4,0.1,12,0,0,0,1.3,16.59
520,136,136_ 520,S,0,IDFdk3,1,0.9,17.1,4,0.1,12,0,0,0,1.3,16.59
174,137,137_ 174,S,0,IDFdk3,1,0.9,17.1,4,0.1,12,0,0,0,1.3,16.59
120,138,138_ 120,S,0,IDFdk3,1,0.9,17.1,4,0.1,12,0,0,0,1.3,16.59
70,138,138_ 70,S,0,IDFdk3,1,0.9,17.1,4,0.1,12,0,0,0,1.3,16.59
92,138,138_ 92,S,0,IDFdk3,1,0.9,17.1,4,0.1,12,0,0,0,1.3,16.59
105,139,139_ 105,S,0,IDFdk3,1,0.9,17.1,4,0.1,12,0,0,0,1.3,16.59
495,139,139_ 495,S,0,IDFdk3,1,0.9,17.1,4,0.1,12,0,0,0,1.3,16.59
331,14,14_ 331,S,0,IDFxm,1,0.8,16.4,3,0.1,13,0.1,0,14.8,1.1,14.42
405,140,140_ 405,S,1000,IDFdk3,1,0.9,17.1,4,0.1,12,0,0,0,1.3,16.59
35,141,141_ 35,S,5000,IDFdk3,1,0.9,17.1,4,0.1,12,0,0,0,1.3,16.59
427,142,142_ 427,S,0,IDFdk3,1,0.9,17.1,4,0.1,12,0,0,0,1.3,16.59
447,142,142_ 447,S,0,IDFdk3,8,1,21.9,0,0,0,0,0,0,8,21.9
156,143,143_ 156,S,0,IDFdk3,1,0.9,17.1,4,0.1,12,0,0,0,1.3,16.59
112,144,144_ 112,S,0,IDFdk3,1,0.9,17.1,4,0.1,12,0,0,0,1.3,16.59
358,144,144_ 358,S,0,IDFdk3,1,0.9,17.1,4,0.1,12,0,0,0,1.3,16.59
546,145,145_ 546,S,0,IDFdk3,1,0.9,17.1,4,0.1,12,0,0,0,1.3,16.59
255,147,147_ 255,S,0,IDFdk3,8,0.5,21.9,4,0.3,12,5,0.2,15,6.2,17.55
187,148,148_ 187,S,0,IDFdk3,8,0.8,21.9,5,0.2,15,0,0,0,7.4,20.52
346,148,148_ 346,S,0,IDFdk3,1,0.9,17.1,4,0.1,12,0,0,0,1.3,16.59
352,148,148_ 352,S,0,IDFdk3,1,0.9,17.1,4,0.1,12,0,0,0,1.3,16.59
102,149,149_ 102,S,0,IDFdk3,1,0.6,17.1,4,0.4,12,0,0,0,2.2,15.06
249,149,149_ 249,S,0,IDFdk3,1,0.6,17.1,4,0.4,12,0,0,0,2.2,15.06
289,149,149_ 289,S,0,IDFdk3,1,0.6,17.1,4,0.4,12,0,0,0,2.2,15.06
83,149,149_ 83,S,0,IDFdk3,1,0.6,17.1,4,0.4,12,0,0,0,2.2,15.06
145,150,150_ 145,S,1000,IDFdk3,1,0.6,17.1,4,0.4,12,0,0,0,2.2,15.06
544,150,150_ 544,S,0,IDFdk3,1,0.6,17.1,4,0.4,12,0,0,0,2.2,15.06
149,151,151_ 149,S,0,IDFdk3,8,0.8,21.9,5,0.2,15,0,0,0,7.4,20.52
338,151,151_ 338,S,0,IDFdk3,8,0.5,21.9,4,0.3,12,5,0.2,15,6.2,17.55
350,151,151_ 350,S,0,IDFdk3,8,0.5,21.9,4,0.3,12,5,0.2,15,6.2,17.55
499,151,151_ 499,S,0,IDFdk3,8,0.5,21.9,4,0.3,12,5,0.2,15,6.2,17.55
566,151,151_ 566,S,0,IDFdk3,8,0.5,21.9,4,0.3,12,5,0.2,15,6.2,17.55
490,154,154_ 490,S,1000,IDFdk3,8,0.8,21.9,1,0.2,17.1,0,0,0,6.6,20.94
104,155,155_ 104,S,10000,IDFdk3,5,0.7,15,8,0.2,21.9,1,0.1,17.1,5.2,16.59
108,155,155_ 108,N,3000,IDFdk3,8,0.8,21.9,1,0.2,17.1,0,0,0,6.6,20.94
143,155,155_ 143,S,6000,IDFdk3,8,0.8,21.9,1,0.2,17.1,0,0,0,6.6,20.94
181,155,155_ 181,N,17000,IDFdk3,8,0.8,21.9,1,0.2,17.1,0,0,0,6.6,20.94
299,155,155_ 299,N,0,IDFdk3,8,0.8,21.9,1,0.2,17.1,0,0,0,6.6,20.94
369,155,155_ 369,N,4000,IDFdk3,8,0.8,21.9,1,0.2,17.1,0,0,0,6.6,20.94
440,155,155_ 440,S,0,IDFdk3,1,0.8,17.1,8,0.2,21.9,0,0,0,2.4,18.06
444,155,155_ 444,S,0,IDFdk3,8,0.8,21.9,1,0.2,17.1,0,0,0,6.6,20.94
446,155,155_ 446,N,0,IDFdk3,8,0.8,21.9,1,0.2,17.1,0,0,0,6.6,20.94
451,155,155_ 451,N,0,IDFdk3,8,0.8,21.9,1,0.2,17.1,0,0,0,6.6,20.94
471,155,155_ 471,N,4000,IDFdk3,8,0.8,21.9,1,0.2,17.1,0,0,0,6.6,20.94
528,155,155_ 528,N,0,IDFdk3,5,0.7,15,8,0.2,21.9,1,0.1,17.1,5.2,16.59
545,155,155_ 545,N,0,IDFdk3,8,0.8,21.9,1,0.2,17.1,0,0,0,6.6,20.94
63,155,155_ 63,N,11000,IDFdk3,8,0.8,21.9,1,0.2,17.1,0,0,0,6.6,20.94
354,156,156_ 354,N,3000,IDFdk3,8,0.8,21.9,1,0.2,17.1,0,0,0,6.6,20.94
554,156,156_ 554,S,0,IDFdk3,8,0.8,21.9,1,0.2,17.1,0,0,0,6.6,20.94
485,157,157_ 485,S,26000,IDFdk3,1,0.8,17.1,8,0.2,21.9,0,0,0,2.4,18.06
518,157,157_ 518,S,45000,IDFdk3,1,0.8,17.1,8,0.2,21.9,0,0,0,2.4,18.06
115,160,160_ 115,N,0,IDFdk3,1,0.8,17.1,8,0.2,21.9,0,0,0,2.4,18.06
197,160,160_ 197,N,0,IDFdk3,1,0.8,17.1,8,0.2,21.9,0,0,0,2.4,18.06
373,160,160_ 373,N,0,IDFdk3,1,0.8,17.1,8,0.2,21.9,0,0,0,2.4,18.06
543,161,161_ 543,S,34000,IDFdk3,8,1,21.9,0,0,0,0,0,0,8,21.9
229,162,162_ 229,S,0,IDFdk3,1,1,17.1,0,0,0,0,0,0,1,17.1
95,162,162_ 95,S,6000,IDFdk3,1,1,17.1,0,0,0,0,0,0,1,17.1
295,163,163_ 295,N,2000,IDFdk3,1,0.8,17.1,8,0.2,21.9,0,0,0,2.4,18.06
85,165,165_ 85,N,0,IDFdk3,10,1,0,0,0,0,0,0,0,10,
122,167,167_ 122,N,0,IDFdk3,5,1,15,0,0,0,0,0,0,5,15
396,167,167_ 396,N,0,IDFdk3,5,1,15,0,0,0,0,0,0,5,15
464,167,167_ 464,N,0,IDFdk3,5,1,15,0,0,0,0,0,0,5,15
301,169,169_ 301,N,0,IDFdk3,8,1,21.9,0,0,0,0,0,0,8,21.9
309,169,169_ 309,N,0,IDFdk3,8,1,21.9,0,0,0,0,0,0,8,21.9
147,17,17_ 147,S,1000,IDFdk3,1,0.6,17.1,4,0.4,12,0,0,0,2.2,15.06
203,17,17_ 203,S,0,IDFdk3,1,0.6,17.1,4,0.4,12,0,0,0,2.2,15.06
280,17,17_ 280,S,0,IDFdk3,1,0.6,17.1,4,0.4,12,0,0,0,2.2,15.06
37,17,17_ 37,S,0,IDFdk3,1,0.6,17.1,4,0.4,12,0,0,0,2.2,15.06
498,17,17_ 498,S,1000,IDFdk3,1,0.6,17.1,4,0.4,12,0,0,0,2.2,15.06
541,17,17_ 541,S,0,IDFdk3,1,0.6,17.1,4,0.4,12,0,0,0,2.2,15.06
581,17,17_ 581,S,0,IDFdk3,1,0.6,17.1,4,0.4,12,0,0,0,2.2,15.06
242,170,170_ 242,N,0,IDFdk3,5,1,15,0,0,0,0,0,0,5,15
332,170,170_ 332,N,0,IDFdk3,5,1,15,0,0,0,0,0,0,5,15
465,170,170_ 465,N,0,IDFdk3,5,1,15,0,0,0,0,0,0,5,15
513,170,170_ 513,N,0,IDFdk3,5,1,15,0,0,0,0,0,0,5,15
67,170,170_ 67,N,0,IDFdk3,5,1,15,0,0,0,0,0,0,5,15
587,171,171_ 587,S,0,,,,,,,,,,,,
13,172,172_ 13,N,0,IDFdk3,9,1,0,0,0,0,0,0,0,9,
268,172,172_ 268,N,0,IDFdk3,0,0,0,0,0,0,0,0,0,,
326,172,172_ 326,N,0,IDFdk3,0,0,0,0,0,0,0,0,0,,
410,172,172_ 410,N,0,IDFdk3,9,1,0,0,0,0,0,0,0,9,
582,172,172_ 582,N,0,IDFdk3,9,1,0,0,0,0,0,0,0,9,
216,173,173_ 216,N,0,,,,,,,,,,,,
263,173,173_ 263,N,1000,IDFdk3,7,0.8,20.2,5,0.1,15,8,0.1,21.9,6.9,19.85
296,173,173_ 296,N,3000,IDFdk3,7,0.8,20.2,5,0.1,15,8,0.1,21.9,6.9,19.85
51,173,173_ 51,N,0,IDFdk3,7,0.8,20.2,5,0.1,15,8,0.1,21.9,6.9,19.85
65,173,173_ 65,N,1000,,,,,,,,,,,,
68,173,173_ 68,N,5000,IDFdk3,5,0.8,15,8,0.2,21.9,0,0,0,5.6,16.38
201,174,174_ 201,N,5000,IDFdk3,5,0.8,15,8,0.2,21.9,0,0,0,5.6,16.38
27,174,174_ 27,N,0,IDFdk3,5,0.8,15,8,0.2,21.9,0,0,0,5.6,16.38
285,174,174_ 285,N,2000,IDFdk3,5,0.8,15,8,0.2,21.9,0,0,0,5.6,16.38
291,174,174_ 291,N,1000,IDFdk3,5,0.8,15,8,0.2,21.9,0,0,0,5.6,16.38
328,174,174_ 328,N,0,IDFdk3,5,0.8,15,8,0.2,21.9,0,0,0,5.6,16.38
162,175,175_ 162,S,1000,IDFdk3,1,1,17.1,0,0,0,0,0,0,1,17.1
200,175,175_ 200,S,2000,IDFdk3,1,1,17.1,0,0,0,0,0,0,1,17.1
21,175,175_ 21,S,0,IDFdk3,1,1,17.1,0,0,0,0,0,0,1,17.1
210,175,175_ 210,S,0,IDFdk3,1,1,17.1,0,0,0,0,0,0,1,17.1
227,175,175_ 227,S,11000,IDFdk3,1,1,17.1,0,0,0,0,0,0,1,17.1
31,175,175_ 31,S,2000,IDFdk3,1,1,17.1,0,0,0,0,0,0,1,17.1
341,175,175_ 341,S,1000,IDFdk3,1,1,17.1,0,0,0,0,0,0,1,17.1
381,175,175_ 381,S,13000,IDFdk3,1,1,17.1,0,0,0,0,0,0,1,17.1
431,175,175_ 431,S,0,IDFdk3,1,1,17.1,0,0,0,0,0,0,1,17.1
433,175,175_ 433,S,2000,IDFdk3,1,1,17.1,0,0,0,0,0,0,1,17.1
443,175,175_ 443,S,3000,IDFdk3,1,1,17.1,0,0,0,0,0,0,1,17.1
449,175,175_ 449,S,0,IDFdk3,1,1,17.1,0,0,0,0,0,0,1,17.1
45,175,175_ 45,S,1000,IDFdk3,1,1,17.1,0,0,0,0,0,0,1,17.1
457,175,175_ 457,S,0,IDFdk3,1,1,17.1,0,0,0,0,0,0,1,17.1
497,175,175_ 497,S,0,IDFdk3,1,1,17.1,0,0,0,0,0,0,1,17.1
500,175,175_ 500,S,0,IDFdk3,1,1,17.1,0,0,0,0,0,0,1,17.1
125,176,176_ 125,S,12000,IDFdk3,1,1,17.1,0,0,0,0,0,0,1,17.1
161,176,176_ 161,S,0,IDFdk3,1,1,17.1,0,0,0,0,0,0,1,17.1
228,176,176_ 228,S,6000,IDFdk3,1,1,17.1,0,0,0,0,0,0,1,17.1
26,176,176_ 26,S,7000,IDFdk3,1,1,17.1,0,0,0,0,0,0,1,17.1
262,176,176_ 262,S,0,IDFdk3,1,1,17.1,0,0,0,0,0,0,1,17.1
195,177,177_ 195,S,5000,IDFdk3,1,1,17.1,0,0,0,0,0,0,1,17.1
226,177,177_ 226,S,0,IDFdk3,1,1,17.1,0,0,0,0,0,0,1,17.1
505,177,177_ 505,S,2000,IDFdk3,1,1,17.1,0,0,0,0,0,0,1,17.1
153,178,178_ 153,N,1000,IDFdk3,1,1,17.1,0,0,0,0,0,0,1,17.1
320,178,178_ 320,S,10000,IDFdk3,1,1,17.1,0,0,0,0,0,0,1,17.1
555,179,179_ 555,N,0,IDFdk3,7,0.8,20.2,5,0.1,15,8,0.1,21.9,6.9,19.85
113,180,180_ 113,S,25000,IDFdk3,1,1,17.1,0,0,0,0,0,0,1,17.1
264,180,180_ 264,S,30000,IDFdk3,1,1,17.1,0,0,0,0,0,0,1,17.1
311,180,180_ 311,S,7000,IDFdk3,1,0.8,17.1,8,0.2,21.9,0,0,0,2.4,18.06
368,182,182_ 368,N,0,IDFdk3,7,0.8,20.2,5,0.1,15,8,0.1,21.9,6.9,19.85
363,183,183_ 363,S,2000,IDFdk3,1,1,17.1,0,0,0,0,0,0,1,17.1
306,184,184_ 306,S,3000,IDFdk3,1,1,17.1,0,0,0,0,0,0,1,17.1
117,185,185_ 117,S,0,IDFdk3,1,0.8,17.1,8,0.2,21.9,0,0,0,2.4,18.06
142,185,185_ 142,S,10000,IDFdk3,1,0.6,17.1,8,0.4,21.9,0,0,0,3.8,19.02
178,185,185_ 178,S,2000,IDFdk3,1,0.6,17.1,8,0.4,21.9,0,0,0,3.8,19.02
190,185,185_ 190,S,0,IDFdk3,1,1,17.1,0,0,0,0,0,0,1,17.1
277,185,185_ 277,S,13000,IDFdk3,1,1,17.1,0,0,0,0,0,0,1,17.1
297,185,185_ 297,S,1000,IDFdk3,1,1,17.1,0,0,0,0,0,0,1,17.1
351,185,185_ 351,S,11000,IDFdk3,1,0.6,17.1,8,0.4,21.9,0,0,0,3.8,19.02
515,185,185_ 515,S,2000,IDFdk3,1,1,17.1,0,0,0,0,0,0,1,17.1
526,185,185_ 526,S,0,IDFdk3,1,0.6,17.1,8,0.4,21.9,0,0,0,3.8,19.02
577,185,185_ 577,N,10000,IDFdk3,1,0.8,17.1,8,0.2,21.9,0,0,0,2.4,18.06
66,185,185_ 66,S,5000,IDFdk3,1,1,17.1,0,0,0,0,0,0,1,17.1
71,185,185_ 71,S,0,IDFdk3,1,1,17.1,0,0,0,0,0,0,1,17.1
414,187,187_ 414,N,0,IDFdk3,7,0.8,20.2,5,0.1,15,8,0.1,21.9,6.9,19.85
463,187,187_ 463,N,1000,IDFdk3,5,0.8,15,8,0.2,21.9,0,0,0,5.6,16.38
466,187,187_ 466,N,0,IDFdk3,7,0.8,20.2,5,0.1,15,8,0.1,21.9,6.9,19.85
121,188,188_ 121,N,0,IDFdk3,1,1,17.1,0,0,0,0,0,0,1,17.1
146,188,188_ 146,N,1000,IDFdk3,1,1,17.1,0,0,0,0,0,0,1,17.1
250,189,189_ 250,N,10000,IDFdk3,1,0.8,17.1,8,0.2,21.9,0,0,0,2.4,18.06
284,189,189_ 284,N,19000,IDFdk3,1,0.8,17.1,8,0.2,21.9,0,0,0,2.4,18.06
557,189,189_ 557,N,23000,IDFdk3,1,0.8,17.1,8,0.2,21.9,0,0,0,2.4,18.06
336,19,19_ 336,S,0,IDFdk3,1,0.6,17.1,4,0.4,12,0,0,0,2.2,15.06
165,192,192_ 165,S,57000,IDFdk3,1,1,17.1,0,0,0,0,0,0,1,17.1
215,193,193_ 215,S,4000,IDFdk3,1,0.6,17.1,8,0.4,21.9,0,0,0,3.8,19.02
28,193,193_ 28,S,9000,IDFdk3,1,0.6,17.1,8,0.4,21.9,0,0,0,3.8,19.02
310,194,194_ 310,S,1000,IDFdk3,1,1,17.1,0,0,0,0,0,0,1,17.1
365,194,194_ 365,S,0,IDFdk3,1,1,17.1,0,0,0,0,0,0,1,17.1
536,194,194_ 536,S,2000,IDFdk3,1,1,17.1,0,0,0,0,0,0,1,17.1
177,196,196_ 177,S,0,IDFdk3,1,1,17.1,0,0,0,0,0,0,1,17.1
248,196,196_ 248,S,0,IDFdk3,8,1,21.9,0,0,0,0,0,0,8,21.9
286,196,196_ 286,S,11000,IDFdk3,8,1,21.9,0,0,0,0,0,0,8,21.9
313,196,196_ 313,S,2000,IDFdk3,8,1,21.9,0,0,0,0,0,0,8,21.9
424,196,196_ 424,S,4000,IDFdk3,8,1,21.9,0,0,0,0,0,0,8,21.9
445,196,196_ 445,N,5000,IDFdk3,8,1,21.9,0,0,0,0,0,0,8,21.9
552,196,196_ 552,S,0,IDFdk3,1,0.8,17.1,8,0.2,21.9,0,0,0,2.4,18.06
575,196,196_ 575,S,0,IDFdk3,8,1,21.9,0,0,0,0,0,0,8,21.9
404,197,197_ 404,S,4000,IDFdk3,1,1,17.1,0,0,0,0,0,0,1,17.1
171,199,199_ 171,S,4000,IDFdk3,1,1,17.1,0,0,0,0,0,0,1,17.1
386,199,199_ 386,S,0,IDFdk3,1,1,17.1,0,0,0,0,0,0,1,17.1
506,199,199_ 506,S,0,IDFdk3,1,0.8,17.1,8,0.2,21.9,0,0,0,2.4,18.06
583,199,199_ 583,S,7000,IDFdk3,1,1,17.1,0,0,0,0,0,0,1,17.1
154,2,2_ 154,S,0,IDFdk3,1,0.6,17.1,4,0.4,12,0,0,0,2.2,15.06
238,2,2_ 238,S,1000,IDFdk3,1,0.6,17.1,4,0.4,12,0,0,0,2.2,15.06
281,2,2_ 281,S,2000,IDFdk3,1,0.6,17.1,4,0.4,12,0,0,0,2.2,15.06
292,2,2_ 292,S,0,IDFdk3,1,0.6,17.1,4,0.4,12,0,0,0,2.2,15.06
317,2,2_ 317,S,0,IDFdk3,1,0.6,17.1,4,0.4,12,0,0,0,2.2,15.06
330,2,2_ 330,S,1000,IDFdk3,1,0.6,17.1,4,0.4,12,0,0,0,2.2,15.06
434,2,2_ 434,S,0,IDFdk3,1,0.6,17.1,4,0.4,12,0,0,0,2.2,15.06
486,2,2_ 486,S,0,IDFdk3,1,0.6,17.1,4,0.4,12,0,0,0,2.2,15.06
503,2,2_ 503,S,0,IDFdk3,1,0.6,17.1,4,0.4,12,0,0,0,2.2,15.06
522,2,2_ 522,S,2000,IDFdk3,1,0.6,17.1,4,0.4,12,0,0,0,2.2,15.06
59,2,2_ 59,S,0,IDFdk3,1,0.6,17.1,4,0.4,12,0,0,0,2.2,15.06
155,20,20_ 155,S,0,IDFdk3,1,0.6,17.1,4,0.4,12,0,0,0,2.2,15.06
164,20,20_ 164,S,1000,IDFdk3,1,0.6,17.1,4,0.4,12,0,0,0,2.2,15.06
189,20,20_ 189,S,0,IDFdk3,1,0.6,17.1,4,0.4,12,0,0,0,2.2,15.06
20,20,20_ 20,S,0,IDFdk3,1,0.6,17.1,4,0.4,12,0,0,0,2.2,15.06
235,20,20_ 235,S,0,IDFdk3,1,0.6,17.1,4,0.4,12,0,0,0,2.2,15.06
239,20,20_ 239,S,0,IDFdk3,1,0.6,17.1,4,0.4,12,0,0,0,2.2,15.06
312,20,20_ 312,S,0,IDFdk3,1,0.6,17.1,4,0.4,12,0,0,0,2.2,15.06
324,20,20_ 324,S,0,IDFdk3,1,0.6,17.1,4,0.4,12,0,0,0,2.2,15.06
428,20,20_ 428,S,0,IDFdk3,1,0.6,17.1,4,0.4,12,0,0,0,2.2,15.06
483,20,20_ 483,S,1000,IDFdk3,1,0.6,17.1,4,0.4,12,0,0,0,2.2,15.06
484,20,20_ 484,S,1000,IDFdk3,1,0.6,17.1,4,0.4,12,0,0,0,2.2,15.06
491,20,20_ 491,S,0,IDFdk3,1,0.6,17.1,4,0.4,12,0,0,0,2.2,15.06
9,20,20_ 9,S,0,IDFdk3,1,0.6,17.1,4,0.4,12,0,0,0,2.2,15.06
329,200,200_ 329,S,3000,IDFdk3,1,1,17.1,0,0,0,0,0,0,1,17.1
62,200,200_ 62,S,9000,IDFdk3,1,0.8,17.1,8,0.2,21.9,0,0,0,2.4,18.06
355,201,201_ 355,S,14000,IDFdk3,1,1,17.1,0,0,0,0,0,0,1,17.1
364,201,201_ 364,N,4000,IDFdk3,1,1,17.1,0,0,0,0,0,0,1,17.1
529,201,201_ 529,S,0,IDFdk3,1,1,17.1,0,0,0,0,0,0,1,17.1
129,202,202_ 129,N,12000,IDFdk3,1,1,17.1,0,0,0,0,0,0,1,17.1
131,202,202_ 131,N,1000,IDFdk3,1,1,17.1,0,0,0,0,0,0,1,17.1
168,202,202_ 168,N,2000,IDFdk3,1,1,17.1,0,0,0,0,0,0,1,17.1
184,202,202_ 184,N,2000,IDFdk3,1,0.8,17.1,8,0.2,21.9,0,0,0,2.4,18.06
194,202,202_ 194,S,8000,IDFdk3,1,0.8,17.1,8,0.2,21.9,0,0,0,2.4,18.06
257,202,202_ 257,S,0,IDFdk3,1,0.8,17.1,8,0.2,21.9,0,0,0,2.4,18.06
288,202,202_ 288,N,14000,IDFdk3,1,1,17.1,0,0,0,0,0,0,1,17.1
307,202,202_ 307,S,2000,IDFdk3,1,0.8,17.1,8,0.2,21.9,0,0,0,2.4,18.06
423,202,202_ 423,N,1000,IDFdk3,1,1,17.1,0,0,0,0,0,0,1,17.1
437,202,202_ 437,N,11000,IDFdk3,1,1,17.1,0,0,0,0,0,0,1,17.1
468,202,202_ 468,N,1000,IDFdk3,1,1,17.1,0,0,0,0,0,0,1,17.1
530,202,202_ 530,N,39000,IDFdk3,1,1,17.1,0,0,0,0,0,0,1,17.1
245,203,203_ 245,N,5000,IDFdk3,1,1,17.1,0,0,0,0,0,0,1,17.1
401,204,204_ 401,S,9000,IDFdk3,1,1,17.1,0,0,0,0,0,0,1,17.1
48,204,204_ 48,S,1000,IDFdk3,1,1,17.1,0,0,0,0,0,0,1,17.1
106,205,205_ 106,S,1000,IDFdk3,1,1,17.1,0,0,0,0,0,0,1,17.1
2,205,205_ 2,S,0,IDFdk3,1,1,17.1,0,0,0,0,0,0,1,17.1
211,205,205_ 211,S,0,IDFdk3,1,1,17.1,0,0,0,0,0,0,1,17.1
237,205,205_ 237,S,0,IDFdk3,1,1,17.1,0,0,0,0,0,0,1,17.1
472,205,205_ 472,S,0,IDFdk3,1,1,17.1,0,0,0,0,0,0,1,17.1
514,205,205_ 514,S,0,IDFdk3,1,1,17.1,0,0,0,0,0,0,1,17.1
584,205,205_ 584,S,8000,IDFdk3,1,1,17.1,0,0,0,0,0,0,1,17.1
588,205,205_ 588,S,7000,IDFdk3,1,1,17.1,0,0,0,0,0,0,1,17.1
111,206,206_ 111,S,17000,IDFdk3,1,0.8,17.1,8,0.2,21.9,0,0,0,2.4,18.06
138,206,206_ 138,S,6000,IDFdk3,1,1,17.1,0,0,0,0,0,0,1,17.1
319,206,206_ 319,S,2000,IDFdk3,1,1,17.1,0,0,0,0,0,0,1,17.1
524,206,206_ 524,S,4000,IDFdk3,1,1,17.1,0,0,0,0,0,0,1,17.1
548,206,206_ 548,S,6000,IDFdk3,1,1,17.1,0,0,0,0,0,0,1,17.1
72,206,206_ 72,N,0,IDFdk3,1,1,17.1,0,0,0,0,0,0,1,17.1
467,208,208_ 467,S,0,IDFdk3,1,1,17.1,0,0,0,0,0,0,1,17.1
6,209,209_ 6,S,6000,IDFdk3,1,1,17.1,0,0,0,0,0,0,1,17.1
304,21,21_ 304,S,0,IDFdk3,1,0.6,17.1,4,0.4,12,0,0,0,2.2,15.06
377,21,21_ 377,S,4000,IDFdk3,1,0.6,17.1,4,0.4,12,0,0,0,2.2,15.06
432,21,21_ 432,N,0,IDFdk3,1,0.6,17.1,4,0.4,12,0,0,0,2.2,15.06
323,210,210_ 323,S,5000,IDFdk3,0,0,0,0,0,0,0,0,0,,
450,210,210_ 450,S,28000,IDFdk3,1,1,17.1,0,0,0,0,0,0,1,17.1
141,211,211_ 141,S,18000,IDFdk3,1,1,17.1,0,0,0,0,0,0,1,17.1
283,211,211_ 283,S,27000,IDFdk3,1,1,17.1,0,0,0,0,0,0,1,17.1
33,211,211_ 33,S,9000,IDFdk3,8,1,21.9,0,0,0,0,0,0,8,21.9
69,211,211_ 69,S,8000,IDFdk3,1,1,17.1,0,0,0,0,0,0,1,17.1
356,213,213_ 356,S,2000,IDFdk3,1,1,17.1,0,0,0,0,0,0,1,17.1
422,213,213_ 422,S,0,IDFdk3,1,1,17.1,0,0,0,0,0,0,1,17.1
435,213,213_ 435,S,0,IDFdk3,1,1,17.1,0,0,0,0,0,0,1,17.1
460,213,213_ 460,S,3000,IDFdk3,1,1,17.1,0,0,0,0,0,0,1,17.1
573,213,213_ 573,S,0,IDFdk3,1,1,17.1,0,0,0,0,0,0,1,17.1
43,214,214_ 43,S,3000,IDFdk3,1,1,17.1,0,0,0,0,0,0,1,17.1
124,216,216_ 124,S,6000,IDFdk3,1,1,17.1,0,0,0,0,0,0,1,17.1
128,216,216_ 128,N,27000,IDFdk3,1,1,17.1,0,0,0,0,0,0,1,17.1
157,216,216_ 157,S,0,IDFdk3,1,1,17.1,0,0,0,0,0,0,1,17.1
185,216,216_ 185,N,2000,IDFdk3,1,1,17.1,0,0,0,0,0,0,1,17.1
246,216,216_ 246,N,25000,IDFdk3,1,1,17.1,0,0,0,0,0,0,1,17.1
322,216,216_ 322,N,0,IDFdk3,1,1,17.1,0,0,0,0,0,0,1,17.1
344,216,216_ 344,S,1000,IDFdk3,1,1,17.1,0,0,0,0,0,0,1,17.1
379,216,216_ 379,S,0,IDFdk3,1,1,17.1,0,0,0,0,0,0,1,17.1
53,216,216_ 53,N,5000,IDFdk3,1,1,17.1,0,0,0,0,0,0,1,17.1
553,216,216_ 553,N,0,IDFdk3,1,1,17.1,0,0,0,0,0,0,1,17.1
586,216,216_ 586,S,2000,IDFdk3,1,1,17.1,0,0,0,0,0,0,1,17.1
159,217,217_ 159,S,2000,IDFdk3,1,1,17.1,0,0,0,0,0,0,1,17.1
169,217,217_ 169,S,3000,IDFdk3,1,1,17.1,0,0,0,0,0,0,1,17.1
589,217,217_ 589,S,0,IDFdk3,1,1,17.1,0,0,0,0,0,0,1,17.1
243,218,218_ 243,S,1000,IDFdk3,1,1,17.1,0,0,0,0,0,0,1,17.1
507,219,219_ 507,S,3000,IDFdk3,1,1,17.1,0,0,0,0,0,0,1,17.1
532,22,22_ 532,S,0,IDFxm,1,1,16.4,0,0,0,0,0,0,1,16.4
222,220,220_ 222,S,19000,IDFdk3,1,1,17.1,0,0,0,0,0,0,1,17.1
240,220,220_ 240,S,3000,IDFdk3,1,1,17.1,0,0,0,0,0,0,1,17.1
274,220,220_ 274,S,0,IDFdk3,1,1,17.1,0,0,0,0,0,0,1,17.1
378,220,220_ 378,S,3000,IDFdk3,1,1,17.1,0,0,0,0,0,0,1,17.1
411,220,220_ 411,S,6000,IDFdk3,1,1,17.1,0,0,0,0,0,0,1,17.1
436,220,220_ 436,S,0,IDFdk3,1,1,17.1,0,0,0,0,0,0,1,17.1
479,220,220_ 479,S,1000,IDFdk3,1,1,17.1,0,0,0,0,0,0,1,17.1
96,220,220_ 96,S,1000,IDFdk3,1,1,17.1,0,0,0,0,0,0,1,17.1
371,223,223_ 371,S,2000,IDFdk3,1,1,17.1,0,0,0,0,0,0,1,17.1
188,225,225_ 188,S,8000,IDFdk3,1,1,17.1,0,0,0,0,0,0,1,17.1
212,225,225_ 212,S,0,IDFdk3,1,1,17.1,0,0,0,0,0,0,1,17.1
370,225,225_ 370,S,1000,IDFdk3,1,1,17.1,0,0,0,0,0,0,1,17.1
265,226,226_ 265,N,3000,IDFdk3,1,1,17.1,0,0,0,0,0,0,1,17.1
97,226,226_ 97,N,9000,IDFdk3,1,1,17.1,0,0,0,0,0,0,1,17.1
585,227,227_ 585,S,1000,IDFdk3,1,1,17.1,0,0,0,0,0,0,1,17.1
399,228,228_ 399,S,3000,IDFdk3,1,1,17.1,0,0,0,0,0,0,1,17.1
406,229,229_ 406,S,0,IDFdk3,1,1,17.1,0,0,0,0,0,0,1,17.1
565,229,229_ 565,S,4000,IDFdk3,1,1,17.1,0,0,0,0,0,0,1,17.1
594,23,23_ 594,S,0,IDFxm,1,0.8,16.4,3,0.1,13,0.1,0,14.8,1.1,14.42
276,230,230_ 276,S,5000,IDFdk3,1,1,17.1,0,0,0,0,0,0,1,17.1
318,230,230_ 318,S,0,IDFdk3,1,1,17.1,0,0,0,0,0,0,1,17.1
150,231,231_ 150,S,0,IDFdk3,1,1,17.1,0,0,0,0,0,0,1,17.1
567,231,231_ 567,S,9000,IDFdk3,1,1,17.1,0,0,0,0,0,0,1,17.1
166,232,232_ 166,S,18000,IDFdk3,1,1,17.1,0,0,0,0,0,0,1,17.1
559,232,232_ 559,S,3000,IDFdk3,1,1,17.1,0,0,0,0,0,0,1,17.1
392,233,233_ 392,S,0,IDFdk3,1,1,17.1,0,0,0,0,0,0,1,17.1
340,235,235_ 340,S,3000,IDFdk3,1,1,17.1,0,0,0,0,0,0,1,17.1
209,236,236_ 209,S,0,IDFdk3,1,1,17.1,0,0,0,0,0,0,1,17.1
455,236,236_ 455,S,0,IDFdk3,1,1,17.1,0,0,0,0,0,0,1,17.1
509,236,236_ 509,S,1000,IDFdk3,1,1,17.1,0,0,0,0,0,0,1,17.1
501,237,237_ 501,S,2000,IDFdk3,1,1,17.1,0,0,0,0,0,0,1,17.1
542,237,237_ 542,N,0,IDFdk3,1,1,17.1,0,0,0,0,0,0,1,17.1
599,237,237_ 599,N,1000,IDFdk3,1,1,17.1,0,0,0,0,0,0,1,17.1
84,237,237_ 84,N,0,IDFdk3,1,1,17.1,0,0,0,0,0,0,1,17.1
208,238,238_ 208,S,0,IDFdk3,1,1,17.1,0,0,0,0,0,0,1,17.1
316,239,239_ 316,S,0,IDFdk3,1,1,17.1,0,0,0,0,0,0,1,17.1
383,239,239_ 383,N,3000,IDFdk3,1,1,17.1,0,0,0,0,0,0,1,17.1
494,26,26_ 494,S,0,IDFdk3,1,0.6,17.1,4,0.4,12,0,0,0,2.2,15.06
535,26,26_ 535,S,0,IDFdk3,1,0.6,17.1,4,0.4,12,0,0,0,2.2,15.06
308,28,28_ 308,S,0,IDFxm,1,0.4,16.4,3,0.4,13,0.2,0,14.8,1.6,11.76
398,29,29_ 398,S,0,IDFxm,1,0.8,16.4,4,0.2,14.8,0,0,0,1.6,16.08
170,30,30_ 170,S,0,IDFxm,1,0.8,16.4,4,0.2,14.8,0,0,0,1.6,16.08
42,30,30_ 42,S,0,IDFxm,1,0.8,16.4,4,0.2,14.8,0,0,0,1.6,16.08
130,31,31_ 130,S,0,IDFdk3,1,0.6,17.1,4,0.4,12,0,0,0,2.2,15.06
139,31,31_ 139,S,0,IDFdk3,1,0.6,17.1,4,0.4,12,0,0,0,2.2,15.06
429,31,31_ 429,S,0,IDFdk3,1,0.6,17.1,4,0.4,12,0,0,0,2.2,15.06
470,31,31_ 470,S,0,IDFdk3,1,0.6,17.1,4,0.4,12,0,0,0,2.2,15.06
504,31,31_ 504,S,5000,IDFdk3,1,0.6,17.1,4,0.4,12,0,0,0,2.2,15.06
597,31,31_ 597,S,0,IDFdk3,1,0.6,17.1,4,0.4,12,0,0,0,2.2,15.06
75,31,31_ 75,S,0,IDFdk3,1,0.6,17.1,4,0.4,12,0,0,0,2.2,15.06
167,33,33_ 167,S,0,IDFxm,1,0.8,16.4,4,0.2,14.8,0,0,0,1.6,16.08
74,33,33_ 74,S,0,IDFxm,1,0.8,16.4,4,0.2,14.8,0,0,0,1.6,16.08
137,34,34_ 137,S,0,IDFxm,1,0.8,16.4,4,0.2,14.8,0,0,0,1.6,16.08
407,34,34_ 407,S,0,IDFxm,1,0.8,16.4,4,0.2,14.8,0,0,0,1.6,16.08
390,35,35_ 390,S,1000,IDFdk3,1,0.6,17.1,4,0.4,12,0,0,0,2.2,15.06
448,35,35_ 448,S,0,IDFdk3,1,0.6,17.1,4,0.4,12,0,0,0,2.2,15.06
397,36,36_ 397,S,0,IDFxm,1,0.8,16.4,4,0.2,14.8,0,0,0,1.6,16.08
271,37,37_ 271,S,0,IDFxm,1,0.8,16.4,4,0.2,14.8,0,0,0,1.6,16.08
256,38,38_ 256,S,0,IDFxm,1,0.8,16.4,4,0.2,14.8,0,0,0,1.6,16.08
273,39,39_ 273,S,0,IDFxm,1,0.8,16.4,4,0.2,14.8,0,0,0,1.6,16.08
508,39,39_ 508,S,0,IDFxm,1,0.8,16.4,4,0.2,14.8,0,0,0,1.6,16.08
537,39,39_ 537,S,0,IDFxm,1,0.8,16.4,4,0.2,14.8,0,0,0,1.6,16.08
191,4,4_ 191,S,0,IDFdk3,1,0.6,17.1,4,0.4,12,0,0,0,2.2,15.06
580,4,4_ 580,S,0,IDFdk3,1,0.6,17.1,4,0.4,12,0,0,0,2.2,15.06
100,41,41_ 100,S,0,IDFxm/IDFdk3,4,0.7,13.4,1,0.3,16.75,0,0,0,3.1,14.405
362,41,41_ 362,S,0,IDFxm/IDFdk3,4,0.7,13.4,1,0.3,16.75,0,0,0,3.1,14.405
493,41,41_ 493,S,0,IDFxm/IDFdk3,4,0.7,13.4,1,0.3,16.75,0,0,0,3.1,14.405
558,41,41_ 558,S,0,IDFxm/IDFdk3,4,0.7,13.4,1,0.3,16.75,0,0,0,3.1,14.405
58,41,41_ 58,S,0,IDFxm/IDFdk3,4,0.7,13.4,1,0.3,16.75,0,0,0,3.1,14.405
600,41,41_ 600,S,1000,IDFxm/IDFdk3,4,0.7,13.4,1,0.3,16.75,0,0,0,3.1,14.405
73,41,41_ 73,S,0,IDFxm/IDFdk3,4,0.7,13.4,1,0.3,16.75,0,0,0,3.1,14.405
173,42,42_ 173,S,0,IDFxm/IDFdk3,4,0.7,13.4,1,0.3,16.75,0,0,0,3.1,14.405
574,42,42_ 574,S,0,IDFxm/IDFdk3,4,0.7,13.4,1,0.3,16.75,0,0,0,3.1,14.405
38,43,43_ 38,S,0,IDFxm/IDFdk3,4,0.7,13.4,1,0.3,16.75,0,0,0,3.1,14.405
395,43,43_ 395,S,0,IDFxm/IDFdk3,4,0.7,13.4,1,0.3,16.75,0,0,0,3.1,14.405
5,43,43_ 5,S,0,IDFxm/IDFdk3,4,0.7,13.4,1,0.3,16.75,0,0,0,3.1,14.405
50,43,43_ 50,S,0,IDFxm/IDFdk3,4,0.7,13.4,1,0.3,16.75,0,0,0,3.1,14.405
551,43,43_ 551,S,0,IDFxm/IDFdk3,4,0.7,13.4,1,0.3,16.75,0,0,0,3.1,14.405
568,43,43_ 568,S,0,IDFxm/IDFdk3,4,0.7,13.4,1,0.3,16.75,0,0,0,3.1,14.405
593,43,43_ 593,S,0,IDFxm/IDFdk3,4,0.7,13.4,1,0.3,16.75,0,0,0,3.1,14.405
563,44,44_ 563,S,0,IDFxm,1,0.8,16.4,4,0.2,14.8,0,0,0,1.6,16.08
103,46,46_ 103,S,0,IDFxm,1,0.8,16.4,4,0.2,14.8,0,0,0,1.6,16.08
60,46,46_ 60,S,0,IDFxm,1,0.8,16.4,4,0.2,14.8,0,0,0,1.6,16.08
230,48,48_ 230,S,0,IDFxm/IDFdk3,1,1,16.75,0,0,0,0,0,0,1,16.75
438,48,48_ 438,S,6000,IDFxm,1,0.6,16.4,4,0.4,14.8,0,0,0,2.2,15.76
182,49,49_ 182,S,0,IDFxm,1,0.8,16.4,4,0.2,14.8,0,0,0,1.6,16.08
220,49,49_ 220,S,0,IDFxm,1,0.8,16.4,4,0.2,14.8,0,0,0,1.6,16.08
241,49,49_ 241,S,0,IDFxm,1,0.8,16.4,4,0.2,14.8,0,0,0,1.6,16.08
459,49,49_ 459,S,0,IDFxm,1,0.8,16.4,4,0.2,14.8,0,0,0,1.6,16.08
475,49,49_ 475,S,0,IDFxm,1,0.8,16.4,4,0.2,14.8,0,0,0,1.6,16.08
596,49,49_ 596,S,0,IDFxm,1,0.8,16.4,4,0.2,14.8,0,0,0,1.6,16.08
163,5,5_ 163,S,2000,IDFdk3,1,0.6,17.1,4,0.4,12,0,0,0,2.2,15.06
18,5,5_ 18,S,1000,IDFdk3,1,0.6,17.1,4,0.4,12,0,0,0,2.2,15.06
186,5,5_ 186,S,0,IDFdk3,1,0.6,17.1,4,0.4,12,0,0,0,2.2,15.06
219,5,5_ 219,S,0,IDFdk3,1,0.6,17.1,4,0.4,12,0,0,0,2.2,15.06
221,5,5_ 221,S,1000,IDFdk3,1,0.6,17.1,4,0.4,12,0,0,0,2.2,15.06
261,5,5_ 261,S,0,IDFdk3,8,0.6,21.9,1,0.3,17.1,4,0.1,12,5.5,19.47
333,5,5_ 333,S,2000,IDFdk3,8,0.6,21.9,1,0.3,17.1,4,0.1,12,5.5,19.47
34,5,5_ 34,S,0,IDFdk3,1,0.6,17.1,4,0.4,12,0,0,0,2.2,15.06
409,5,5_ 409,S,0,IDFdk3,1,0.6,17.1,4,0.4,12,0,0,0,2.2,15.06
415,5,5_ 415,S,5000,IDFdk3,1,0.6,17.1,4,0.4,12,0,0,0,2.2,15.06
420,5,5_ 420,S,0,IDFdk3,1,0.6,17.1,4,0.4,12,0,0,0,2.2,15.06
477,5,5_ 477,S,0,IDFdk3,8,0.6,21.9,1,0.3,17.1,4,0.1,12,5.5,19.47
562,5,5_ 562,S,0,IDFdk3,1,0.6,17.1,4,0.4,12,0,0,0,2.2,15.06
595,5,5_ 595,S,0,IDFdk3,8,0.6,21.9,1,0.3,17.1,4,0.1,12,5.5,19.47
78,5,5_ 78,S,3000,IDFdk3,1,0.6,17.1,4,0.4,12,0,0,0,2.2,15.06
8,5,5_ 8,S,0,IDFdk3,1,0.6,17.1,4,0.4,12,0,0,0,2.2,15.06
91,5,5_ 91,S,0,IDFdk3,1,0.6,17.1,4,0.4,12,0,0,0,2.2,15.06
93,5,5_ 93,S,6000,IDFdk3,1,0.6,17.1,4,0.4,12,0,0,0,2.2,15.06
325,51,51_ 325,S,0,IDFxm,1,0.6,16.4,4,0.4,14.8,0,0,0,2.2,15.76
232,52,52_ 232,S,1000,IDFxm,1,0.6,16.4,4,0.4,14.8,0,0,0,2.2,15.76
247,52,52_ 247,S,0,IDFxm,1,0.6,16.4,4,0.4,14.8,0,0,0,2.2,15.76
569,52,52_ 569,S,0,IDFxm,1,0.6,16.4,4,0.4,14.8,0,0,0,2.2,15.76
579,52,52_ 579,S,3000,IDFxm,1,0.6,16.4,4,0.4,14.8,0,0,0,2.2,15.76
402,54,54_ 402,S,0,IDFxm,1,0.6,16.4,4,0.4,14.8,0,0,0,2.2,15.76
44,54,54_ 44,S,1000,IDFxm,1,0.6,16.4,4,0.4,14.8,0,0,0,2.2,15.76
119,55,55_ 119,S,2000,IDFxm,1,0.6,16.4,4,0.4,14.8,0,0,0,2.2,15.76
426,55,55_ 426,S,0,IDFxm,1,0.6,16.4,4,0.4,14.8,0,0,0,2.2,15.76
11,57,57_ 11,S,1000,IDFxm,1,1,16.4,0,0,0,0,0,0,1,16.4
134,57,57_ 134,S,0,IDFxm,1,1,16.4,0,0,0,0,0,0,1,16.4
160,57,57_ 160,S,0,IDFxm,1,1,16.4,0,0,0,0,0,0,1,16.4
17,57,57_ 17,S,0,IDFxm,1,1,16.4,0,0,0,0,0,0,1,16.4
24,57,57_ 24,S,15000,IDFxm,1,1,16.4,0,0,0,0,0,0,1,16.4
357,57,57_ 357,S,2000,IDFxm,1,1,16.4,0,0,0,0,0,0,1,16.4
372,57,57_ 372,S,2000,IDFxm,1,1,16.4,0,0,0,0,0,0,1,16.4
374,57,57_ 374,S,1000,IDFxm,1,1,16.4,0,0,0,0,0,0,1,16.4
510,57,57_ 510,S,1000,IDFxm,1,1,16.4,0,0,0,0,0,0,1,16.4
538,57,57_ 538,S,1000,IDFxm,1,1,16.4,0,0,0,0,0,0,1,16.4
55,57,57_ 55,S,6000,IDFxm,1,1,16.4,0,0,0,0,0,0,1,16.4
590,57,57_ 590,S,6000,IDFxm,1,1,16.4,0,0,0,0,0,0,1,16.4
253,58,58_ 253,S,0,IDFxm,1,1,16.4,0,0,0,0,0,0,1,16.4
481,58,58_ 481,S,0,,,,,,,,,,,,
578,6,6_ 578,S,0,IDFdk3,1,0.6,17.1,4,0.4,12,0,0,0,2.2,15.06
591,6,6_ 591,S,0,IDFdk3,1,0.6,17.1,4,0.4,12,0,0,0,2.2,15.06
79,6,6_ 79,S,0,IDFdk3,8,0.6,21.9,1,0.3,17.1,4,0.1,12,5.5,19.47
22,61,61_ 22,S,0,IDFxm,1,1,16.4,0,0,0,0,0,0,1,16.4
23,61,61_ 23,S,1000,IDFxm,1,1,16.4,0,0,0,0,0,0,1,16.4
452,61,61_ 452,S,0,IDFxm,1,1,16.4,0,0,0,0,0,0,1,16.4
293,63,63_ 293,S,1000,IDFxm,8,0.6,18,7,0.4,15,0,0,0,7.6,16.8
349,64,64_ 349,S,0,IDFxm,1,1,16.4,0,0,0,0,0,0,1,16.4
469,64,64_ 469,S,0,IDFxm,1,1,16.4,0,0,0,0,0,0,1,16.4
598,64,64_ 598,S,0,IDFxm,1,1,16.4,0,0,0,0,0,0,1,16.4
213,65,65_ 213,S,0,IDFxm,1,1,16.4,0,0,0,0,0,0,1,16.4
225,65,65_ 225,S,1000,IDFxm,1,1,16.4,0,0,0,0,0,0,1,16.4
234,65,65_ 234,S,0,IDFxm,1,1,16.4,0,0,0,0,0,0,1,16.4
335,65,65_ 335,S,0,IDFxm,1,1,16.4,0,0,0,0,0,0,1,16.4
458,66,66_ 458,S,0,IDFxm,1,1,16.4,0,0,0,0,0,0,1,16.4
533,66,66_ 533,S,0,IDFxm,1,1,16.4,0,0,0,0,0,0,1,16.4
198,67,67_ 198,S,0,IDFxm,1,1,16.4,0,0,0,0,0,0,1,16.4
39,67,67_ 39,S,0,IDFxm,1,1,16.4,0,0,0,0,0,0,1,16.4
516,67,67_ 516,S,0,IDFxm,1,1,16.4,0,0,0,0,0,0,1,16.4
151,68,68_ 151,S,0,IDFxm,1,1,16.4,0,0,0,0,0,0,1,16.4
489,68,68_ 489,S,0,IDFxm,1,1,16.4,0,0,0,0,0,0,1,16.4
204,7,7_ 204,S,0,IDFdk3,1,0.6,17.1,4,0.4,12,0,0,0,2.2,15.06
148,70,70_ 148,S,10000,IDFxm,8,0.6,18,7,0.4,15,0,0,0,7.6,16.8
305,70,70_ 305,S,1000,IDFxm,8,0.6,18,7,0.4,15,0,0,0,7.6,16.8
592,70,70_ 592,S,3000,IDFxm,8,0.6,18,7,0.4,15,0,0,0,7.6,16.8
7,70,70_ 7,S,4000,IDFxm,8,0.6,18,7,0.4,15,0,0,0,7.6,16.8
287,71,71_ 287,S,0,,,,,,,,,,,,
282,73,73_ 282,N,1000,IDFdk3,1,1,17.1,0,0,0,0,0,0,1,17.1
233,75,75_ 233,S,5000,IDFdk3,1,1,17.1,0,0,0,0,0,0,1,17.1
473,75,75_ 473,S,1000,IDFdk3,1,1,17.1,0,0,0,0,0,0,1,17.1
561,75,75_ 561,S,0,IDFdk3,1,1,17.1,0,0,0,0,0,0,1,17.1
123,76,76_ 123,S,25000,IDFdk3,1,1,17.1,0,0,0,0,0,0,1,17.1
136,76,76_ 136,S,0,IDFdk3,1,1,17.1,0,0,0,0,0,0,1,17.1
172,76,76_ 172,S,1000,IDFdk3,1,1,17.1,0,0,0,0,0,0,1,17.1
252,76,76_ 252,S,0,IDFdk3,1,1,17.1,0,0,0,0,0,0,1,17.1
258,76,76_ 258,S,0,IDFdk3,1,1,17.1,0,0,0,0,0,0,1,17.1
269,76,76_ 269,S,4000,IDFdk3,1,1,17.1,0,0,0,0,0,0,1,17.1
327,76,76_ 327,S,2000,IDFdk3,1,1,17.1,0,0,0,0,0,0,1,17.1
339,76,76_ 339,N,3000,IDFdk3,1,1,17.1,0,0,0,0,0,0,1,17.1
359,76,76_ 359,S,11000,IDFdk3,1,1,17.1,0,0,0,0,0,0,1,17.1
367,76,76_ 367,N,5000,IDFdk3,1,1,17.1,0,0,0,0,0,0,1,17.1
441,76,76_ 441,S,0,IDFdk3,1,1,17.1,0,0,0,0,0,0,1,17.1
47,76,76_ 47,S,1000,IDFdk3,1,1,17.1,0,0,0,0,0,0,1,17.1
476,76,76_ 476,S,1000,IDFdk3,1,1,17.1,0,0,0,0,0,0,1,17.1
512,76,76_ 512,S,3000,IDFdk3,1,1,17.1,0,0,0,0,0,0,1,17.1
547,76,76_ 547,S,1000,IDFdk3,1,1,17.1,0,0,0,0,0,0,1,17.1
61,76,76_ 61,S,11000,IDFdk3,1,1,17.1,0,0,0,0,0,0,1,17.1
519,77,77_ 519,N,0,IDFdk3,1,1,17.1,0,0,0,0,0,0,1,17.1
127,8,8_ 127,S,1000,IDFdk3,1,0.6,17.1,4,0.4,12,0,0,0,2.2,15.06
16,8,8_ 16,S,0,IDFdk3,8,0.6,21.9,1,0.3,17.1,4,0.1,12,5.5,19.47
385,8,8_ 385,S,0,IDFdk3,8,0.6,21.9,1,0.3,17.1,4,0.1,12,5.5,19.47
389,8,8_ 389,S,1000,IDFdk3,1,0.6,17.1,4,0.4,12,0,0,0,2.2,15.06
81,8,8_ 81,S,1000,IDFdk3,8,0.6,21.9,1,0.3,17.1,4,0.1,12,5.5,19.47
412,81,81_ 412,S,0,IDFdk3,1,1,17.1,0,0,0,0,0,0,1,17.1
453,81,81_ 453,S,0,IDFdk3,1,1,17.1,0,0,0,0,0,0,1,17.1
482,81,81_ 482,S,0,IDFdk3,1,1,17.1,0,0,0,0,0,0,1,17.1
540,81,81_ 540,S,0,IDFdk3,1,1,17.1,0,0,0,0,0,0,1,17.1
80,81,81_ 80,S,0,IDFdk3,1,1,17.1,0,0,0,0,0,0,1,17.1
298,83,83_ 298,N,48000,IDFdk3,1,1,17.1,0,0,0,0,0,0,1,17.1
527,84,84_ 527,N,2000,IDFdk3,1,1,17.1,0,0,0,0,0,0,1,17.1
12,85,85_ 12,N,10000,IDFdk3,1,1,17.1,0,0,0,0,0,0,1,17.1
176,85,85_ 176,N,0,IDFdk3,1,1,17.1,0,0,0,0,0,0,1,17.1
206,85,85_ 206,N,22000,IDFdk3,1,1,17.1,0,0,0,0,0,0,1,17.1
502,85,85_ 502,N,6000,IDFdk3,1,1,17.1,0,0,0,0,0,0,1,17.1
408,87,87_ 408,N,0,IDFdk3,1,1,17.1,0,0,0,0,0,0,1,17.1
523,87,87_ 523,N,1000,IDFdk3,1,1,17.1,0,0,0,0,0,0,1,17.1
266,88,88_ 266,S,1000,IDFdk3,1,1,17.1,0,0,0,0,0,0,1,17.1
375,88,88_ 375,S,33000,IDFdk3,1,1,17.1,0,0,0,0,0,0,1,17.1
539,88,88_ 539,N,2000,IDFdk3,1,1,17.1,0,0,0,0,0,0,1,17.1
550,88,88_ 550,N,9000,IDFdk3,1,1,17.1,0,0,0,0,0,0,1,17.1
32,89,89_ 32,S,0,IDFdk3,1,0.6,17.1,4,0.4,12,0,0,0,2.2,15.06
456,89,89_ 456,S,0,IDFdk3,1,0.6,17.1,4,0.4,12,0,0,0,2.2,15.06
223,9,9_ 223,S,1000,IDFdk3,1,0.6,17.1,4,0.4,12,0,0,0,2.2,15.06
114,90,90_ 114,S,0,IDFdk3,1,1,17.1,0,0,0,0,0,0,1,17.1
205,90,90_ 205,N,3000,IDFdk3,1,1,17.1,0,0,0,0,0,0,1,17.1
4,91,91_ 4,S,0,IDFdk3,1,0.6,17.1,4,0.4,12,0,0,0,2.2,15.06
417,92,92_ 417,S,0,IDFdk3,1,0.6,17.1,4,0.4,12,0,0,0,2.2,15.06
30,94,94_ 30,S,0,IDFdk3,1,1,17.1,0,0,0,0,0,0,1,17.1
360,94,94_ 360,S,0,IDFdk3,1,1,17.1,0,0,0,0,0,0,1,17.1
442,94,94_ 442,S,0,IDFdk3,1,1,17.1,0,0,0,0,0,0,1,17.1
52,94,94_ 52,S,0,IDFdk3,1,1,17.1,0,0,0,0,0,0,1,17.1
126,95,95_ 126,S,0,IDFdk3,1,1,17.1,0,0,0,0,0,0,1,17.1
224,95,95_ 224,S,0,IDFdk3,1,1,17.1,0,0,0,0,0,0,1,17.1
454,95,95_ 454,S,0,IDFdk3,1,1,17.1,0,0,0,0,0,0,1,17.1
560,95,95_ 560,S,1000,IDFdk3,1,1,17.1,0,0,0,0,0,0,1,17.1
236,98,98_ 236,S,10000,IDFxm/IDFdk3,4,0.7,13.4,1,0.3,16.75,0,0,0,3.1,14.405
361,98,98_ 361,S,1000,IDFxm/IDFdk3,4,0.7,13.4,1,0.3,16.75,0,0,0,3.1,14.405
400,98,98_ 400,S,3000,IDFxm/IDFdk3,4,0.7,13.4,1,0.3,16.75,0,0,0,3.1,14.405
403,98,98_ 403,S,1000,IDFxm/IDFdk3,7,0.8,17.6,6,0.2,15.9,0,0,0,6.8,17.26
416,98,98_ 416,S,1000,IDFxm/IDFdk3,7,0.8,17.6,6,0.2,15.9,0,0,0,6.8,17.26
